{
  "scope": "G",
  "documentation": "** Rev Notes **\nNL ... 01/22/2024 ... Initial Creation\nNL ... 02/28/2024 ... Added AddUpdateAccess, DeleteAccess, Roles, Username, and ViewAccess params to control which functionalities are available for users",
  "version": 1,
  "restricted": false,
  "overridable": true,
  "files": [
    "view.json",
    "thumbnail.png"
  ],
  "attributes": {
    "lastModification": {
      "actor": "nleonard",
      "timestamp": "2024-04-12T20:55:56Z"
    },
    "lastModificationSignature": "a1ab6d4514a937b8d76597ab05913ac4661c6a57e67b3416110f9ccaf23b46a8"
  }
}