{
  "custom": {
    "Status": "Approved"
  },
  "params": {
    "AddUpdateAccess": true,
    "DeleteAccess": true,
    "Roles": "Administrator,Developer",
    "Username": "nleonard",
    "ViewAccess": true
  },
  "propConfig": {
    "custom.Status": {
      "binding": {
        "config": {
          "path": "session.custom.DMfilters.Status"
        },
        "type": "property"
      },
      "persistent": true
    },
    "params.AddUpdateAccess": {
      "paramDirection": "input",
      "persistent": true
    },
    "params.DeleteAccess": {
      "paramDirection": "input",
      "persistent": true
    },
    "params.Roles": {
      "paramDirection": "input",
      "persistent": true
    },
    "params.Username": {
      "paramDirection": "input",
      "persistent": true
    },
    "params.ViewAccess": {
      "paramDirection": "input",
      "persistent": true
    }
  },
  "props": {
    "defaultSize": {
      "width": 400
    }
  },
  "root": {
    "children": [
      {
        "children": [
          {
            "meta": {
              "name": "ImageIcon"
            },
            "position": {
              "basis": "32px",
              "shrink": 0
            },
            "propConfig": {
              "props.path": {
                "binding": {
                  "config": {
                    "path": "session.custom.SelectedDocument.Icon"
                  },
                  "type": "property"
                }
              }
            },
            "props": {
              "style": {
                "classes": "Global/MarginRight"
              }
            },
            "type": "ia.display.icon"
          },
          {
            "children": [
              {
                "events": {
                  "dom": {
                    "onClick": {
                      "config": {
                        "script": "\tif view.params.AddUpdateAccess\n\t\tself.view.getChild(\"root\").custom.DocumentNameEdit \u003d True"
                      },
                      "scope": "G",
                      "type": "script"
                    }
                  }
                },
                "meta": {
                  "name": "DocumentLabel"
                },
                "position": {
                  "grow": 1
                },
                "propConfig": {
                  "position.display": {
                    "binding": {
                      "config": {
                        "expression": "!{/root.custom.DocumentNameEdit}"
                      },
                      "type": "expr"
                    }
                  },
                  "props.text": {
                    "binding": {
                      "config": {
                        "path": "session.custom.SelectedDocument.Name"
                      },
                      "type": "property"
                    }
                  }
                },
                "props": {
                  "style": {
                    "classes": "Global/MarginRight Text/NormalText",
                    "fontWeight": "bold"
                  }
                },
                "type": "ia.display.label"
              },
              {
                "events": {
                  "dom": {
                    "onKeyDown": {
                      "config": {
                        "script": "\tif event.key \u003d\u003d \"Enter\":\n\t\tself.update(self.props.text)"
                      },
                      "scope": "G",
                      "type": "script"
                    }
                  }
                },
                "meta": {
                  "name": "DocumentTextField"
                },
                "position": {
                  "grow": 1
                },
                "propConfig": {
                  "position.display": {
                    "binding": {
                      "config": {
                        "path": "/root.custom.DocumentNameEdit"
                      },
                      "type": "property"
                    }
                  },
                  "props.text": {
                    "binding": {
                      "config": {
                        "path": "session.custom.SelectedDocument.Name"
                      },
                      "type": "property"
                    },
                    "onChange": {
                      "enabled": null,
                      "script": "\tif origin \u003d\u003d \"Browser\":\n\t\tself.update(currentValue.value)"
                    }
                  }
                },
                "props": {
                  "style": {
                    "classes": "TextFields/TextField"
                  }
                },
                "scripts": {
                  "customMethods": [
                    {
                      "name": "update",
                      "params": [
                        "value"
                      ],
                      "script": "\tcolumn \u003d \"name\"\n\tret \u003d gpa.frontEnd.documentManagement.setValue(self, column, value)\n\tif not ret:\n\t\tself.refreshBinding(\"props.text\")\n\tself.view.getChild(\"root\").custom.DocumentNameEdit \u003d False"
                    }
                  ],
                  "extensionFunctions": null,
                  "messageHandlers": []
                },
                "type": "ia.input.text-field"
              }
            ],
            "meta": {
              "name": "Name"
            },
            "position": {
              "grow": 1
            },
            "type": "ia.container.flex"
          },
          {
            "events": {
              "dom": {
                "onClick": {
                  "config": {
                    "script": "\tself.view.getChild(\"root\").custom.DocumentNameEdit \u003d not self.view.getChild(\"root\").custom.DocumentNameEdit"
                  },
                  "scope": "G",
                  "type": "script"
                }
              }
            },
            "meta": {
              "name": "EditIcon"
            },
            "position": {
              "basis": "24px",
              "shrink": 0
            },
            "propConfig": {
              "meta.visible": {
                "binding": {
                  "config": {
                    "expression": "{view.params.AddUpdateAccess} \u0026\u0026 {view.custom.Status} \u003d \u0027Approved\u0027"
                  },
                  "type": "expr"
                }
              }
            },
            "props": {
              "path": "material/edit",
              "style": {
                "classes": "Global/MarginRight",
                "cursor": "pointer"
              }
            },
            "type": "ia.display.icon"
          },
          {
            "events": {
              "dom": {
                "onClick": {
                  "config": {
                    "script": "\tsystem.perspective.closeDock(id\u003d\u0027document\u0027)\n\tsystem.perspective.sendMessage(messageType\u003d\"document-clear\")"
                  },
                  "scope": "G",
                  "type": "script"
                }
              }
            },
            "meta": {
              "name": "CloseIcon"
            },
            "position": {
              "basis": "24px",
              "shrink": 0
            },
            "props": {
              "path": "material/close",
              "style": {
                "classes": "",
                "cursor": "pointer"
              }
            },
            "type": "ia.display.icon"
          }
        ],
        "meta": {
          "name": "Row1"
        },
        "position": {
          "basis": "content",
          "shrink": 0
        },
        "props": {
          "style": {
            "classes": "Global/MarginBottom Global/MarginLeft Global/MarginRight"
          }
        },
        "type": "ia.container.flex"
      },
      {
        "children": [
          {
            "meta": {
              "name": "FolderLabel"
            },
            "position": {
              "grow": 1
            },
            "props": {
              "text": "Folder",
              "textStyle": {
                "classes": "Text/NormalText",
                "fontWeight": "bold"
              }
            },
            "type": "ia.display.label"
          },
          {
            "events": {
              "dom": {
                "onClick": {
                  "config": {
                    "draggable": true,
                    "id": "change-folder",
                    "modal": true,
                    "overlayDismiss": true,
                    "resizable": true,
                    "showCloseIcon": true,
                    "title": "Change Folder",
                    "type": "open",
                    "viewPath": "App/DocumentManager/DocumentManagement/Embedded/Popups/ChangeFolder",
                    "viewportBound": false
                  },
                  "scope": "C",
                  "type": "popup"
                }
              }
            },
            "meta": {
              "name": "EditIcon"
            },
            "position": {
              "basis": "16px",
              "shrink": 0
            },
            "propConfig": {
              "meta.visible": {
                "binding": {
                  "config": {
                    "expression": "{view.params.AddUpdateAccess} \u0026\u0026 {view.custom.Status} \u003d \u0027Approved\u0027"
                  },
                  "type": "expr"
                }
              }
            },
            "props": {
              "path": "material/edit",
              "style": {
                "classes": "Global/MarginRight",
                "cursor": "pointer"
              }
            },
            "type": "ia.display.icon"
          }
        ],
        "meta": {
          "name": "Row2"
        },
        "position": {
          "shrink": 0
        },
        "props": {
          "style": {
            "classes": "Global/MarginBottom Global/MarginLeft Global/MarginRight"
          }
        },
        "type": "ia.container.flex"
      },
      {
        "children": [
          {
            "meta": {
              "name": "SelectedFolderLabel"
            },
            "position": {
              "shrink": 0
            },
            "propConfig": {
              "props.text": {
                "binding": {
                  "config": {
                    "path": "session.custom.DMfilters.Folder.Name"
                  },
                  "type": "property"
                }
              }
            },
            "props": {
              "textStyle": {
                "classes": "Text/SmallText"
              }
            },
            "type": "ia.display.label"
          }
        ],
        "meta": {
          "name": "Row3"
        },
        "position": {
          "shrink": 0
        },
        "props": {
          "style": {
            "classes": "Global/MarginBottom Global/MarginLeft Global/MarginRight"
          }
        },
        "type": "ia.container.flex"
      },
      {
        "children": [
          {
            "meta": {
              "name": "FilenameLabel"
            },
            "position": {
              "shrink": 0
            },
            "props": {
              "text": "Filename",
              "textStyle": {
                "classes": "Text/NormalText",
                "fontWeight": "bold"
              }
            },
            "type": "ia.display.label"
          }
        ],
        "meta": {
          "name": "Row4"
        },
        "position": {
          "shrink": 0
        },
        "props": {
          "style": {
            "classes": "Global/MarginBottom Global/MarginLeft Global/MarginRight"
          }
        },
        "type": "ia.container.flex"
      },
      {
        "children": [
          {
            "meta": {
              "name": "SelectedFilenameLabel"
            },
            "position": {
              "shrink": 0
            },
            "propConfig": {
              "props.text": {
                "binding": {
                  "config": {
                    "path": "session.custom.SelectedDocument.Filename"
                  },
                  "type": "property"
                }
              }
            },
            "props": {
              "textStyle": {
                "classes": "Text/SmallText"
              }
            },
            "type": "ia.display.label"
          }
        ],
        "meta": {
          "name": "Row5"
        },
        "position": {
          "shrink": 0
        },
        "props": {
          "style": {
            "classes": "Global/MarginBottom Global/MarginLeft Global/MarginRight"
          }
        },
        "type": "ia.container.flex"
      },
      {
        "children": [
          {
            "meta": {
              "name": "ExtensionLabel"
            },
            "position": {
              "shrink": 0
            },
            "props": {
              "text": "Extension",
              "textStyle": {
                "classes": "Text/NormalText",
                "fontWeight": "bold"
              }
            },
            "type": "ia.display.label"
          }
        ],
        "meta": {
          "name": "Row6"
        },
        "position": {
          "shrink": 0
        },
        "props": {
          "style": {
            "classes": "Global/MarginBottom Global/MarginLeft Global/MarginRight"
          }
        },
        "type": "ia.container.flex"
      },
      {
        "children": [
          {
            "meta": {
              "name": "SelectedExtensionLabel"
            },
            "position": {
              "shrink": 0
            },
            "propConfig": {
              "props.text": {
                "binding": {
                  "config": {
                    "path": "session.custom.SelectedDocument.Extension"
                  },
                  "type": "property"
                }
              }
            },
            "props": {
              "textStyle": {
                "classes": "Text/SmallText"
              }
            },
            "type": "ia.display.label"
          }
        ],
        "meta": {
          "name": "Row7"
        },
        "position": {
          "shrink": 0
        },
        "props": {
          "style": {
            "classes": "Global/MarginBottom Global/MarginLeft Global/MarginRight"
          }
        },
        "type": "ia.container.flex"
      },
      {
        "children": [
          {
            "meta": {
              "name": "SizeLabel"
            },
            "position": {
              "shrink": 0
            },
            "props": {
              "text": "Size",
              "textStyle": {
                "classes": "Text/NormalText",
                "fontWeight": "bold"
              }
            },
            "type": "ia.display.label"
          }
        ],
        "meta": {
          "name": "Row8"
        },
        "position": {
          "shrink": 0
        },
        "props": {
          "style": {
            "classes": "Global/MarginBottom Global/MarginLeft Global/MarginRight"
          }
        },
        "type": "ia.container.flex"
      },
      {
        "children": [
          {
            "meta": {
              "name": "SelectedSizeLabel"
            },
            "position": {
              "shrink": 0
            },
            "propConfig": {
              "props.text": {
                "binding": {
                  "config": {
                    "path": "session.custom.SelectedDocument.Size"
                  },
                  "type": "property"
                }
              }
            },
            "props": {
              "textStyle": {
                "classes": "Text/SmallText"
              }
            },
            "type": "ia.display.label"
          }
        ],
        "meta": {
          "name": "Row9"
        },
        "position": {
          "shrink": 0
        },
        "props": {
          "style": {
            "classes": "Global/MarginBottom Global/MarginLeft Global/MarginRight"
          }
        },
        "type": "ia.container.flex"
      },
      {
        "children": [
          {
            "meta": {
              "name": "SizeLabel"
            },
            "position": {
              "shrink": 0
            },
            "props": {
              "text": "Version",
              "textStyle": {
                "classes": "Text/NormalText",
                "fontWeight": "bold"
              }
            },
            "type": "ia.display.label"
          }
        ],
        "meta": {
          "name": "Row21"
        },
        "position": {
          "shrink": 0
        },
        "props": {
          "style": {
            "classes": "Global/MarginBottom Global/MarginLeft Global/MarginRight"
          }
        },
        "type": "ia.container.flex"
      },
      {
        "children": [
          {
            "meta": {
              "name": "SelectedSizeLabel"
            },
            "position": {
              "shrink": 0
            },
            "propConfig": {
              "props.text": {
                "binding": {
                  "config": {
                    "path": "session.custom.SelectedDocument.Version"
                  },
                  "type": "property"
                }
              }
            },
            "props": {
              "textStyle": {
                "classes": "Text/SmallText"
              }
            },
            "type": "ia.display.label"
          }
        ],
        "meta": {
          "name": "Row22"
        },
        "position": {
          "shrink": 0
        },
        "props": {
          "style": {
            "classes": "Global/MarginBottom Global/MarginLeft Global/MarginRight"
          }
        },
        "type": "ia.container.flex"
      },
      {
        "children": [
          {
            "meta": {
              "name": "DescriptionLabel"
            },
            "position": {
              "grow": 1
            },
            "props": {
              "text": "Description",
              "textStyle": {
                "classes": "Text/NormalText",
                "fontWeight": "bold"
              }
            },
            "type": "ia.display.label"
          },
          {
            "events": {
              "dom": {
                "onClick": {
                  "config": {
                    "script": "\tself.view.getChild(\"root\").custom.DescriptionEdit \u003d not self.view.getChild(\"root\").custom.DescriptionEdit"
                  },
                  "scope": "G",
                  "type": "script"
                }
              }
            },
            "meta": {
              "name": "EditIcon"
            },
            "position": {
              "basis": "16px",
              "shrink": 0
            },
            "propConfig": {
              "meta.visible": {
                "binding": {
                  "config": {
                    "expression": "{view.params.AddUpdateAccess} \u0026\u0026 {view.custom.Status} \u003d \u0027Approved\u0027"
                  },
                  "type": "expr"
                }
              }
            },
            "props": {
              "path": "material/edit",
              "style": {
                "classes": "Global/MarginRight",
                "cursor": "pointer"
              }
            },
            "type": "ia.display.icon"
          }
        ],
        "meta": {
          "name": "Row10"
        },
        "position": {
          "shrink": 0
        },
        "props": {
          "style": {
            "classes": "Global/MarginBottom Global/MarginLeft Global/MarginRight"
          }
        },
        "type": "ia.container.flex"
      },
      {
        "children": [
          {
            "events": {
              "dom": {
                "onClick": {
                  "config": {
                    "script": "\tif view.params.AddUpdateAccess:\n\t\tself.view.getChild(\"root\").custom.DescriptionEdit \u003d True"
                  },
                  "scope": "G",
                  "type": "script"
                }
              }
            },
            "meta": {
              "name": "DescriptionValueLabel"
            },
            "position": {
              "grow": 1
            },
            "propConfig": {
              "position.display": {
                "binding": {
                  "config": {
                    "expression": "!{/root.custom.DescriptionEdit}"
                  },
                  "type": "expr"
                }
              },
              "props.text": {
                "binding": {
                  "config": {
                    "expression": "coalesce({session.custom.SelectedDocument.Description}, \"---\")"
                  },
                  "type": "expr"
                }
              }
            },
            "props": {
              "textStyle": {
                "classes": "Text/SmallText"
              }
            },
            "type": "ia.display.label"
          },
          {
            "events": {
              "dom": {
                "onKeyDown": {
                  "config": {
                    "script": "\tif event.key \u003d\u003d \"Enter\":\n\t\tself.update(self.props.text)"
                  },
                  "scope": "G",
                  "type": "script"
                }
              }
            },
            "meta": {
              "name": "DescriptionTextArea"
            },
            "position": {
              "grow": 1
            },
            "propConfig": {
              "position.display": {
                "binding": {
                  "config": {
                    "path": "/root.custom.DescriptionEdit"
                  },
                  "type": "property"
                }
              },
              "props.text": {
                "binding": {
                  "config": {
                    "expression": "coalesce({session.custom.SelectedDocument.Description}, \"\")"
                  },
                  "type": "expr"
                },
                "onChange": {
                  "enabled": null,
                  "script": "\tif origin \u003d\u003d \"Browser\":\n\t\tself.update(currentValue.value)"
                }
              }
            },
            "props": {
              "style": {
                "classes": "TextFields/TextField"
              }
            },
            "scripts": {
              "customMethods": [
                {
                  "name": "update",
                  "params": [
                    "value"
                  ],
                  "script": "\tcolumn \u003d \"description\"\n\tret \u003d gpa.frontEnd.documentManagement.setValue(self, column, value)\n\tif not ret:\n\t\tself.refreshBinding(\"props.text\")\n\tself.view.getChild(\"root\").custom.DescriptionEdit \u003d False"
                }
              ],
              "extensionFunctions": null,
              "messageHandlers": []
            },
            "type": "ia.input.text-area"
          }
        ],
        "meta": {
          "name": "Row11"
        },
        "position": {
          "shrink": 0
        },
        "props": {
          "style": {
            "classes": "Global/MarginBottom Global/MarginLeft Global/MarginRight"
          }
        },
        "type": "ia.container.flex"
      },
      {
        "children": [
          {
            "meta": {
              "name": "NotesLabel"
            },
            "position": {
              "grow": 1
            },
            "props": {
              "text": "Notes",
              "textStyle": {
                "classes": "Text/NormalText",
                "fontWeight": "bold"
              }
            },
            "type": "ia.display.label"
          },
          {
            "events": {
              "dom": {
                "onClick": {
                  "config": {
                    "script": "\tself.view.getChild(\"root\").custom.NotesEdit \u003d not self.view.getChild(\"root\").custom.NotesEdit"
                  },
                  "scope": "G",
                  "type": "script"
                }
              }
            },
            "meta": {
              "name": "EditIcon"
            },
            "position": {
              "basis": "16px",
              "shrink": 0
            },
            "propConfig": {
              "meta.visible": {
                "binding": {
                  "config": {
                    "expression": "{view.params.AddUpdateAccess} \u0026\u0026 {view.custom.Status} \u003d \u0027Approved\u0027"
                  },
                  "type": "expr"
                }
              }
            },
            "props": {
              "path": "material/edit",
              "style": {
                "classes": "Global/MarginRight",
                "cursor": "pointer"
              }
            },
            "type": "ia.display.icon"
          }
        ],
        "meta": {
          "name": "Row12"
        },
        "position": {
          "shrink": 0
        },
        "props": {
          "style": {
            "classes": "Global/MarginBottom Global/MarginLeft Global/MarginRight"
          }
        },
        "type": "ia.container.flex"
      },
      {
        "children": [
          {
            "events": {
              "dom": {
                "onClick": {
                  "config": {
                    "script": "\tif view.params.AddUpdateAccess:\n\t\tself.view.getChild(\"root\").custom.NotesEdit \u003d True"
                  },
                  "scope": "G",
                  "type": "script"
                }
              }
            },
            "meta": {
              "name": "NotesValueLabel"
            },
            "position": {
              "grow": 1
            },
            "propConfig": {
              "position.display": {
                "binding": {
                  "config": {
                    "expression": "!{/root.custom.NotesEdit}"
                  },
                  "type": "expr"
                }
              },
              "props.text": {
                "binding": {
                  "config": {
                    "expression": "coalesce({session.custom.SelectedDocument.Notes}, \"---\")"
                  },
                  "type": "expr"
                }
              }
            },
            "props": {
              "textStyle": {
                "classes": "Text/SmallText"
              }
            },
            "type": "ia.display.label"
          },
          {
            "events": {
              "dom": {
                "onKeyDown": {
                  "config": {
                    "script": "\tif event.key \u003d\u003d \"Enter\":\n\t\tself.update(self.props.text)"
                  },
                  "scope": "G",
                  "type": "script"
                }
              }
            },
            "meta": {
              "name": "NotesTextArea"
            },
            "position": {
              "grow": 1
            },
            "propConfig": {
              "position.display": {
                "binding": {
                  "config": {
                    "path": "/root.custom.NotesEdit"
                  },
                  "type": "property"
                }
              },
              "props.text": {
                "binding": {
                  "config": {
                    "expression": "coalesce({session.custom.SelectedDocument.Notes}, \"\")"
                  },
                  "type": "expr"
                },
                "onChange": {
                  "enabled": null,
                  "script": "\tif origin \u003d\u003d \"Browser\":\n\t\tself.update(currentValue.value)"
                }
              }
            },
            "props": {
              "style": {
                "classes": "TextFields/TextField"
              }
            },
            "scripts": {
              "customMethods": [
                {
                  "name": "update",
                  "params": [
                    "value"
                  ],
                  "script": "\tcolumn \u003d \"notes\"\n\tret \u003d gpa.frontEnd.documentManagement.setValue(self, column, value)\n\tif not ret:\n\t\tself.refreshBinding(\"props.text\")\n\tself.view.getChild(\"root\").custom.NotesEdit \u003d False"
                }
              ],
              "extensionFunctions": null,
              "messageHandlers": []
            },
            "type": "ia.input.text-area"
          }
        ],
        "meta": {
          "name": "Row13"
        },
        "position": {
          "shrink": 0
        },
        "props": {
          "style": {
            "classes": "Global/MarginBottom Global/MarginLeft Global/MarginRight"
          }
        },
        "type": "ia.container.flex"
      },
      {
        "children": [
          {
            "meta": {
              "name": "TagLabel"
            },
            "position": {
              "grow": 1
            },
            "props": {
              "text": "Tags",
              "textStyle": {
                "classes": "Text/NormalText",
                "fontWeight": "bold"
              }
            },
            "type": "ia.display.label"
          },
          {
            "events": {
              "dom": {
                "onClick": {
                  "config": {
                    "script": "\tself.view.getChild(\"root\").custom.TagEdit \u003d not self.view.getChild(\"root\").custom.TagEdit"
                  },
                  "scope": "G",
                  "type": "script"
                }
              }
            },
            "meta": {
              "name": "EditIcon"
            },
            "position": {
              "basis": "16px",
              "shrink": 0
            },
            "propConfig": {
              "meta.visible": {
                "binding": {
                  "config": {
                    "expression": "{view.params.AddUpdateAccess} \u0026\u0026 {view.custom.Status} \u003d \u0027Approved\u0027"
                  },
                  "type": "expr"
                }
              }
            },
            "props": {
              "path": "material/edit",
              "style": {
                "classes": "Global/MarginRight",
                "cursor": "pointer"
              }
            },
            "type": "ia.display.icon"
          },
          {
            "events": {
              "dom": {
                "onClick": {
                  "config": {
                    "draggable": true,
                    "id": "tag-create",
                    "modal": true,
                    "overlayDismiss": true,
                    "resizable": true,
                    "showCloseIcon": true,
                    "title": "Create Tag",
                    "type": "open",
                    "viewPath": "App/DocumentManager/DocumentManagement/Embedded/Popups/CreateTag",
                    "viewportBound": false
                  },
                  "scope": "C",
                  "type": "popup"
                }
              }
            },
            "meta": {
              "name": "AddIcon"
            },
            "position": {
              "basis": "16px",
              "shrink": 0
            },
            "propConfig": {
              "meta.visible": {
                "binding": {
                  "config": {
                    "expression": "{view.params.AddUpdateAccess} \u0026\u0026 {view.custom.Status} \u003d \u0027Approved\u0027"
                  },
                  "type": "expr"
                }
              }
            },
            "props": {
              "path": "material/add",
              "style": {
                "classes": "Global/MarginRight",
                "cursor": "pointer"
              }
            },
            "type": "ia.display.icon"
          }
        ],
        "meta": {
          "name": "Row14"
        },
        "position": {
          "shrink": 0
        },
        "props": {
          "style": {
            "classes": "Global/MarginBottom Global/MarginLeft Global/MarginRight"
          }
        },
        "type": "ia.container.flex"
      },
      {
        "children": [
          {
            "meta": {
              "name": "TagValueLabel"
            },
            "position": {
              "shrink": 0
            },
            "propConfig": {
              "position.display": {
                "binding": {
                  "config": {
                    "path": "session.custom.SelectedDocumentTags"
                  },
                  "transforms": [
                    {
                      "code": "\treturn len(value) \u003d\u003d 0",
                      "type": "script"
                    }
                  ],
                  "type": "property"
                }
              }
            },
            "props": {
              "text": "---",
              "textStyle": {
                "classes": "Text/SmallText"
              }
            },
            "type": "ia.display.label"
          }
        ],
        "meta": {
          "name": "Row15"
        },
        "position": {
          "shrink": 0
        },
        "props": {
          "style": {
            "classes": "Global/MarginBottom Global/MarginLeft Global/MarginRight"
          }
        },
        "type": "ia.container.flex"
      },
      {
        "children": [
          {
            "meta": {
              "name": "TagsFlexRepeater"
            },
            "position": {
              "shrink": 0
            },
            "propConfig": {
              "props.elementStyle.paddingRight": {
                "binding": {
                  "config": {
                    "expression": "if({/root.custom.TagEdit}, \"22px\", \"8px\")"
                  },
                  "type": "expr"
                }
              },
              "props.instances": {
                "binding": {
                  "config": {
                    "struct": {
                      "Edit": "{/root.custom.TagEdit}",
                      "selectedDocumentTags": "{session.custom.SelectedDocumentTags}"
                    },
                    "waitOnAll": true
                  },
                  "transforms": [
                    {
                      "code": "\tret \u003d []\n\t\n\tfor row in self.session.custom.SelectedDocumentTags:\n\t\tret.append({\"Tag\":row[\"Tag\"], \"Edit\":value[\"Edit\"]})\n\t\n\treturn ret",
                      "type": "script"
                    }
                  ],
                  "type": "expr-struct"
                }
              }
            },
            "props": {
              "alignContent": "flex-start",
              "alignItems": "flex-start",
              "elementPosition": {
                "basis": "auto",
                "grow": 0,
                "shrink": 0
              },
              "path": "App/DocumentManager/DocumentManagement/Embedded/Tag",
              "useDefaultViewHeight": false,
              "wrap": "wrap"
            },
            "type": "ia.display.flex-repeater"
          }
        ],
        "meta": {
          "name": "Row16"
        },
        "position": {
          "shrink": 0
        },
        "props": {
          "style": {
            "classes": "Global/MarginBottom Global/MarginLeft Global/MarginRight"
          }
        },
        "type": "ia.container.flex"
      },
      {
        "children": [
          {
            "meta": {
              "name": "LastModLabel"
            },
            "position": {
              "shrink": 0
            },
            "props": {
              "text": "Last Modified",
              "textStyle": {
                "classes": "Text/NormalText",
                "fontWeight": "bold"
              }
            },
            "type": "ia.display.label"
          }
        ],
        "meta": {
          "name": "Row17"
        },
        "position": {
          "shrink": 0
        },
        "props": {
          "style": {
            "classes": "Global/MarginBottom Global/MarginLeft Global/MarginRight"
          }
        },
        "type": "ia.container.flex"
      },
      {
        "children": [
          {
            "meta": {
              "name": "LastModValueLabel"
            },
            "position": {
              "shrink": 0
            },
            "propConfig": {
              "props.text": {
                "binding": {
                  "config": {
                    "expression": "try(dateFormat({session.custom.SelectedDocument.Modified}, \"M/d/yy h:mm a\") + \" by \" + {session.custom.SelectedDocument.ModifiedBy}, \"\")"
                  },
                  "type": "expr"
                }
              }
            },
            "props": {
              "textStyle": {
                "classes": "Text/SmallText"
              }
            },
            "type": "ia.display.label"
          }
        ],
        "meta": {
          "name": "Row18"
        },
        "position": {
          "shrink": 0
        },
        "props": {
          "style": {
            "classes": "Global/MarginBottom Global/MarginLeft Global/MarginRight"
          }
        },
        "type": "ia.container.flex"
      },
      {
        "children": [
          {
            "children": [
              {
                "events": {
                  "dom": {
                    "onClick": {
                      "config": {
                        "script": "\tdocumentID \u003d self.session.custom.SelectedDocumentID\n\tgpa.frontEnd.documentManagement.downloadFile(documentID)"
                      },
                      "scope": "G",
                      "type": "script"
                    }
                  }
                },
                "meta": {
                  "name": "EmbeddedView"
                },
                "position": {
                  "basis": "320px"
                },
                "props": {
                  "params": {
                    "BackgroundColor": "value",
                    "Enabled": true,
                    "Hover": true,
                    "IconPath": "material/cloud_download",
                    "IsSelectable": false,
                    "Label": "Download",
                    "Selected": true,
                    "Size": "value",
                    "Type": "value"
                  },
                  "path": "GlobalComponents/Buttons/Button"
                },
                "type": "ia.display.view"
              }
            ],
            "meta": {
              "name": "DownloadButton"
            },
            "position": {
              "basis": "200px"
            },
            "propConfig": {
              "meta.visible": {
                "binding": {
                  "config": {
                    "expression": "{view.custom.Status} \u003d \u0027Approved\u0027"
                  },
                  "type": "expr"
                }
              }
            },
            "props": {
              "style": {
                "classes": "Global/MarginRight"
              }
            },
            "type": "ia.container.flex"
          },
          {
            "children": [
              {
                "events": {
                  "dom": {
                    "onClick": {
                      "config": {
                        "script": "\tdocumentID \u003d self.session.custom.SelectedDocumentID\n\tsystem.perspective.openPopup(id\u003d\"document-view\", view\u003d\"App/DocumentManager/DocumentManagement/Embedded/DocumentViewer\", params\u003d{\"ID\":documentID}, position\u003d{\"top\":\"-50px\", \"bottom\":\"-50px\", \"left\":\"-50px\", \"right\":\"-50px\"}, title\u003d\"View Document\", showCloseIcon\u003dTrue, resizable\u003dFalse, draggable\u003dFalse, modal\u003dTrue, overlayDismiss\u003dTrue, viewportBound\u003dTrue)"
                      },
                      "scope": "G",
                      "type": "script"
                    }
                  }
                },
                "meta": {
                  "name": "EmbeddedView"
                },
                "position": {
                  "basis": "320px"
                },
                "props": {
                  "params": {
                    "BackgroundColor": "value",
                    "Enabled": true,
                    "Hover": true,
                    "IconPath": "material/preview",
                    "IsSelectable": false,
                    "Label": "View",
                    "Selected": true,
                    "Size": "value",
                    "Type": "value"
                  },
                  "path": "GlobalComponents/Buttons/Button"
                },
                "type": "ia.display.view"
              }
            ],
            "meta": {
              "name": "ViewButton"
            },
            "position": {
              "basis": "200px"
            },
            "propConfig": {
              "meta.visible": {
                "binding": {
                  "config": {
                    "expression": "{view.custom.Status} \u003d \u0027Approved\u0027"
                  },
                  "type": "expr"
                }
              }
            },
            "props": {
              "style": {
                "classes": "Global/MarginRight"
              }
            },
            "type": "ia.container.flex"
          },
          {
            "children": [
              {
                "events": {
                  "dom": {
                    "onClick": {
                      "config": {
                        "newTab": true,
                        "page": "/document/{session.custom.SelectedDocumentID}"
                      },
                      "scope": "C",
                      "type": "nav"
                    }
                  }
                },
                "meta": {
                  "name": "EmbeddedView"
                },
                "position": {
                  "basis": "320px"
                },
                "props": {
                  "params": {
                    "BackgroundColor": "value",
                    "Enabled": true,
                    "Hover": true,
                    "IconPath": "material/launch",
                    "IsSelectable": false,
                    "Label": "Open",
                    "Selected": true,
                    "Size": "value",
                    "Type": "value"
                  },
                  "path": "GlobalComponents/Buttons/Button"
                },
                "type": "ia.display.view"
              }
            ],
            "meta": {
              "name": "OpenButton"
            },
            "position": {
              "basis": "200px"
            },
            "propConfig": {
              "meta.visible": {
                "binding": {
                  "config": {
                    "expression": "{view.custom.Status} \u003d \u0027Approved\u0027"
                  },
                  "type": "expr"
                }
              }
            },
            "props": {
              "style": {
                "classes": "Global/MarginRight"
              }
            },
            "type": "ia.container.flex"
          }
        ],
        "meta": {
          "name": "Row19"
        },
        "position": {
          "basis": "40px",
          "shrink": 0
        },
        "props": {
          "style": {
            "classes": "Global/MarginBottom Global/MarginLeft Global/MarginRight"
          }
        },
        "type": "ia.container.flex"
      },
      {
        "children": [
          {
            "children": [
              {
                "events": {
                  "dom": {
                    "onClick": {
                      "config": {
                        "draggable": true,
                        "id": "RemoveButton",
                        "modal": false,
                        "overlayDismiss": false,
                        "resizable": true,
                        "showCloseIcon": true,
                        "type": "open",
                        "viewParams": {
                          "IDDataset": "{/root.custom.IDDataset}"
                        },
                        "viewPath": "App/DocumentManager/DocumentManagement/Embedded/Popups/DeleteFile",
                        "viewportBound": false
                      },
                      "scope": "C",
                      "type": "popup"
                    }
                  }
                },
                "meta": {
                  "name": "EmbeddedView"
                },
                "position": {
                  "basis": "320px"
                },
                "propConfig": {
                  "props.params.Enabled": {
                    "binding": {
                      "config": {
                        "path": "/root.custom.EnableRemoveRevert"
                      },
                      "type": "property"
                    }
                  }
                },
                "props": {
                  "params": {
                    "BackgroundColor": "value",
                    "Hover": true,
                    "IconPath": "material/delete",
                    "IsSelectable": false,
                    "Label": "Remove",
                    "Selected": true,
                    "Size": "value",
                    "Type": "value"
                  },
                  "path": "GlobalComponents/Buttons/Button"
                },
                "type": "ia.display.view"
              }
            ],
            "meta": {
              "name": "RemoveButton"
            },
            "position": {
              "basis": "200px"
            },
            "propConfig": {
              "meta.visible": {
                "binding": {
                  "config": {
                    "expression": "{view.params.DeleteAccess} \u0026\u0026 {view.custom.Status} \u003d \u0027Approved\u0027"
                  },
                  "type": "expr"
                }
              }
            },
            "props": {
              "style": {
                "classes": "Global/MarginRight"
              }
            },
            "type": "ia.container.flex"
          },
          {
            "children": [
              {
                "events": {
                  "dom": {
                    "onClick": {
                      "config": {
                        "draggable": true,
                        "id": "RevertVersionButton",
                        "modal": false,
                        "overlayDismiss": false,
                        "resizable": true,
                        "showCloseIcon": true,
                        "type": "open",
                        "viewParams": {
                          "IDDataset": "{/root.custom.IDDataset}"
                        },
                        "viewPath": "App/DocumentManager/DocumentManagement/Embedded/Popups/RevertVersion",
                        "viewportBound": false
                      },
                      "scope": "C",
                      "type": "popup"
                    }
                  }
                },
                "meta": {
                  "name": "EmbeddedView"
                },
                "position": {
                  "basis": "320px"
                },
                "propConfig": {
                  "props.params.Enabled": {
                    "binding": {
                      "config": {
                        "expression": "{/root.custom.IDDataset}"
                      },
                      "transforms": [
                        {
                          "code": "\tif self.view.getChild(\"root\").custom.EnableRemoveRevert:\n\t\tif value.getRowCount() \u003e 0:\n\t\t\tif value.getValueAt(0, \u0027PreviousID\u0027) not in [None, \u0027\u0027]:\n\t\t\t\treturn True\n\treturn False",
                          "type": "script"
                        }
                      ],
                      "type": "expr"
                    }
                  }
                },
                "props": {
                  "params": {
                    "BackgroundColor": "value",
                    "Hover": true,
                    "IconPath": "material/arrow_back",
                    "IsSelectable": false,
                    "Label": "Revert Version",
                    "Selected": true,
                    "Size": "value",
                    "Type": "value"
                  },
                  "path": "GlobalComponents/Buttons/Button"
                },
                "type": "ia.display.view"
              }
            ],
            "meta": {
              "name": "RevertButton"
            },
            "position": {
              "basis": "200px"
            },
            "propConfig": {
              "meta.visible": {
                "binding": {
                  "config": {
                    "expression": "{view.params.DeleteAccess} \u0026\u0026 {view.custom.Status} \u003d \u0027Approved\u0027"
                  },
                  "type": "expr"
                }
              }
            },
            "type": "ia.container.flex"
          }
        ],
        "meta": {
          "name": "Row20"
        },
        "position": {
          "basis": "40px",
          "shrink": 0
        },
        "props": {
          "style": {
            "classes": "Global/MarginBottom Global/MarginLeft Global/MarginRight"
          }
        },
        "type": "ia.container.flex"
      }
    ],
    "custom": {
      "DescriptionEdit": false,
      "DocumentNameEdit": false,
      "EnableRemoveRevert": true,
      "NotesEdit": false,
      "TagEdit": false
    },
    "meta": {
      "name": "root"
    },
    "propConfig": {
      "custom.IDDataset": {
        "binding": {
          "config": {
            "parameters": {
              "id": "{session.custom.SelectedDocumentID}"
            },
            "queryPath": "app/DocumentManagement/documents/getDocumentsByID"
          },
          "transforms": [
            {
              "code": "\tlogger.generateLoggerMessage(\u0027IDDataset binding\u0027, self.session.custom.SelectedDocumentID)\n\tif value.getRowCount() \u003e 0:\n\t\tname \u003d value.getValueAt(0, \u0027Name\u0027)\n\t\tmodifiedBy \u003d value.getValueAt(0, \u0027ModifiedBy\u0027)\n\t\tfilename \u003d value.getValueAt(0, \u0027Filename\u0027)\n\t\tpreviousID \u003d value.getValueAt(0, \u0027ID\u0027)\n\t\tfolderID \u003d value.getValueAt(0, \u0027FolderID\u0027)\n\t\textension \u003d value.getValueAt(0, \u0027Extension\u0027)\n\t\t\n\t\tnextDocumentDS \u003d mes.documentManagement.sp.getDocuments(None, name, modifiedBy, filename, previousID, folderID, extension, None)\n\t\t\n\t\tif nextDocumentDS.getRowCount() \u003e 0:\n\t\t\n\t\t\t#Get ID of Approved status, will only be one row from the return\n\t\t\tdocumentStatusDS \u003d mes.documentManagement.sp.getDocumentStatus(\u0027Approved\u0027)\n\t\t\tstatusID \u003d documentStatusDS.getValueAt(0, \u0027ID\u0027)\n\t\t\tdocumentStatusID \u003d nextDocumentDS.getValueAt(0, \u0027DocumentStatusID\u0027)\n\t\t\t\n\t\t\t#If future document is in the approved status we want to enable delete and revert functionality otherwise we need to disable them to allow review process\n\t\t\tif documentStatusID \u003d\u003d statusID:\n\t\t\t\tself.custom.EnableRemoveRevert \u003d True\n\t\t\telse:\n\t\t\t\tself.custom.EnableRemoveRevert \u003d False\n\t\telse:\n\t\t\tself.custom.EnableRemoveRevert \u003d True\n\treturn value",
              "type": "script"
            }
          ],
          "type": "query"
        }
      }
    },
    "props": {
      "direction": "column",
      "style": {
        "classes": "Global/MarginAllEmbedded"
      }
    },
    "type": "ia.container.flex"
  }
}