{
  "custom": {},
  "params": {},
  "permissions": {
    "securityLevels": [
      {
        "children": [
          {
            "children": [
              {
                "children": [],
                "name": "Administrator"
              },
              {
                "children": [],
                "name": "Manager"
              }
            ],
            "name": "Roles"
          }
        ],
        "name": "Authenticated"
      }
    ],
    "type": "AnyOf"
  },
  "props": {
    "defaultSize": {
      "height": 986,
      "width": 1774
    }
  },
  "root": {
    "children": [
      {
        "children": [
          {
            "meta": {
              "name": "Label"
            },
            "position": {
              "basis": "32px",
              "grow": 1
            },
            "props": {
              "style": {
                "classes": "Text/Heading"
              },
              "text": "Quality Overview"
            },
            "type": "ia.display.label"
          }
        ],
        "meta": {
          "name": "Header"
        },
        "position": {
          "basis": "42px"
        },
        "type": "ia.container.flex"
      },
      {
        "children": [
          {
            "children": [
              {
                "meta": {
                  "name": "LabResults"
                },
                "position": {
                  "basis": "320px",
                  "grow": 1
                },
                "props": {
                  "params": {
                    "EqPath": "value",
                    "HideTitle": false,
                    "Icon": "",
                    "IconDisplay": true,
                    "Params": {
                      "EqPath": "value",
                      "State": "value",
                      "TagPath": "value",
                      "TagProvider": "value"
                    },
                    "Path": "App/Quality/QualityOverview/Embedded/LabResultsView",
                    "Provider": "value",
                    "SizeBasis": "value",
                    "TagPath": "value",
                    "Title": "Lab Results",
                    "Type": "value",
                    "useDefaultHeight": false,
                    "useDefaultWidth": false
                  },
                  "path": "GlobalComponents/Cards/Card",
                  "style": {
                    "classes": "Global/MarginBottom"
                  }
                },
                "type": "ia.display.view"
              },
              {
                "meta": {
                  "name": "Rejects",
                  "tooltip": {
                    "enabled": true
                  }
                },
                "position": {
                  "basis": "320px",
                  "grow": 1
                },
                "propConfig": {
                  "meta.tooltip.text": {
                    "binding": {
                      "config": {
                        "expression": "\u0027Date Range: \u0027 + {this.props.params.Params.StartTime} + \u0027 - \u0027 + {this.props.params.Params.EndTime}"
                      },
                      "type": "expr"
                    }
                  }
                },
                "props": {
                  "params": {
                    "EqPath": "value",
                    "HideTitle": false,
                    "Icon": "",
                    "IconDisplay": true,
                    "Params": {
                      "EndTime": {
                        "$": [
                          "ts",
                          192,
                          1714145457009
                        ],
                        "$ts": 1714145456737
                      },
                      "EqPath": "value",
                      "StartTime": {
                        "$": [
                          "ts",
                          192,
                          1714145457009
                        ],
                        "$ts": 1714059056737
                      },
                      "State": "value",
                      "TagPath": "value",
                      "TagProvider": "value"
                    },
                    "Path": "App/Quality/QualityOverview/Embedded/Rejects",
                    "Provider": "value",
                    "SizeBasis": "value",
                    "TagPath": "value",
                    "Title": "Quality Test Rejects",
                    "Type": "value",
                    "useDefaultHeight": false,
                    "useDefaultWidth": false
                  },
                  "path": "GlobalComponents/Cards/Card"
                },
                "type": "ia.display.view"
              }
            ],
            "meta": {
              "name": "Col1"
            },
            "position": {
              "basis": "30%",
              "grow": 1
            },
            "props": {
              "direction": "column",
              "style": {
                "classes": "Global/MarginRight"
              }
            },
            "type": "ia.container.flex"
          },
          {
            "children": [
              {
                "meta": {
                  "name": "EmbeddedView"
                },
                "position": {
                  "basis": "320px",
                  "grow": 1
                },
                "props": {
                  "params": {
                    "EqPath": "value",
                    "HideTitle": false,
                    "Icon": "",
                    "IconDisplay": true,
                    "Params": {
                      "EqPath": "value",
                      "State": "value",
                      "TagPath": "value",
                      "TagProvider": "value"
                    },
                    "Path": "App/Quality/QualityOverview/Embedded/ScrapCard",
                    "Provider": "value",
                    "SizeBasis": "value",
                    "TagPath": "value",
                    "Title": "Scrap Information",
                    "Type": "value",
                    "index": "value",
                    "useDefaultHeight": false,
                    "useDefaultWidth": false
                  },
                  "path": "GlobalComponents/Cards/Card"
                },
                "type": "ia.display.view"
              }
            ],
            "meta": {
              "name": "Col2"
            },
            "position": {
              "basis": "60%",
              "grow": 1
            },
            "type": "ia.container.flex"
          }
        ],
        "meta": {
          "name": "Row1"
        },
        "position": {
          "basis": "200px",
          "grow": 1
        },
        "props": {
          "style": {
            "classes": "Global/MarginBottom"
          }
        },
        "type": "ia.container.flex"
      },
      {
        "children": [
          {
            "children": [
              {
                "meta": {
                  "name": "Scrap"
                },
                "position": {
                  "basis": "320px",
                  "grow": 1
                },
                "props": {
                  "params": {
                    "EqPath": "value",
                    "HideTitle": false,
                    "Icon": "",
                    "IconDisplay": true,
                    "Params": {
                      "EqPath": "value",
                      "State": "value",
                      "TagPath": "value",
                      "TagProvider": "value"
                    },
                    "Path": "",
                    "Provider": "value",
                    "SizeBasis": "value",
                    "TagPath": "value",
                    "Title": "Top 5 Losses By Type (Scrap)",
                    "Type": "value",
                    "useDefaultHeight": false,
                    "useDefaultWidth": false
                  },
                  "path": "GlobalComponents/Cards/Card"
                },
                "type": "ia.display.view"
              }
            ],
            "meta": {
              "name": "Col1"
            },
            "position": {
              "basis": "40%",
              "grow": 1
            },
            "props": {
              "style": {
                "classes": "Global/MarginRight"
              }
            },
            "type": "ia.container.flex"
          },
          {
            "children": [
              {
                "meta": {
                  "name": "OpenEvents"
                },
                "position": {
                  "basis": "320px",
                  "grow": 1
                },
                "props": {
                  "params": {
                    "EqPath": "value",
                    "HideTitle": false,
                    "Icon": "",
                    "IconDisplay": true,
                    "Params": {
                      "EqPath": "value",
                      "State": "value",
                      "TagPath": "value",
                      "TagProvider": "value"
                    },
                    "Path": "",
                    "Provider": "value",
                    "SizeBasis": "value",
                    "TagPath": "value",
                    "Title": "Open Events",
                    "Type": "value",
                    "useDefaultHeight": false,
                    "useDefaultWidth": false
                  },
                  "path": "GlobalComponents/Cards/Card"
                },
                "type": "ia.display.view"
              }
            ],
            "meta": {
              "name": "Col2"
            },
            "position": {
              "basis": "60%",
              "grow": 1
            },
            "type": "ia.container.flex"
          }
        ],
        "meta": {
          "name": "Row2",
          "visible": false
        },
        "position": {
          "basis": "200px",
          "display": false,
          "grow": 1
        },
        "props": {
          "style": {
            "classes": "Global/MarginBottom"
          }
        },
        "type": "ia.container.flex"
      }
    ],
    "meta": {
      "name": "root"
    },
    "props": {
      "direction": "column",
      "style": {
        "classes": "Global/MarginAll"
      }
    },
    "type": "ia.container.flex"
  }
}