{
  "custom": {
    "Notes": "",
    "ReasonID": "",
    "Reasons": {
      "$": [
        "ds",
        192,
        1686251301825
      ],
      "$columns": [
        {
          "data": [
            2,
            1,
            3,
            4
          ],
          "name": "ID",
          "type": "Integer"
        },
        {
          "data": [
            "Damaged",
            "Discolored",
            "Edge Misalignment",
            "Thickness Variance"
          ],
          "name": "Name",
          "type": "String"
        }
      ]
    },
    "SeverityID": "",
    "TestID": ""
  },
  "params": {
    "TestID": ""
  },
  "propConfig": {
    "custom.Notes": {
      "binding": {
        "config": {
          "path": "/root/FlexContainer/Main/Left/NotesValue.props.text"
        },
        "type": "property"
      },
      "persistent": true
    },
    "custom.ReasonID": {
      "binding": {
        "config": {
          "path": "/root/FlexContainer/Main/Left/ReasonValue.props.value"
        },
        "type": "property"
      },
      "persistent": true
    },
    "custom.Reasons": {
      "binding": {
        "config": {
          "expression": "runscript(\u0027mes.quality.sp.getNonConformanceReasons\u0027, 0, {session.custom.SelectedSite})"
        },
        "type": "expr"
      },
      "persistent": true
    },
    "custom.SeverityID": {
      "binding": {
        "config": {
          "path": "/root/FlexContainer/Main/Left/SeverityValue.props.value"
        },
        "type": "property"
      },
      "persistent": true
    },
    "custom.TestID": {
      "binding": {
        "config": {
          "path": "view.params.TestID"
        },
        "type": "property"
      },
      "persistent": true
    },
    "params.TestID": {
      "paramDirection": "input",
      "persistent": true
    }
  },
  "props": {
    "defaultSize": {
      "height": 535,
      "width": 1006
    }
  },
  "root": {
    "children": [
      {
        "children": [
          {
            "children": [
              {
                "children": [
                  {
                    "meta": {
                      "name": "ReasonLabel"
                    },
                    "props": {
                      "style": {
                        "classes": "Global/MarginBottom Global/MarginLeft TextFields/Root TextFields/TextTitle"
                      },
                      "text": "Reason:",
                      "textStyle": {
                        "classes": "TextFields/TextTitle",
                        "textAlign": "left"
                      }
                    },
                    "type": "ia.display.label"
                  },
                  {
                    "custom": {
                      "selectedCode": "Select..."
                    },
                    "meta": {
                      "name": "ReasonValue"
                    },
                    "position": {
                      "basis": "30px"
                    },
                    "propConfig": {
                      "props.options": {
                        "binding": {
                          "config": {
                            "expression": "runscript(\u0027mes.quality.sp.getNonConformanceReasons\u0027, 0, {session.custom.SelectedSite})"
                          },
                          "transforms": [
                            {
                              "code": "\t#options \u003d [{ \"label\": \"All\", \"value\": \"\"  }]\n\toptions \u003d []\n\tpydata \u003d system.dataset.toPyDataSet(value)\n\t\n\tfor row in pydata:\n\t\tlabel \u003d row[\"Name\"]\n\t\tvalue \u003d row[\"ID\"]\n\t\toptions.append({ \"label\": label, \"value\": value })\n\t\t\n\treturn options\n\t\t",
                              "type": "script"
                            }
                          ],
                          "type": "expr"
                        }
                      }
                    },
                    "props": {
                      "placeholder": {
                        "icon": {
                          "path": "material/search"
                        },
                        "text": ""
                      },
                      "style": {
                        "classes": "TextFields/Dropdown",
                        "marginBottom": "10px",
                        "marginTop": "10px",
                        "overflow": "hidden"
                      }
                    },
                    "type": "ia.input.dropdown"
                  },
                  {
                    "meta": {
                      "name": "SeverityLabel"
                    },
                    "props": {
                      "style": {
                        "classes": "Global/MarginBottom Global/MarginLeft TextFields/Root TextFields/TextTitle"
                      },
                      "text": "Severity:",
                      "textStyle": {
                        "classes": "TextFields/TextTitle",
                        "textAlign": "left"
                      }
                    },
                    "type": "ia.display.label"
                  },
                  {
                    "custom": {
                      "selectedCode": "Select..."
                    },
                    "meta": {
                      "name": "SeverityValue"
                    },
                    "position": {
                      "basis": "30px"
                    },
                    "propConfig": {
                      "props.options": {
                        "binding": {
                          "config": {
                            "expression": "runscript(\u0027mes.quality.sp.getSeverities\u0027, 0, {session.custom.SelectedSite})"
                          },
                          "transforms": [
                            {
                              "code": "\t#options \u003d [{ \"label\": \"All\", \"value\": \"\"  }]\n\toptions \u003d []\n\tpydata \u003d system.dataset.toPyDataSet(value)\n\t\n\tfor row in pydata:\n\t\tlabel \u003d row[\"Name\"]\n\t\tvalue \u003d row[\"ID\"]\n\t\toptions.append({ \"label\": label, \"value\": value })\n\t\t\n\treturn options\n\t\t",
                              "type": "script"
                            }
                          ],
                          "type": "expr"
                        }
                      }
                    },
                    "props": {
                      "placeholder": {
                        "icon": {
                          "path": "material/search"
                        },
                        "text": ""
                      },
                      "style": {
                        "classes": "TextFields/Dropdown",
                        "marginBottom": "10px",
                        "marginTop": "10px",
                        "overflow": "hidden"
                      }
                    },
                    "type": "ia.input.dropdown"
                  },
                  {
                    "meta": {
                      "name": "NotesLabel"
                    },
                    "props": {
                      "style": {
                        "classes": "Global/MarginBottom Global/MarginLeft TextFields/Root TextFields/TextTitle"
                      },
                      "text": "Notes:",
                      "textStyle": {
                        "classes": "TextFields/TextTitle",
                        "textAlign": "left"
                      }
                    },
                    "type": "ia.display.label"
                  },
                  {
                    "meta": {
                      "name": "NotesValue"
                    },
                    "position": {
                      "basis": "160px",
                      "grow": 1
                    },
                    "props": {
                      "style": {
                        "classes": "Global/MarginAll"
                      }
                    },
                    "type": "ia.input.text-area"
                  }
                ],
                "meta": {
                  "name": "Left"
                },
                "position": {
                  "basis": "30%"
                },
                "props": {
                  "direction": "column"
                },
                "type": "ia.container.flex"
              },
              {
                "meta": {
                  "name": "Table"
                },
                "position": {
                  "grow": 1
                },
                "propConfig": {
                  "props.data": {
                    "binding": {
                      "config": {
                        "expression": "runscript(\u0027mes.quality.sp.getNonConformanceReports\u0027, 0, \r\nif({view.custom.TestID} \u003d \"\" || {view.custom.TestID} \u003d \"None\", None, {view.custom.TestID}),\r\nif({view.custom.ReasonID} \u003d \"\" || {view.custom.ReasonID} \u003d \"None\", None, {view.custom.ReasonID}),\r\nif({view.custom.SeverityID} \u003d \"\" || {view.custom.SeverityID} \u003d \"None\", None, {view.custom.SeverityID}),\r\nNone,\r\nNone,\r\nNone\r\n)\r\n///getNonConformanceReports(TestID \u003d None, SeverityID \u003d None, ReasonID \u003d None, ProductCodeID \u003d None, MaterialLotID \u003d None, StartDate \u003d None, EndDate \u003d None)"
                      },
                      "type": "expr"
                    }
                  }
                },
                "props": {
                  "columns": [
                    {
                      "align": "center",
                      "boolean": "checkbox",
                      "dateFormat": "MM/DD/YYYY",
                      "editable": false,
                      "field": "TestID",
                      "filter": {
                        "boolean": {
                          "condition": ""
                        },
                        "date": {
                          "condition": "",
                          "value": ""
                        },
                        "enabled": false,
                        "number": {
                          "condition": "",
                          "value": ""
                        },
                        "string": {
                          "condition": "",
                          "value": ""
                        },
                        "visible": "on-hover"
                      },
                      "footer": {
                        "align": "center",
                        "justify": "left",
                        "style": {
                          "classes": ""
                        },
                        "title": ""
                      },
                      "header": {
                        "align": "center",
                        "justify": "left",
                        "style": {
                          "classes": ""
                        },
                        "title": ""
                      },
                      "justify": "auto",
                      "nullFormat": {
                        "includeNullStrings": false,
                        "nullFormatValue": "",
                        "strict": false
                      },
                      "number": "value",
                      "numberFormat": "0,0.##",
                      "progressBar": {
                        "bar": {
                          "color": "",
                          "style": {
                            "classes": ""
                          }
                        },
                        "max": 100,
                        "min": 0,
                        "track": {
                          "color": "",
                          "style": {
                            "classes": ""
                          }
                        },
                        "value": {
                          "enabled": true,
                          "format": "0,0.##",
                          "justify": "center",
                          "style": {
                            "classes": ""
                          }
                        }
                      },
                      "render": "auto",
                      "resizable": true,
                      "sort": "none",
                      "sortable": true,
                      "strictWidth": false,
                      "style": {
                        "classes": ""
                      },
                      "toggleSwitch": {
                        "color": {
                          "selected": "",
                          "unselected": ""
                        }
                      },
                      "viewParams": {},
                      "viewPath": "",
                      "visible": true,
                      "width": ""
                    },
                    {
                      "align": "center",
                      "boolean": "checkbox",
                      "dateFormat": "MM/DD/YYYY",
                      "editable": false,
                      "field": "NonConformanceReasonID",
                      "filter": {
                        "boolean": {
                          "condition": ""
                        },
                        "date": {
                          "condition": "",
                          "value": ""
                        },
                        "enabled": false,
                        "number": {
                          "condition": "",
                          "value": ""
                        },
                        "string": {
                          "condition": "",
                          "value": ""
                        },
                        "visible": "on-hover"
                      },
                      "footer": {
                        "align": "center",
                        "justify": "left",
                        "style": {
                          "classes": ""
                        },
                        "title": ""
                      },
                      "header": {
                        "align": "center",
                        "justify": "left",
                        "style": {
                          "classes": ""
                        },
                        "title": ""
                      },
                      "justify": "auto",
                      "nullFormat": {
                        "includeNullStrings": false,
                        "nullFormatValue": "",
                        "strict": false
                      },
                      "number": "value",
                      "numberFormat": "0,0.##",
                      "progressBar": {
                        "bar": {
                          "color": "",
                          "style": {
                            "classes": ""
                          }
                        },
                        "max": 100,
                        "min": 0,
                        "track": {
                          "color": "",
                          "style": {
                            "classes": ""
                          }
                        },
                        "value": {
                          "enabled": true,
                          "format": "0,0.##",
                          "justify": "center",
                          "style": {
                            "classes": ""
                          }
                        }
                      },
                      "render": "auto",
                      "resizable": true,
                      "sort": "none",
                      "sortable": true,
                      "strictWidth": false,
                      "style": {
                        "classes": ""
                      },
                      "toggleSwitch": {
                        "color": {
                          "selected": "",
                          "unselected": ""
                        }
                      },
                      "viewParams": {},
                      "viewPath": "",
                      "visible": false,
                      "width": ""
                    },
                    {
                      "align": "center",
                      "boolean": "checkbox",
                      "dateFormat": "MM/DD/YYYY",
                      "editable": false,
                      "field": "SeverityID",
                      "filter": {
                        "boolean": {
                          "condition": ""
                        },
                        "date": {
                          "condition": "",
                          "value": ""
                        },
                        "enabled": false,
                        "number": {
                          "condition": "",
                          "value": ""
                        },
                        "string": {
                          "condition": "",
                          "value": ""
                        },
                        "visible": "on-hover"
                      },
                      "footer": {
                        "align": "center",
                        "justify": "left",
                        "style": {
                          "classes": ""
                        },
                        "title": ""
                      },
                      "header": {
                        "align": "center",
                        "justify": "left",
                        "style": {
                          "classes": ""
                        },
                        "title": ""
                      },
                      "justify": "auto",
                      "nullFormat": {
                        "includeNullStrings": false,
                        "nullFormatValue": "",
                        "strict": false
                      },
                      "number": "value",
                      "numberFormat": "0,0.##",
                      "progressBar": {
                        "bar": {
                          "color": "",
                          "style": {
                            "classes": ""
                          }
                        },
                        "max": 100,
                        "min": 0,
                        "track": {
                          "color": "",
                          "style": {
                            "classes": ""
                          }
                        },
                        "value": {
                          "enabled": true,
                          "format": "0,0.##",
                          "justify": "center",
                          "style": {
                            "classes": ""
                          }
                        }
                      },
                      "render": "auto",
                      "resizable": true,
                      "sort": "none",
                      "sortable": true,
                      "strictWidth": false,
                      "style": {
                        "classes": ""
                      },
                      "toggleSwitch": {
                        "color": {
                          "selected": "",
                          "unselected": ""
                        }
                      },
                      "viewParams": {},
                      "viewPath": "",
                      "visible": false,
                      "width": ""
                    },
                    {
                      "align": "center",
                      "boolean": "checkbox",
                      "dateFormat": "MM/DD/YYYY",
                      "editable": false,
                      "field": "Notes",
                      "filter": {
                        "boolean": {
                          "condition": ""
                        },
                        "date": {
                          "condition": "",
                          "value": ""
                        },
                        "enabled": false,
                        "number": {
                          "condition": "",
                          "value": ""
                        },
                        "string": {
                          "condition": "",
                          "value": ""
                        },
                        "visible": "on-hover"
                      },
                      "footer": {
                        "align": "center",
                        "justify": "left",
                        "style": {
                          "classes": ""
                        },
                        "title": ""
                      },
                      "header": {
                        "align": "center",
                        "justify": "left",
                        "style": {
                          "classes": ""
                        },
                        "title": ""
                      },
                      "justify": "auto",
                      "nullFormat": {
                        "includeNullStrings": false,
                        "nullFormatValue": "",
                        "strict": false
                      },
                      "number": "value",
                      "numberFormat": "0,0.##",
                      "progressBar": {
                        "bar": {
                          "color": "",
                          "style": {
                            "classes": ""
                          }
                        },
                        "max": 100,
                        "min": 0,
                        "track": {
                          "color": "",
                          "style": {
                            "classes": ""
                          }
                        },
                        "value": {
                          "enabled": true,
                          "format": "0,0.##",
                          "justify": "center",
                          "style": {
                            "classes": ""
                          }
                        }
                      },
                      "render": "auto",
                      "resizable": true,
                      "sort": "none",
                      "sortable": true,
                      "strictWidth": false,
                      "style": {
                        "classes": ""
                      },
                      "toggleSwitch": {
                        "color": {
                          "selected": "",
                          "unselected": ""
                        }
                      },
                      "viewParams": {},
                      "viewPath": "",
                      "visible": true,
                      "width": ""
                    },
                    {
                      "align": "center",
                      "boolean": "checkbox",
                      "dateFormat": "MM/DD/YYYY",
                      "editable": false,
                      "field": "ProductCode",
                      "filter": {
                        "boolean": {
                          "condition": ""
                        },
                        "date": {
                          "condition": "",
                          "value": ""
                        },
                        "enabled": false,
                        "number": {
                          "condition": "",
                          "value": ""
                        },
                        "string": {
                          "condition": "",
                          "value": ""
                        },
                        "visible": "on-hover"
                      },
                      "footer": {
                        "align": "center",
                        "justify": "left",
                        "style": {
                          "classes": ""
                        },
                        "title": ""
                      },
                      "header": {
                        "align": "center",
                        "justify": "left",
                        "style": {
                          "classes": ""
                        },
                        "title": ""
                      },
                      "justify": "auto",
                      "nullFormat": {
                        "includeNullStrings": false,
                        "nullFormatValue": "",
                        "strict": false
                      },
                      "number": "value",
                      "numberFormat": "0,0.##",
                      "progressBar": {
                        "bar": {
                          "color": "",
                          "style": {
                            "classes": ""
                          }
                        },
                        "max": 100,
                        "min": 0,
                        "track": {
                          "color": "",
                          "style": {
                            "classes": ""
                          }
                        },
                        "value": {
                          "enabled": true,
                          "format": "0,0.##",
                          "justify": "center",
                          "style": {
                            "classes": ""
                          }
                        }
                      },
                      "render": "auto",
                      "resizable": true,
                      "sort": "none",
                      "sortable": true,
                      "strictWidth": false,
                      "style": {
                        "classes": ""
                      },
                      "toggleSwitch": {
                        "color": {
                          "selected": "",
                          "unselected": ""
                        }
                      },
                      "viewParams": {},
                      "viewPath": "",
                      "visible": true,
                      "width": ""
                    },
                    {
                      "align": "center",
                      "boolean": "checkbox",
                      "dateFormat": "MM/DD/YYYY",
                      "editable": false,
                      "field": "Label",
                      "filter": {
                        "boolean": {
                          "condition": ""
                        },
                        "date": {
                          "condition": "",
                          "value": ""
                        },
                        "enabled": false,
                        "number": {
                          "condition": "",
                          "value": ""
                        },
                        "string": {
                          "condition": "",
                          "value": ""
                        },
                        "visible": "on-hover"
                      },
                      "footer": {
                        "align": "center",
                        "justify": "left",
                        "style": {
                          "classes": ""
                        },
                        "title": ""
                      },
                      "header": {
                        "align": "center",
                        "justify": "left",
                        "style": {
                          "classes": ""
                        },
                        "title": ""
                      },
                      "justify": "auto",
                      "nullFormat": {
                        "includeNullStrings": false,
                        "nullFormatValue": "",
                        "strict": false
                      },
                      "number": "value",
                      "numberFormat": "0,0.##",
                      "progressBar": {
                        "bar": {
                          "color": "",
                          "style": {
                            "classes": ""
                          }
                        },
                        "max": 100,
                        "min": 0,
                        "track": {
                          "color": "",
                          "style": {
                            "classes": ""
                          }
                        },
                        "value": {
                          "enabled": true,
                          "format": "0,0.##",
                          "justify": "center",
                          "style": {
                            "classes": ""
                          }
                        }
                      },
                      "render": "auto",
                      "resizable": true,
                      "sort": "none",
                      "sortable": true,
                      "strictWidth": false,
                      "style": {
                        "classes": ""
                      },
                      "toggleSwitch": {
                        "color": {
                          "selected": "",
                          "unselected": ""
                        }
                      },
                      "viewParams": {},
                      "viewPath": "",
                      "visible": true,
                      "width": ""
                    },
                    {
                      "align": "center",
                      "boolean": "checkbox",
                      "dateFormat": "MM/DD/YYYY",
                      "editable": false,
                      "field": "DateCreated",
                      "filter": {
                        "boolean": {
                          "condition": ""
                        },
                        "date": {
                          "condition": "",
                          "value": ""
                        },
                        "enabled": false,
                        "number": {
                          "condition": "",
                          "value": ""
                        },
                        "string": {
                          "condition": "",
                          "value": ""
                        },
                        "visible": "on-hover"
                      },
                      "footer": {
                        "align": "center",
                        "justify": "left",
                        "style": {
                          "classes": ""
                        },
                        "title": ""
                      },
                      "header": {
                        "align": "center",
                        "justify": "left",
                        "style": {
                          "classes": ""
                        },
                        "title": ""
                      },
                      "justify": "auto",
                      "nullFormat": {
                        "includeNullStrings": false,
                        "nullFormatValue": "",
                        "strict": false
                      },
                      "number": "value",
                      "numberFormat": "0,0.##",
                      "progressBar": {
                        "bar": {
                          "color": "",
                          "style": {
                            "classes": ""
                          }
                        },
                        "max": 100,
                        "min": 0,
                        "track": {
                          "color": "",
                          "style": {
                            "classes": ""
                          }
                        },
                        "value": {
                          "enabled": true,
                          "format": "0,0.##",
                          "justify": "center",
                          "style": {
                            "classes": ""
                          }
                        }
                      },
                      "render": "auto",
                      "resizable": true,
                      "sort": "none",
                      "sortable": true,
                      "strictWidth": false,
                      "style": {
                        "classes": ""
                      },
                      "toggleSwitch": {
                        "color": {
                          "selected": "",
                          "unselected": ""
                        }
                      },
                      "viewParams": {},
                      "viewPath": "",
                      "visible": true,
                      "width": ""
                    },
                    {
                      "align": "center",
                      "boolean": "checkbox",
                      "dateFormat": "MM/DD/YYYY",
                      "editable": false,
                      "field": "DateModified",
                      "filter": {
                        "boolean": {
                          "condition": ""
                        },
                        "date": {
                          "condition": "",
                          "value": ""
                        },
                        "enabled": false,
                        "number": {
                          "condition": "",
                          "value": ""
                        },
                        "string": {
                          "condition": "",
                          "value": ""
                        },
                        "visible": "on-hover"
                      },
                      "footer": {
                        "align": "center",
                        "justify": "left",
                        "style": {
                          "classes": ""
                        },
                        "title": ""
                      },
                      "header": {
                        "align": "center",
                        "justify": "left",
                        "style": {
                          "classes": ""
                        },
                        "title": ""
                      },
                      "justify": "auto",
                      "nullFormat": {
                        "includeNullStrings": false,
                        "nullFormatValue": "",
                        "strict": false
                      },
                      "number": "value",
                      "numberFormat": "0,0.##",
                      "progressBar": {
                        "bar": {
                          "color": "",
                          "style": {
                            "classes": ""
                          }
                        },
                        "max": 100,
                        "min": 0,
                        "track": {
                          "color": "",
                          "style": {
                            "classes": ""
                          }
                        },
                        "value": {
                          "enabled": true,
                          "format": "0,0.##",
                          "justify": "center",
                          "style": {
                            "classes": ""
                          }
                        }
                      },
                      "render": "auto",
                      "resizable": true,
                      "sort": "none",
                      "sortable": true,
                      "strictWidth": false,
                      "style": {
                        "classes": ""
                      },
                      "toggleSwitch": {
                        "color": {
                          "selected": "",
                          "unselected": ""
                        }
                      },
                      "viewParams": {},
                      "viewPath": "",
                      "visible": true,
                      "width": ""
                    }
                  ],
                  "emptyMessage": {
                    "noData": {
                      "text": "No data found...."
                    }
                  },
                  "style": {
                    "classes": "Global/MarginAll"
                  }
                },
                "scripts": {
                  "customMethods": [],
                  "extensionFunctions": null,
                  "messageHandlers": [
                    {
                      "messageType": "conformanceReportRefresh",
                      "pageScope": true,
                      "script": "\tself.refreshBinding(\u0027props.data\u0027)",
                      "sessionScope": true,
                      "viewScope": true
                    }
                  ]
                },
                "type": "ia.display.table"
              }
            ],
            "meta": {
              "name": "Main"
            },
            "position": {
              "grow": 1
            },
            "props": {
              "style": {
                "classes": "Global/MarginAll"
              }
            },
            "type": "ia.container.flex"
          },
          {
            "children": [
              {
                "children": [
                  {
                    "events": {
                      "dom": {
                        "onClick": {
                          "config": {
                            "script": "\tTestID \u003d self.view.custom.TestID\n\tReasonID \u003d self.view.custom.ReasonID\n\tSeverityID \u003d self.view.custom.SeverityID\n\tNotes \u003d self.view.custom.Notes\n\t\n\t\n\tmes.quality.sp.insertNonConformanceReport(TestID \u003d TestID, ReasonID \u003d ReasonID, SeverityID \u003d SeverityID, Notes \u003d Notes)\n\t\n\tmessageType \u003d \u0027conformanceReport\u0027\n\tpayload \u003d {}\n\tsystem.perspective.sendMessage(messageType, payload, view \u003d \u0027session\u0027)\n\tmessageType \u003d \u0027conformanceReportRefresh\u0027\n\tpayload \u003d {}\n\tsystem.perspective.sendMessage(messageType, payload, view \u003d \u0027session\u0027)"
                          },
                          "scope": "G",
                          "type": "script"
                        }
                      }
                    },
                    "meta": {
                      "name": "SaveButton"
                    },
                    "position": {
                      "grow": 1
                    },
                    "propConfig": {
                      "position.display": {
                        "binding": {
                          "config": {
                            "expression": "if({view.custom.ReasonID} \u003d \u0027\u0027|| {view.custom.ReasonID} \u003d None||\r\n{view.custom.SeverityID} \u003d \u0027\u0027|| {view.custom.SeverityID} \u003d None, false, true)"
                          },
                          "type": "expr"
                        }
                      }
                    },
                    "props": {
                      "params": {
                        "Label": "Save",
                        "backgroundColor": "value",
                        "disabledPopup": {
                          "message": "Please sign in as quarterback to proceed.",
                          "messageType": "",
                          "payload": {},
                          "title": "Invalid Permissions"
                        },
                        "enabled": true,
                        "hover": true,
                        "iconPath": "material/add",
                        "isSelectable": false,
                        "label": "Add",
                        "selected": true,
                        "size": "142px",
                        "type": "normalsuccess"
                      },
                      "path": "GlobalComponents/Buttons/Button",
                      "style": {
                        "marginRight": "8px"
                      }
                    },
                    "type": "ia.display.view"
                  }
                ],
                "meta": {
                  "name": "Save"
                },
                "position": {
                  "basis": "50%",
                  "grow": 1
                },
                "type": "ia.container.flex"
              },
              {
                "children": [
                  {
                    "events": {
                      "dom": {
                        "onClick": {
                          "config": {
                            "script": "\tmessageType \u003d \u0027conformanceReport\u0027\n\tpayload \u003d {}\n\tsystem.perspective.sendMessage(messageType, payload, view \u003d \u0027session\u0027)"
                          },
                          "scope": "G",
                          "type": "script"
                        }
                      }
                    },
                    "meta": {
                      "name": "CancelButton"
                    },
                    "position": {
                      "grow": 1
                    },
                    "props": {
                      "params": {
                        "IconPath": "material/cancel",
                        "Label": "Cancel",
                        "backgroundColor": "value",
                        "disabledPopup": {
                          "message": "Please sign in as quarterback to proceed.",
                          "messageType": "",
                          "payload": {},
                          "title": "Invalid Permissions"
                        },
                        "enabled": true,
                        "hover": true,
                        "isSelectable": false,
                        "label": "Cancel",
                        "selected": true,
                        "size": "value",
                        "type": "normalfail"
                      },
                      "path": "GlobalComponents/Buttons/Button"
                    },
                    "type": "ia.display.view"
                  }
                ],
                "meta": {
                  "name": "Cancel"
                },
                "position": {
                  "basis": "50%",
                  "grow": 1
                },
                "props": {
                  "direction": "column"
                },
                "type": "ia.container.flex"
              }
            ],
            "meta": {
              "name": "Footer"
            },
            "position": {
              "basis": "40px"
            },
            "props": {
              "style": {
                "classes": "Global/MarginAll"
              }
            },
            "type": "ia.container.flex"
          }
        ],
        "meta": {
          "name": "FlexContainer"
        },
        "position": {
          "basis": "446px",
          "grow": 1
        },
        "props": {
          "direction": "column"
        },
        "type": "ia.container.flex"
      }
    ],
    "meta": {
      "name": "root"
    },
    "props": {
      "direction": "column"
    },
    "type": "ia.container.flex"
  }
}