{
  "custom": {
    "Date": {
      "Enabled": true
    },
    "Label": "",
    "PartId": "value",
    "ProductCode": "value",
    "Workorder": ""
  },
  "params": {
    "EndTime": {
      "$": [
        "ts",
        192,
        1676562475904
      ],
      "$ts": 1676562360000
    },
    "Label": "",
    "PartId": "",
    "ProductCode": "",
    "StartTime": {
      "$": [
        "ts",
        192,
        1676562471215
      ],
      "$ts": 1676475960000
    },
    "Workorder": "value"
  },
  "propConfig": {
    "custom.Date": {
      "persistent": true
    },
    "custom.Date.EndTime": {
      "persistent": false
    },
    "custom.Date.StartTime": {
      "persistent": false
    },
    "custom.Label": {
      "persistent": true
    },
    "custom.PartId": {
      "persistent": true
    },
    "custom.ProductCode": {
      "persistent": true
    },
    "custom.Workorder": {
      "persistent": true
    },
    "params.EndTime": {
      "paramDirection": "input",
      "persistent": true
    },
    "params.Label": {
      "paramDirection": "input",
      "persistent": true
    },
    "params.PartId": {
      "paramDirection": "input",
      "persistent": true
    },
    "params.ProductCode": {
      "paramDirection": "input",
      "persistent": true
    },
    "params.StartTime": {
      "paramDirection": "input",
      "persistent": true
    },
    "params.Workorder": {
      "paramDirection": "input",
      "persistent": true
    }
  },
  "props": {
    "defaultSize": {
      "height": 1015,
      "width": 1397
    }
  },
  "root": {
    "children": [
      {
        "children": [
          {
            "children": [
              {
                "meta": {
                  "name": "Selected Case"
                },
                "position": {
                  "basis": "40px"
                },
                "props": {
                  "alignVertical": "top",
                  "style": {
                    "classes": "Text/Heading"
                  },
                  "text": "Filters:",
                  "textStyle": {
                    "color": "--callToAction",
                    "textAlign": "center"
                  }
                },
                "type": "ia.display.label"
              },
              {
                "events": {
                  "component": {
                    "onActionPerformed": {
                      "config": {
                        "script": "\tstate \u003d self.props.selected\n\tif state:\n\t\tself.getSibling(\"StartDate\").props.enabled \u003d False\n\t\tself.getSibling(\"EndDate\").props.enabled \u003d False\n\t\tself.view.custom.Date.Enabled \u003d False\n\telse:\n\t\tself.getSibling(\"StartDate\").props.enabled \u003d True\n\t\tself.getSibling(\"EndDate\").props.enabled \u003d True\n\t\tself.view.custom.Date.Enabled \u003d True"
                      },
                      "scope": "G",
                      "type": "script"
                    }
                  }
                },
                "meta": {
                  "name": "DateCheckbox"
                },
                "position": {
                  "basis": "36px",
                  "display": false
                },
                "props": {
                  "style": {
                    "classes": "Global/MarginBottom Global/MarginLeft "
                  },
                  "text": "Disable Date Filter"
                },
                "type": "ia.input.checkbox"
              },
              {
                "meta": {
                  "name": "PartID"
                },
                "props": {
                  "style": {
                    "classes": "Global/MarginBottom Global/MarginLeft TextFields/Root TextFields/TextTitle"
                  },
                  "text": "SKU/Part Number",
                  "textStyle": {
                    "fontWeight": "bold",
                    "textAlign": "left"
                  }
                },
                "type": "ia.display.label"
              },
              {
                "meta": {
                  "name": "PartIDEntry"
                },
                "position": {
                  "basis": "30px"
                },
                "propConfig": {
                  "props.enabled": {
                    "binding": {
                      "config": {
                        "expression": "if({parent.custom.edit} \u003d 1, true, false)"
                      },
                      "type": "expr"
                    }
                  },
                  "props.text": {
                    "binding": {
                      "config": {
                        "expression": "If(isnull({..../Table/Table.props.selection.data[0].Customer}), \u0027Please Select Case\u0027, {..../Table/Table.props.selection.data[0].Customer})"
                      },
                      "enabled": false,
                      "type": "expr"
                    }
                  }
                },
                "props": {
                  "placeholder": "...",
                  "style": {
                    "classes": "Global/MarginBottom TextFields/TextField"
                  }
                },
                "type": "ia.input.text-field"
              },
              {
                "meta": {
                  "name": "OrderNumber"
                },
                "props": {
                  "style": {
                    "classes": "Global/MarginBottom Global/MarginLeft TextFields/Root TextFields/TextTitle"
                  },
                  "text": "Order Number",
                  "textStyle": {
                    "classes": "TextFields/TextTitle",
                    "textAlign": "left"
                  }
                },
                "type": "ia.display.label"
              },
              {
                "meta": {
                  "name": "OrderEntry"
                },
                "position": {
                  "basis": "30px"
                },
                "propConfig": {
                  "props.enabled": {
                    "binding": {
                      "config": {
                        "expression": "if({parent.custom.edit} \u003d 1, true, false)"
                      },
                      "type": "expr"
                    }
                  },
                  "props.text": {
                    "binding": {
                      "config": {
                        "expression": "If(isnull({..../Table/Table.props.selection.data[0][\u0027Case Serial\u0027]}), \u0027Please Select Case\u0027, {..../Table/Table.props.selection.data[0][\u0027Case Serial\u0027]})"
                      },
                      "enabled": false,
                      "type": "expr"
                    }
                  }
                },
                "props": {
                  "placeholder": "...",
                  "style": {
                    "classes": "TextFields/TextField"
                  }
                },
                "type": "ia.input.text-field"
              },
              {
                "meta": {
                  "name": "StartDateLabel"
                },
                "props": {
                  "style": {
                    "classes": "Global/MarginBottom Global/MarginLeft TextFields/Root TextFields/TextTitle"
                  },
                  "text": "Start Date",
                  "textStyle": {
                    "classes": "TextFields/TextTitle",
                    "textAlign": "left"
                  }
                },
                "type": "ia.display.label"
              },
              {
                "events": {
                  "component": {
                    "onActionPerformed": {
                      "config": {
                        "script": "\tstartTime \u003d self.props.value\n\t\t\n#\tself.view.params.StartTime \u003d startTime\n#\tself.view.custom.Date.StartTime \u003d startTime\n\tsystem.perspective.print(self.getSibling(\"EmbeddedView\").props.params.datePicked)"
                      },
                      "scope": "G",
                      "type": "script"
                    }
                  }
                },
                "meta": {
                  "name": "StartDate"
                },
                "position": {
                  "basis": "30px"
                },
                "propConfig": {
                  "props.value": {
                    "binding": {
                      "config": {
                        "expression": "addDays(now(100000), -1)"
                      },
                      "type": "expr"
                    }
                  }
                },
                "props": {
                  "formattedValue": "Apr 11, 2023 1:52 PM",
                  "inputProps": {
                    "style": {
                      "classes": "TextFields/DateSelector"
                    }
                  },
                  "modalStyle": {
                    "classes": "TextFields/TextArea"
                  },
                  "style": {
                    "classes": "Global/MarginBottom TextFields/TextArea",
                    "marginLeft": "5px",
                    "marginRight": "5px"
                  }
                },
                "type": "ia.input.date-time-input"
              },
              {
                "meta": {
                  "name": "EndDateLabel"
                },
                "props": {
                  "style": {
                    "classes": "Global/MarginBottom Global/MarginLeft TextFields/Root TextFields/TextTitle"
                  },
                  "text": "End Date",
                  "textStyle": {
                    "classes": "TextFields/TextTitle",
                    "textAlign": "left"
                  }
                },
                "type": "ia.display.label"
              },
              {
                "events": {
                  "component": {
                    "onActionPerformed": {
                      "config": {
                        "script": "\tendTime \u003d self.props.value\n\t\n#\tself.view.params.EndTime \u003d endTime\n\tself.view.custom.Date.EndTime \u003d endTime"
                      },
                      "enabled": false,
                      "scope": "G",
                      "type": "script"
                    }
                  }
                },
                "meta": {
                  "name": "EndDate"
                },
                "position": {
                  "basis": "30px"
                },
                "propConfig": {
                  "props.value": {
                    "binding": {
                      "config": {
                        "expression": "now(100000)"
                      },
                      "type": "expr"
                    }
                  }
                },
                "props": {
                  "formattedValue": "Apr 12, 2023 1:52 PM",
                  "inputProps": {
                    "style": {
                      "classes": "TextFields/DateSelector"
                    }
                  },
                  "modalStyle": {
                    "classes": "TextFields/TextArea"
                  },
                  "style": {
                    "classes": "Global/MarginBottom TextFields/TextArea",
                    "marginLeft": "5px",
                    "marginRight": "5px"
                  }
                },
                "type": "ia.input.date-time-input"
              },
              {
                "events": {
                  "dom": {
                    "onClick": {
                      "config": {
                        "script": " \tstartDate \u003d self.getSibling(\"StartDate\").props.value\n\tendDate \u003d self.getSibling(\"EndDate\").props.value\n\tpartID \u003d self.getSibling(\"PartIDEntry\").props.text\n\torderNumber \u003d self.getSibling(\"OrderEntry\").props.text\n\t\n\tself.view.custom.Date.StartTime \u003d startDate\n\tself.view.custom.Date.EndTime \u003d endDate\n\tself.view.custom.Label \u003d partID\n\tself.view.custom.Workorder \u003d orderNumber\n\t\n\t\n\t\n\t\t\t\n\n#\tif partID is \"\":\n#\t\tpartID \u003d None\n#\t\t\n#\tif label is \"\":\n#\t\tlabel \u003d None\n\t\n#\tif partID !\u003d \"\" or label !\u003d \"\":\n#\t\tself.view.params.startTime \u003d startDate\n#\t\tself.view.params.endTime \u003d endDate\n#\t\tself.view.params.partId \u003d partID\n#\t\tself.view.params.label \u003d label\t\n#\t\t"
                      },
                      "scope": "G",
                      "type": "script"
                    }
                  }
                },
                "meta": {
                  "name": "RunReportBtn"
                },
                "position": {
                  "basis": "40px"
                },
                "props": {
                  "params": {
                    "BackgroundColor": "value",
                    "DisabledPopup": {
                      "message": "Please sign in as quarterback to proceed.",
                      "messageType": "",
                      "payload": {},
                      "title": "Invalid Permissions"
                    },
                    "Enabled": true,
                    "Hover": true,
                    "IconPath": "material/article",
                    "IsSelectable": false,
                    "Label": "Run Report",
                    "Selected": true,
                    "Size": "value",
                    "Type": ""
                  },
                  "path": "GlobalComponents/Buttons/Button",
                  "style": {
                    "classes": "Global/MarginAllTop Global/MarginBottom Global/MarginLeft Global/MarginRight"
                  }
                },
                "type": "ia.display.view"
              },
              {
                "events": {
                  "dom": {
                    "onClick": {
                      "config": {
                        "script": "\tdata \u003d self.parent.parent.getChild(\"Table\").props.data\n\tcsv \u003d system.dataset.toCSV(data, True)\n\t\n\tif data.getRowCount() !\u003d 0:\n\t\tsystem.perspective.download(\u0027track_trace_history.csv\u0027, csv)\n\telse:\n\t\tsystem.perspective.openPopup(\u0027ErrorModal\u0027, \u0027GlobalComponents/Modals/ErrorModal\u0027, params\u003d{\u0027ErrorMessage\u0027: \u0027Please select data to generate file\u0027, \u0027ModalName\u0027: \u0027ErrorModal\u0027})\n\t"
                      },
                      "scope": "G",
                      "type": "script"
                    }
                  }
                },
                "meta": {
                  "name": "ExportBtn"
                },
                "position": {
                  "basis": "40px"
                },
                "props": {
                  "params": {
                    "BackgroundColor": "",
                    "DisabledPopup": {
                      "message": "Please sign in as quarterback to proceed.",
                      "messageType": "",
                      "payload": {},
                      "title": "Invalid Permissions"
                    },
                    "Enabled": true,
                    "Hover": true,
                    "IconPath": "material/import_export",
                    "IsSelectable": false,
                    "Label": "Export CSV",
                    "Selected": true,
                    "Size": "value",
                    "Type": ""
                  },
                  "path": "GlobalComponents/Buttons/Button",
                  "style": {
                    "classes": "Global/MarginBottom Global/MarginLeft Global/MarginRight"
                  }
                },
                "type": "ia.display.view"
              }
            ],
            "custom": {
              "edit": 1
            },
            "meta": {
              "name": "SelectedItems"
            },
            "position": {
              "basis": "250px"
            },
            "props": {
              "direction": "column",
              "style": {
                "classes": "Global/MarginRight"
              }
            },
            "type": "ia.container.flex"
          },
          {
            "meta": {
              "name": "Table"
            },
            "position": {
              "basis": "500px",
              "grow": 1
            },
            "propConfig": {
              "props.data": {
                "binding": {
                  "config": {
                    "expression": "runScript(\"mes.trace.sp.getFullPartHistory\", 0, \r\n\tif({view.params.PartId} \u003d \"\" || {view.params.PartId} \u003d \"None\", None, {view.params.PartId}), \r\n\tif({view.custom.Label} \u003d \"\" || {view.custom.Label} \u003d \"None\", None, {view.custom.Label}), \r\n\tif({view.custom.Workorder} \u003d \"\" || {view.custom.Workorder} \u003d \"None\", None, {view.custom.Workorder}),\r\n\tNone,\r\n\tif({view.custom.Date.StartTime} \u003d \"None\", None, {view.custom.Date.StartTime}),\r\n\tif({view.custom.Date.EndTime} \u003d \"None\", None, {view.custom.Date.EndTime})\r\n)"
                  },
                  "type": "expr"
                }
              }
            },
            "props": {
              "cells": {
                "style": {
                  "marginLeft": "8px",
                  "marginRight": "8px"
                }
              },
              "columns": [
                {
                  "align": "center",
                  "boolean": "checkbox",
                  "dateFormat": "MM/DD/YYYY",
                  "editable": false,
                  "field": "ID",
                  "filter": {
                    "boolean": {
                      "condition": ""
                    },
                    "date": {
                      "condition": "",
                      "value": ""
                    },
                    "enabled": false,
                    "number": {
                      "condition": "",
                      "value": ""
                    },
                    "string": {
                      "condition": "",
                      "value": ""
                    },
                    "visible": "on-hover"
                  },
                  "footer": {
                    "align": "center",
                    "justify": "left",
                    "style": {
                      "classes": ""
                    },
                    "title": ""
                  },
                  "header": {
                    "align": "center",
                    "justify": "left",
                    "style": {
                      "classes": ""
                    },
                    "title": "ID"
                  },
                  "justify": "auto",
                  "number": "value",
                  "numberFormat": "0,0.##",
                  "progressBar": {
                    "bar": {
                      "color": "",
                      "style": {
                        "classes": ""
                      }
                    },
                    "max": 100,
                    "min": 0,
                    "track": {
                      "color": "",
                      "style": {
                        "classes": ""
                      }
                    },
                    "value": {
                      "enabled": true,
                      "format": "0,0.##",
                      "justify": "center",
                      "style": {
                        "classes": ""
                      }
                    }
                  },
                  "render": "auto",
                  "resizable": true,
                  "sort": "none",
                  "sortable": true,
                  "strictWidth": false,
                  "style": {
                    "classes": ""
                  },
                  "toggleSwitch": {
                    "color": {
                      "selected": "",
                      "unselected": ""
                    }
                  },
                  "viewParams": {},
                  "viewPath": "",
                  "visible": false,
                  "width": ""
                },
                {
                  "align": "center",
                  "boolean": "checkbox",
                  "dateFormat": "MM/DD/YYYY",
                  "editable": false,
                  "field": "CompositePartID",
                  "filter": {
                    "boolean": {
                      "condition": ""
                    },
                    "date": {
                      "condition": "",
                      "value": ""
                    },
                    "enabled": false,
                    "number": {
                      "condition": "",
                      "value": ""
                    },
                    "string": {
                      "condition": "",
                      "value": ""
                    },
                    "visible": "on-hover"
                  },
                  "footer": {
                    "align": "center",
                    "justify": "left",
                    "style": {
                      "classes": ""
                    },
                    "title": ""
                  },
                  "header": {
                    "align": "center",
                    "justify": "left",
                    "style": {
                      "classes": ""
                    },
                    "title": "Composite Part ID"
                  },
                  "justify": "auto",
                  "number": "value",
                  "numberFormat": "0,0.##",
                  "progressBar": {
                    "bar": {
                      "color": "",
                      "style": {
                        "classes": ""
                      }
                    },
                    "max": 100,
                    "min": 0,
                    "track": {
                      "color": "",
                      "style": {
                        "classes": ""
                      }
                    },
                    "value": {
                      "enabled": true,
                      "format": "0,0.##",
                      "justify": "center",
                      "style": {
                        "classes": ""
                      }
                    }
                  },
                  "render": "auto",
                  "resizable": true,
                  "sort": "none",
                  "sortable": true,
                  "strictWidth": false,
                  "style": {
                    "classes": ""
                  },
                  "toggleSwitch": {
                    "color": {
                      "selected": "",
                      "unselected": ""
                    }
                  },
                  "viewParams": {},
                  "viewPath": "",
                  "visible": false,
                  "width": ""
                },
                {
                  "align": "center",
                  "boolean": "checkbox",
                  "dateFormat": "MM/DD/YYYY HH:mm:ss",
                  "editable": false,
                  "field": "TimeScanned",
                  "filter": {
                    "boolean": {
                      "condition": ""
                    },
                    "date": {
                      "condition": "",
                      "value": ""
                    },
                    "enabled": false,
                    "number": {
                      "condition": "",
                      "value": ""
                    },
                    "string": {
                      "condition": "",
                      "value": ""
                    },
                    "visible": "on-hover"
                  },
                  "footer": {
                    "align": "center",
                    "justify": "left",
                    "style": {
                      "classes": ""
                    },
                    "title": ""
                  },
                  "header": {
                    "align": "center",
                    "justify": "left",
                    "style": {
                      "classes": ""
                    },
                    "title": "Date"
                  },
                  "justify": "auto",
                  "number": "value",
                  "numberFormat": "0,0.##",
                  "progressBar": {
                    "bar": {
                      "color": "",
                      "style": {
                        "classes": ""
                      }
                    },
                    "max": 100,
                    "min": 0,
                    "track": {
                      "color": "",
                      "style": {
                        "classes": ""
                      }
                    },
                    "value": {
                      "enabled": true,
                      "format": "0,0.##",
                      "justify": "center",
                      "style": {
                        "classes": ""
                      }
                    }
                  },
                  "render": "date",
                  "resizable": true,
                  "sort": "none",
                  "sortable": true,
                  "strictWidth": false,
                  "style": {
                    "classes": ""
                  },
                  "toggleSwitch": {
                    "color": {
                      "selected": "",
                      "unselected": ""
                    }
                  },
                  "viewParams": {},
                  "viewPath": "",
                  "visible": true,
                  "width": ""
                },
                {
                  "align": "center",
                  "boolean": "checkbox",
                  "dateFormat": "MM/DD/YYYY",
                  "editable": false,
                  "field": "Label",
                  "filter": {
                    "boolean": {
                      "condition": ""
                    },
                    "date": {
                      "condition": "",
                      "value": ""
                    },
                    "enabled": false,
                    "number": {
                      "condition": "",
                      "value": ""
                    },
                    "string": {
                      "condition": "",
                      "value": ""
                    },
                    "visible": "on-hover"
                  },
                  "footer": {
                    "align": "center",
                    "justify": "left",
                    "style": {
                      "classes": ""
                    },
                    "title": ""
                  },
                  "header": {
                    "align": "center",
                    "justify": "left",
                    "style": {
                      "classes": ""
                    },
                    "title": "Label"
                  },
                  "justify": "auto",
                  "number": "value",
                  "numberFormat": "0,0.##",
                  "progressBar": {
                    "bar": {
                      "color": "",
                      "style": {
                        "classes": ""
                      }
                    },
                    "max": 100,
                    "min": 0,
                    "track": {
                      "color": "",
                      "style": {
                        "classes": ""
                      }
                    },
                    "value": {
                      "enabled": true,
                      "format": "0,0.##",
                      "justify": "center",
                      "style": {
                        "classes": ""
                      }
                    }
                  },
                  "render": "auto",
                  "resizable": true,
                  "sort": "none",
                  "sortable": true,
                  "strictWidth": false,
                  "style": {
                    "classes": ""
                  },
                  "toggleSwitch": {
                    "color": {
                      "selected": "",
                      "unselected": ""
                    }
                  },
                  "viewParams": {},
                  "viewPath": "",
                  "visible": true,
                  "width": ""
                },
                {
                  "align": "center",
                  "boolean": "checkbox",
                  "dateFormat": "MM/DD/YYYY",
                  "editable": false,
                  "field": "WorkOrder",
                  "filter": {
                    "boolean": {
                      "condition": ""
                    },
                    "date": {
                      "condition": "",
                      "value": ""
                    },
                    "enabled": false,
                    "number": {
                      "condition": "",
                      "value": ""
                    },
                    "string": {
                      "condition": "",
                      "value": ""
                    },
                    "visible": "on-hover"
                  },
                  "footer": {
                    "align": "center",
                    "justify": "left",
                    "style": {
                      "classes": ""
                    },
                    "title": ""
                  },
                  "header": {
                    "align": "center",
                    "justify": "left",
                    "style": {
                      "classes": ""
                    },
                    "title": "Order Number"
                  },
                  "justify": "auto",
                  "number": "value",
                  "numberFormat": "0,0.##",
                  "progressBar": {
                    "bar": {
                      "color": "",
                      "style": {
                        "classes": ""
                      }
                    },
                    "max": 100,
                    "min": 0,
                    "track": {
                      "color": "",
                      "style": {
                        "classes": ""
                      }
                    },
                    "value": {
                      "enabled": true,
                      "format": "0,0.##",
                      "justify": "center",
                      "style": {
                        "classes": ""
                      }
                    }
                  },
                  "render": "auto",
                  "resizable": true,
                  "sort": "none",
                  "sortable": true,
                  "strictWidth": false,
                  "style": {
                    "classes": ""
                  },
                  "toggleSwitch": {
                    "color": {
                      "selected": "",
                      "unselected": ""
                    }
                  },
                  "viewParams": {},
                  "viewPath": "",
                  "visible": true,
                  "width": ""
                },
                {
                  "align": "center",
                  "boolean": "checkbox",
                  "dateFormat": "MM/DD/YYYY",
                  "editable": false,
                  "field": "Pallet",
                  "filter": {
                    "boolean": {
                      "condition": ""
                    },
                    "date": {
                      "condition": "",
                      "value": ""
                    },
                    "enabled": false,
                    "number": {
                      "condition": "",
                      "value": ""
                    },
                    "string": {
                      "condition": "",
                      "value": ""
                    },
                    "visible": "on-hover"
                  },
                  "footer": {
                    "align": "center",
                    "justify": "left",
                    "style": {
                      "classes": ""
                    },
                    "title": ""
                  },
                  "header": {
                    "align": "center",
                    "justify": "left",
                    "style": {
                      "classes": ""
                    },
                    "title": "Pallet"
                  },
                  "justify": "auto",
                  "number": "value",
                  "numberFormat": "0,0.##",
                  "progressBar": {
                    "bar": {
                      "color": "",
                      "style": {
                        "classes": ""
                      }
                    },
                    "max": 100,
                    "min": 0,
                    "track": {
                      "color": "",
                      "style": {
                        "classes": ""
                      }
                    },
                    "value": {
                      "enabled": true,
                      "format": "0,0.##",
                      "justify": "center",
                      "style": {
                        "classes": ""
                      }
                    }
                  },
                  "render": "auto",
                  "resizable": true,
                  "sort": "none",
                  "sortable": true,
                  "strictWidth": false,
                  "style": {
                    "classes": ""
                  },
                  "toggleSwitch": {
                    "color": {
                      "selected": "",
                      "unselected": ""
                    }
                  },
                  "viewParams": {},
                  "viewPath": "",
                  "visible": true,
                  "width": ""
                },
                {
                  "align": "center",
                  "boolean": "checkbox",
                  "dateFormat": "MM/DD/YYYY",
                  "editable": false,
                  "field": "QTY",
                  "filter": {
                    "boolean": {
                      "condition": ""
                    },
                    "date": {
                      "condition": "",
                      "value": ""
                    },
                    "enabled": false,
                    "number": {
                      "condition": "",
                      "value": ""
                    },
                    "string": {
                      "condition": "",
                      "value": ""
                    },
                    "visible": "on-hover"
                  },
                  "footer": {
                    "align": "center",
                    "justify": "left",
                    "style": {
                      "classes": ""
                    },
                    "title": ""
                  },
                  "header": {
                    "align": "center",
                    "justify": "left",
                    "style": {
                      "classes": ""
                    },
                    "title": "Quantity"
                  },
                  "justify": "auto",
                  "number": "value",
                  "numberFormat": "0,0.##",
                  "progressBar": {
                    "bar": {
                      "color": "",
                      "style": {
                        "classes": ""
                      }
                    },
                    "max": 100,
                    "min": 0,
                    "track": {
                      "color": "",
                      "style": {
                        "classes": ""
                      }
                    },
                    "value": {
                      "enabled": true,
                      "format": "0,0.##",
                      "justify": "center",
                      "style": {
                        "classes": ""
                      }
                    }
                  },
                  "render": "auto",
                  "resizable": true,
                  "sort": "none",
                  "sortable": true,
                  "strictWidth": false,
                  "style": {
                    "classes": ""
                  },
                  "toggleSwitch": {
                    "color": {
                      "selected": "",
                      "unselected": ""
                    }
                  },
                  "viewParams": {},
                  "viewPath": "",
                  "visible": true,
                  "width": ""
                },
                {
                  "align": "center",
                  "boolean": "checkbox",
                  "dateFormat": "MM/DD/YYYY HH:mm:ss",
                  "editable": false,
                  "field": "Line",
                  "filter": {
                    "boolean": {
                      "condition": ""
                    },
                    "date": {
                      "condition": "",
                      "value": ""
                    },
                    "enabled": false,
                    "number": {
                      "condition": "",
                      "value": ""
                    },
                    "string": {
                      "condition": "",
                      "value": ""
                    },
                    "visible": "on-hover"
                  },
                  "footer": {
                    "align": "center",
                    "justify": "left",
                    "style": {
                      "classes": ""
                    },
                    "title": ""
                  },
                  "header": {
                    "align": "center",
                    "justify": "left",
                    "style": {
                      "classes": ""
                    },
                    "title": "Line"
                  },
                  "justify": "auto",
                  "number": "value",
                  "numberFormat": "0,0.##",
                  "progressBar": {
                    "bar": {
                      "color": "",
                      "style": {
                        "classes": ""
                      }
                    },
                    "max": 100,
                    "min": 0,
                    "track": {
                      "color": "",
                      "style": {
                        "classes": ""
                      }
                    },
                    "value": {
                      "enabled": true,
                      "format": "0,0.##",
                      "justify": "center",
                      "style": {
                        "classes": ""
                      }
                    }
                  },
                  "render": "date",
                  "resizable": true,
                  "sort": "none",
                  "sortable": true,
                  "strictWidth": false,
                  "style": {
                    "classes": ""
                  },
                  "toggleSwitch": {
                    "color": {
                      "selected": "",
                      "unselected": ""
                    }
                  },
                  "viewParams": {},
                  "viewPath": "",
                  "visible": true,
                  "width": ""
                },
                {
                  "align": "center",
                  "boolean": "checkbox",
                  "dateFormat": "MM/DD/YYYY",
                  "editable": false,
                  "field": "Operator",
                  "filter": {
                    "boolean": {
                      "condition": ""
                    },
                    "date": {
                      "condition": "",
                      "value": ""
                    },
                    "enabled": false,
                    "number": {
                      "condition": "",
                      "value": ""
                    },
                    "string": {
                      "condition": "",
                      "value": ""
                    },
                    "visible": "on-hover"
                  },
                  "footer": {
                    "align": "center",
                    "justify": "left",
                    "style": {
                      "classes": ""
                    },
                    "title": ""
                  },
                  "header": {
                    "align": "center",
                    "justify": "left",
                    "style": {
                      "classes": ""
                    },
                    "title": "Operator"
                  },
                  "justify": "auto",
                  "number": "value",
                  "numberFormat": "0,0.##",
                  "progressBar": {
                    "bar": {
                      "color": "",
                      "style": {
                        "classes": ""
                      }
                    },
                    "max": 100,
                    "min": 0,
                    "track": {
                      "color": "",
                      "style": {
                        "classes": ""
                      }
                    },
                    "value": {
                      "enabled": true,
                      "format": "0,0.##",
                      "justify": "center",
                      "style": {
                        "classes": ""
                      }
                    }
                  },
                  "render": "auto",
                  "resizable": true,
                  "sort": "none",
                  "sortable": true,
                  "strictWidth": false,
                  "style": {
                    "classes": ""
                  },
                  "toggleSwitch": {
                    "color": {
                      "selected": "",
                      "unselected": ""
                    }
                  },
                  "viewParams": {},
                  "viewPath": "",
                  "visible": true,
                  "width": ""
                },
                {
                  "align": "center",
                  "boolean": "checkbox",
                  "dateFormat": "MM/DD/YYYY",
                  "editable": false,
                  "field": "ProductCode",
                  "filter": {
                    "boolean": {
                      "condition": ""
                    },
                    "date": {
                      "condition": "",
                      "value": ""
                    },
                    "enabled": false,
                    "number": {
                      "condition": "",
                      "value": ""
                    },
                    "string": {
                      "condition": "",
                      "value": ""
                    },
                    "visible": "on-hover"
                  },
                  "footer": {
                    "align": "center",
                    "justify": "left",
                    "style": {
                      "classes": ""
                    },
                    "title": ""
                  },
                  "header": {
                    "align": "center",
                    "justify": "left",
                    "style": {
                      "classes": ""
                    },
                    "title": "Recipe"
                  },
                  "justify": "auto",
                  "number": "value",
                  "numberFormat": "0,0.##",
                  "progressBar": {
                    "bar": {
                      "color": "",
                      "style": {
                        "classes": ""
                      }
                    },
                    "max": 100,
                    "min": 0,
                    "track": {
                      "color": "",
                      "style": {
                        "classes": ""
                      }
                    },
                    "value": {
                      "enabled": true,
                      "format": "0,0.##",
                      "justify": "center",
                      "style": {
                        "classes": ""
                      }
                    }
                  },
                  "render": "auto",
                  "resizable": true,
                  "sort": "none",
                  "sortable": true,
                  "strictWidth": false,
                  "style": {
                    "classes": ""
                  },
                  "toggleSwitch": {
                    "color": {
                      "selected": "",
                      "unselected": ""
                    }
                  },
                  "viewParams": {},
                  "viewPath": "",
                  "visible": true,
                  "width": ""
                },
                {
                  "align": "center",
                  "boolean": "checkbox",
                  "dateFormat": "MM/DD/YYYY",
                  "editable": false,
                  "field": "Event",
                  "filter": {
                    "boolean": {
                      "condition": ""
                    },
                    "date": {
                      "condition": "",
                      "value": ""
                    },
                    "enabled": false,
                    "number": {
                      "condition": "",
                      "value": ""
                    },
                    "string": {
                      "condition": "",
                      "value": ""
                    },
                    "visible": "on-hover"
                  },
                  "footer": {
                    "align": "center",
                    "justify": "left",
                    "style": {
                      "classes": ""
                    },
                    "title": ""
                  },
                  "header": {
                    "align": "center",
                    "justify": "left",
                    "style": {
                      "classes": ""
                    },
                    "title": "Event"
                  },
                  "justify": "auto",
                  "number": "value",
                  "numberFormat": "0,0.##",
                  "progressBar": {
                    "bar": {
                      "color": "",
                      "style": {
                        "classes": ""
                      }
                    },
                    "max": 100,
                    "min": 0,
                    "track": {
                      "color": "",
                      "style": {
                        "classes": ""
                      }
                    },
                    "value": {
                      "enabled": true,
                      "format": "0,0.##",
                      "justify": "center",
                      "style": {
                        "classes": ""
                      }
                    }
                  },
                  "render": "auto",
                  "resizable": true,
                  "sort": "none",
                  "sortable": true,
                  "strictWidth": false,
                  "style": {
                    "classes": ""
                  },
                  "toggleSwitch": {
                    "color": {
                      "selected": "",
                      "unselected": ""
                    }
                  },
                  "viewParams": {},
                  "viewPath": "",
                  "visible": true,
                  "width": ""
                },
                {
                  "align": "center",
                  "boolean": "checkbox",
                  "dateFormat": "MM/DD/YYYY",
                  "editable": false,
                  "field": "Notes",
                  "filter": {
                    "boolean": {
                      "condition": ""
                    },
                    "date": {
                      "condition": "",
                      "value": ""
                    },
                    "enabled": false,
                    "number": {
                      "condition": "",
                      "value": ""
                    },
                    "string": {
                      "condition": "",
                      "value": ""
                    },
                    "visible": "on-hover"
                  },
                  "footer": {
                    "align": "center",
                    "justify": "left",
                    "style": {
                      "classes": ""
                    },
                    "title": ""
                  },
                  "header": {
                    "align": "center",
                    "justify": "left",
                    "style": {
                      "classes": ""
                    },
                    "title": "Notes"
                  },
                  "justify": "auto",
                  "number": "value",
                  "numberFormat": "0,0.##",
                  "progressBar": {
                    "bar": {
                      "color": "",
                      "style": {
                        "classes": ""
                      }
                    },
                    "max": 100,
                    "min": 0,
                    "track": {
                      "color": "",
                      "style": {
                        "classes": ""
                      }
                    },
                    "value": {
                      "enabled": true,
                      "format": "0,0.##",
                      "justify": "center",
                      "style": {
                        "classes": ""
                      }
                    }
                  },
                  "render": "auto",
                  "resizable": true,
                  "sort": "none",
                  "sortable": true,
                  "strictWidth": false,
                  "style": {
                    "classes": ""
                  },
                  "toggleSwitch": {
                    "color": {
                      "selected": "",
                      "unselected": ""
                    }
                  },
                  "viewParams": {},
                  "viewPath": "",
                  "visible": true,
                  "width": ""
                },
                {
                  "align": "center",
                  "boolean": "checkbox",
                  "dateFormat": "MM/DD/YYYY",
                  "editable": false,
                  "field": "Metadata",
                  "filter": {
                    "boolean": {
                      "condition": ""
                    },
                    "date": {
                      "condition": "",
                      "value": ""
                    },
                    "enabled": false,
                    "number": {
                      "condition": "",
                      "value": ""
                    },
                    "string": {
                      "condition": "",
                      "value": ""
                    },
                    "visible": "on-hover"
                  },
                  "footer": {
                    "align": "center",
                    "justify": "left",
                    "style": {
                      "classes": ""
                    },
                    "title": ""
                  },
                  "header": {
                    "align": "center",
                    "justify": "left",
                    "style": {
                      "classes": ""
                    },
                    "title": ""
                  },
                  "justify": "auto",
                  "number": "value",
                  "numberFormat": "0,0.##",
                  "progressBar": {
                    "bar": {
                      "color": "",
                      "style": {
                        "classes": ""
                      }
                    },
                    "max": 100,
                    "min": 0,
                    "track": {
                      "color": "",
                      "style": {
                        "classes": ""
                      }
                    },
                    "value": {
                      "enabled": true,
                      "format": "0,0.##",
                      "justify": "center",
                      "style": {
                        "classes": ""
                      }
                    }
                  },
                  "render": "auto",
                  "resizable": true,
                  "sort": "none",
                  "sortable": true,
                  "strictWidth": false,
                  "style": {
                    "classes": ""
                  },
                  "toggleSwitch": {
                    "color": {
                      "selected": "",
                      "unselected": ""
                    }
                  },
                  "viewParams": {},
                  "viewPath": "",
                  "visible": true,
                  "width": ""
                }
              ],
              "nullFormat": {
                "includeNullStrings": true
              },
              "rows": {
                "subview": {
                  "enabled": true,
                  "viewPath": "App/TrackAndTrace/History/Embedded/MetadataFlex"
                }
              }
            },
            "type": "ia.display.table"
          }
        ],
        "meta": {
          "name": "Table"
        },
        "position": {
          "grow": 1
        },
        "type": "ia.container.flex"
      }
    ],
    "meta": {
      "name": "root"
    },
    "props": {
      "direction": "column",
      "style": {
        "overflow": "hidden"
      }
    },
    "type": "ia.container.flex"
  }
}