{
  "custom": {
    "AddUpdateAccess": false,
    "Dataset": {
      "$": [
        "ds",
        192,
        1713557178245
      ],
      "$columns": [
        {
          "data": [],
          "name": "ID",
          "type": "Integer"
        },
        {
          "data": [],
          "name": "Username",
          "type": "String"
        },
        {
          "data": [],
          "name": "ViewAccess",
          "type": "Boolean"
        },
        {
          "data": [],
          "name": "AddUpdateAccess",
          "type": "Boolean"
        },
        {
          "data": [],
          "name": "DeleteAccess",
          "type": "Boolean"
        },
        {
          "data": [],
          "name": "Reviewer",
          "type": "Boolean"
        },
        {
          "data": [],
          "name": "RowUpdated",
          "type": "Date"
        }
      ]
    },
    "DeleteAccess": false,
    "Reviewer": false,
    "UserTextValue": "",
    "ViewAccess": false
  },
  "params": {
    "AddUser": false,
    "UserID": 0
  },
  "propConfig": {
    "custom.AddUpdateAccess": {
      "binding": {
        "config": {
          "bidirectional": true,
          "path": "/root/Row3/AddUpdateAccess.props.selected"
        },
        "type": "property"
      },
      "persistent": true
    },
    "custom.Dataset": {
      "binding": {
        "config": {
          "expression": "runScript(\u0027mes.documentManagement.sp.getUsersAccess\u0027,\r\n\t0,\r\n\t{view.params.UserID}, \r\n\tNULL, \r\n\tNULL, \r\n\tNULL, \r\n\tNULL,\r\n\tNULL \r\n)"
        },
        "transforms": [
          {
            "code": "\taddUser \u003d self.params.AddUser\n\t\t\n\tif not addUser:\n\t\tif value.getRowCount() \u003e 0:\n\t\t\tusername \u003d value.getValueAt(0, \u0027Username\u0027)\n\t\t\tviewAccess \u003d value.getValueAt(0, \u0027ViewAccess\u0027)\n\t\t\taddUpdateAccess \u003d value.getValueAt(0, \u0027AddUpdateAccess\u0027)\n\t\t\tdeleteAccess \u003d value.getValueAt(0, \u0027DeleteAccess\u0027)\n\t\t\treviewer \u003d value.getValueAt(0, \u0027Reviewer\u0027)\n\t\t\t\n\t\t\tself.custom.UserTextValue \u003d username\n\t\t\tself.custom.ViewAccess \u003d viewAccess\n\t\t\tself.custom.AddUpdateAccess \u003d addUpdateAccess\n\t\t\tself.custom.DeleteAccess \u003d deleteAccess\n\t\t\tself.custom.Reviewer \u003d reviewer\n\telse:\n\t\tself.custom.UserTextValue \u003d \u0027\u0027\n\t\tself.custom.ViewAccess \u003d False\n\t\tself.custom.AddUpdateAccess \u003d False\n\t\tself.custom.DeleteAccess \u003d False\n\t\tself.custom.Reviewer \u003d False\n\t\t\n\treturn value",
            "type": "script"
          }
        ],
        "type": "expr"
      },
      "persistent": true
    },
    "custom.DeleteAccess": {
      "binding": {
        "config": {
          "bidirectional": true,
          "path": "/root/Row4/DeleteAccess.props.selected"
        },
        "type": "property"
      },
      "persistent": true
    },
    "custom.Reviewer": {
      "binding": {
        "config": {
          "bidirectional": true,
          "path": "/root/Row5/Reviewer.props.selected"
        },
        "type": "property"
      },
      "persistent": true
    },
    "custom.UserTextValue": {
      "binding": {
        "config": {
          "bidirectional": true,
          "path": "/root/Row1/Username.props.text"
        },
        "type": "property"
      },
      "persistent": true
    },
    "custom.ViewAccess": {
      "binding": {
        "config": {
          "bidirectional": true,
          "path": "/root/Row2/ViewAccessCheckbox.props.selected"
        },
        "type": "property"
      },
      "persistent": true
    },
    "params.AddUser": {
      "paramDirection": "input",
      "persistent": true
    },
    "params.UserID": {
      "paramDirection": "input",
      "persistent": true
    }
  },
  "props": {
    "defaultSize": {
      "height": 350,
      "width": 240
    }
  },
  "root": {
    "children": [
      {
        "children": [
          {
            "meta": {
              "name": "UserLabel"
            },
            "props": {
              "style": {
                "classes": "Global/MarginRight",
                "fontWeight": "bold"
              },
              "text": "User:"
            },
            "type": "ia.display.label"
          },
          {
            "meta": {
              "name": "Username"
            },
            "position": {
              "basis": "30px",
              "grow": 1
            },
            "props": {
              "style": {
                "classes": "TextFields/TextField"
              }
            },
            "type": "ia.input.text-field"
          }
        ],
        "meta": {
          "name": "Row1"
        },
        "position": {
          "basis": "100px"
        },
        "props": {
          "style": {
            "classes": "Global/MarginLeft Global/MarginRight Global/MarginBottom"
          }
        },
        "type": "ia.container.flex"
      },
      {
        "children": [
          {
            "meta": {
              "name": "ViewAccessCheckbox"
            },
            "position": {
              "basis": "56px",
              "grow": 1
            },
            "props": {
              "style": {
                "fontWeight": "bold"
              },
              "text": "View Access"
            },
            "type": "ia.input.checkbox"
          }
        ],
        "meta": {
          "name": "Row2"
        },
        "position": {
          "basis": "100px"
        },
        "props": {
          "style": {
            "classes": "Global/MarginLeft Global/MarginRight Global/MarginBottom"
          }
        },
        "type": "ia.container.flex"
      },
      {
        "children": [
          {
            "meta": {
              "name": "AddUpdateAccess"
            },
            "position": {
              "basis": "56px",
              "grow": 1
            },
            "props": {
              "style": {
                "fontWeight": "bold"
              },
              "text": "Add/Update Access"
            },
            "type": "ia.input.checkbox"
          }
        ],
        "meta": {
          "name": "Row3"
        },
        "position": {
          "basis": "100px"
        },
        "props": {
          "style": {
            "classes": "Global/MarginLeft Global/MarginRight Global/MarginBottom"
          }
        },
        "type": "ia.container.flex"
      },
      {
        "children": [
          {
            "meta": {
              "name": "DeleteAccess"
            },
            "position": {
              "basis": "56px",
              "grow": 1
            },
            "props": {
              "style": {
                "fontWeight": "bold"
              },
              "text": "Delete Access"
            },
            "type": "ia.input.checkbox"
          }
        ],
        "meta": {
          "name": "Row4"
        },
        "position": {
          "basis": "100px"
        },
        "props": {
          "style": {
            "classes": "Global/MarginLeft Global/MarginRight Global/MarginBottom"
          }
        },
        "type": "ia.container.flex"
      },
      {
        "children": [
          {
            "meta": {
              "name": "Reviewer"
            },
            "position": {
              "basis": "56px",
              "grow": 1
            },
            "props": {
              "style": {
                "fontWeight": "bold"
              },
              "text": "Reviewer"
            },
            "type": "ia.input.checkbox"
          }
        ],
        "meta": {
          "name": "Row5"
        },
        "position": {
          "basis": "100px"
        },
        "props": {
          "style": {
            "classes": "Global/MarginLeft Global/MarginRight Global/MarginBottom"
          }
        },
        "type": "ia.container.flex"
      },
      {
        "children": [
          {
            "children": [
              {
                "events": {
                  "dom": {
                    "onClick": {
                      "config": {
                        "script": "\t################################\n\t##########REV NOTES#############\n\t# Description\n\t# Script to call addUpdateUserAccess function\n\t#\n\t# Initials ... Date ... Change #\n\t# NL ... 02/15/2024 ... Initial Creation\n\t# NL ... 03/11/2024 ... Updated to include reviewer\n\t\n\taddUser \u003d self.view.params.AddUser\n\tviewAccess \u003d self.view.custom.ViewAccess\n\taddUpdateAccess \u003d self.view.custom.AddUpdateAccess\n\tdeleteAccess \u003d self.view.custom.DeleteAccess\n\tUser \u003d self.view.custom.UserTextValue\n\tUserID \u003d self.view.params.UserID\n\treviewer \u003d self.view.custom.Reviewer\n\t\n\tgpa.frontEnd.documentManagement.addUpdateUserAccess(UserID, User, viewAccess, addUpdateAccess, deleteAccess, addUser, reviewer)"
                      },
                      "scope": "G",
                      "type": "script"
                    }
                  }
                },
                "meta": {
                  "name": "SaveButton"
                },
                "position": {
                  "basis": "100%"
                },
                "props": {
                  "params": {
                    "BackgroundColor": "value",
                    "Enabled": true,
                    "Hover": true,
                    "IconPath": "material/check",
                    "IsSelectable": false,
                    "Label": "Save",
                    "Selected": true,
                    "Size": "value",
                    "Type": "value"
                  },
                  "path": "GlobalComponents/Buttons/Button"
                },
                "type": "ia.display.view"
              }
            ],
            "meta": {
              "name": "Save"
            },
            "position": {
              "basis": "50%",
              "grow": 1
            },
            "props": {
              "style": {
                "classes": "Global/MarginRight"
              }
            },
            "type": "ia.container.flex"
          },
          {
            "children": [
              {
                "events": {
                  "dom": {
                    "onClick": {
                      "config": {
                        "script": "\tsystem.perspective.closePopup(\u0027\u0027)"
                      },
                      "scope": "G",
                      "type": "script"
                    }
                  }
                },
                "meta": {
                  "name": "CancelButton"
                },
                "position": {
                  "basis": "100%"
                },
                "props": {
                  "params": {
                    "BackgroundColor": "value",
                    "Enabled": true,
                    "Hover": true,
                    "IconPath": "material/close",
                    "IsSelectable": false,
                    "Label": "Cancel",
                    "Selected": true,
                    "Size": "value",
                    "Type": "value"
                  },
                  "path": "GlobalComponents/Buttons/Button"
                },
                "type": "ia.display.view"
              }
            ],
            "meta": {
              "name": "Cancel"
            },
            "position": {
              "basis": "50%",
              "grow": 1
            },
            "type": "ia.container.flex"
          }
        ],
        "meta": {
          "name": "Row6"
        },
        "position": {
          "basis": "80px"
        },
        "props": {
          "justify": "space-around",
          "style": {
            "classes": "Global/MarginLeft Global/MarginRight Global/MarginBottom"
          }
        },
        "type": "ia.container.flex"
      }
    ],
    "meta": {
      "name": "root"
    },
    "props": {
      "direction": "column"
    },
    "type": "ia.container.flex"
  }
}