{
  "custom": {
    "Date": {
      "Enabled": true
    },
    "IsPass": "",
    "Label": "",
    "PartId": "",
    "PartSelection": false,
    "ProductCode": "",
    "SelectedTestID": null,
    "TestStatusColors": {
      "Approved": {
        "backgroundColor": "lightgreen",
        "color": "black"
      },
      "AwaitingReview": {
        "backgroundColor": "#fee502",
        "color": "black"
      },
      "Incomplete": {
        "backgroundColor": "#7d0006",
        "color": "white"
      },
      "OnHold": {
        "backgroundColor": "#ff726f",
        "color": "black"
      },
      "Unapproved": {
        "backgroundColor": "DarkOrange",
        "color": "black"
      }
    },
    "TestStatusID": "",
    "TestTypeID": "",
    "Workorder": ""
  },
  "params": {
    "EndTime": {
      "$": [
        "ts",
        192,
        1676562475904
      ],
      "$ts": 1676562360000
    },
    "Label": "",
    "PartId": "",
    "ProductCode": "",
    "StartTime": {
      "$": [
        "ts",
        192,
        1676562471215
      ],
      "$ts": 1676475960000
    },
    "Workorder": "value"
  },
  "propConfig": {
    "custom.Date": {
      "persistent": true
    },
    "custom.Date.EndDate": {
      "binding": {
        "config": {
          "path": "/root/Table/SelectedItems/EndDate.props.value"
        },
        "type": "property"
      }
    },
    "custom.Date.EndTime": {
      "persistent": false
    },
    "custom.Date.StartDate": {
      "binding": {
        "config": {
          "path": "/root/Table/SelectedItems/StartDate.props.value"
        },
        "type": "property"
      }
    },
    "custom.Date.StartTime": {
      "persistent": false
    },
    "custom.IsPass": {
      "persistent": true
    },
    "custom.Label": {
      "binding": {
        "config": {
          "path": "view.params.Label"
        },
        "type": "property"
      },
      "persistent": true
    },
    "custom.PartId": {
      "persistent": true
    },
    "custom.PartSelection": {
      "persistent": true
    },
    "custom.ProductCode": {
      "persistent": true
    },
    "custom.SelectedTestID": {
      "binding": {
        "config": {
          "path": "/root/Table/Main/Table.props.selection.data[0].ID"
        },
        "type": "property"
      },
      "persistent": true
    },
    "custom.TestStatusColors": {
      "persistent": true
    },
    "custom.TestStatusID": {
      "persistent": true
    },
    "custom.TestTypeID": {
      "persistent": true
    },
    "custom.Workorder": {
      "persistent": true
    },
    "params.EndTime": {
      "paramDirection": "input",
      "persistent": true
    },
    "params.Label": {
      "paramDirection": "input",
      "persistent": true
    },
    "params.PartId": {
      "paramDirection": "input",
      "persistent": true
    },
    "params.ProductCode": {
      "paramDirection": "input",
      "persistent": true
    },
    "params.StartTime": {
      "paramDirection": "input",
      "persistent": true
    },
    "params.Workorder": {
      "paramDirection": "input",
      "persistent": true
    }
  },
  "props": {
    "defaultSize": {
      "height": 1015,
      "width": 1397
    }
  },
  "root": {
    "children": [
      {
        "children": [
          {
            "children": [
              {
                "events": {
                  "component": {
                    "onActionPerformed": {
                      "config": {
                        "script": "\tstate \u003d self.props.selected\n\tif state:\n\t\tself.getSibling(\"StartDate\").props.enabled \u003d False\n\t\tself.getSibling(\"EndDate\").props.enabled \u003d False\n\t\tself.view.custom.Date.Enabled \u003d False\n\telse:\n\t\tself.getSibling(\"StartDate\").props.enabled \u003d True\n\t\tself.getSibling(\"EndDate\").props.enabled \u003d True\n\t\tself.view.custom.Date.Enabled \u003d True"
                      },
                      "scope": "G",
                      "type": "script"
                    }
                  }
                },
                "meta": {
                  "name": "DateCheckbox"
                },
                "position": {
                  "basis": "119px",
                  "display": false
                },
                "props": {
                  "style": {
                    "classes": "Global/MarginBottom Global/MarginLeft "
                  },
                  "text": "Disable Date Filter"
                },
                "type": "ia.input.checkbox"
              },
              {
                "meta": {
                  "name": "Selected Case"
                },
                "position": {
                  "basis": "57px"
                },
                "props": {
                  "alignVertical": "top",
                  "style": {
                    "classes": "Text/Heading"
                  },
                  "text": "Test Qualities:",
                  "textStyle": {
                    "color": "--callToAction",
                    "textAlign": "center"
                  }
                },
                "type": "ia.display.label"
              },
              {
                "meta": {
                  "name": "TestType"
                },
                "props": {
                  "style": {
                    "classes": "Global/MarginBottom Global/MarginLeft TextFields/Root TextFields/TextTitle"
                  },
                  "text": "Test Type",
                  "textStyle": {
                    "classes": "TextFields/TextTitle",
                    "textAlign": "left"
                  }
                },
                "type": "ia.display.label"
              },
              {
                "custom": {
                  "selectedCode": "Select..."
                },
                "meta": {
                  "name": "TestTypeDropdown"
                },
                "position": {
                  "basis": "42px"
                },
                "propConfig": {
                  "props.options": {
                    "binding": {
                      "config": {
                        "expression": "runscript(\u0027mes.quality.sp.getTestTypes\u0027, 0, {session.custom.SelectedSite})"
                      },
                      "transforms": [
                        {
                          "code": "\toptions \u003d [{ \"label\": \"All\", \"value\": \"\"  }]\n\t#options \u003d []\n\tpydata \u003d system.dataset.toPyDataSet(value)\n\t\n\tfor row in pydata:\n\t\tlabel \u003d row[\"Name\"]\n\t\tvalue \u003d row[\"ID\"]\n\t\toptions.append({ \"label\": label, \"value\": value })\n\t\t\n\treturn options\n\t\t",
                          "type": "script"
                        }
                      ],
                      "type": "expr"
                    }
                  }
                },
                "props": {
                  "placeholder": {
                    "icon": {
                      "path": "material/search"
                    },
                    "text": ""
                  },
                  "style": {
                    "classes": "TextFields/Dropdown",
                    "marginBottom": "10px",
                    "marginTop": "10px",
                    "overflow": "hidden"
                  }
                },
                "type": "ia.input.dropdown"
              },
              {
                "meta": {
                  "name": "OrderNumber_0"
                },
                "props": {
                  "style": {
                    "classes": "Global/MarginBottom Global/MarginLeft TextFields/Root TextFields/TextTitle"
                  },
                  "text": "Product Code",
                  "textStyle": {
                    "classes": "TextFields/TextTitle",
                    "textAlign": "left"
                  }
                },
                "type": "ia.display.label"
              },
              {
                "custom": {
                  "selectedCode": "Select..."
                },
                "meta": {
                  "name": "Dropdown"
                },
                "position": {
                  "basis": "42px"
                },
                "propConfig": {
                  "props.options": {
                    "binding": {
                      "config": {
                        "expression": "runScript(\"mes.config.sp.getProductCodes\", 0)"
                      },
                      "transforms": [
                        {
                          "code": "\toptions \u003d [{ \"label\": \"All\", \"value\": \"\"  }]\n#\toptions \u003d []\n\tpydata \u003d system.dataset.toPyDataSet(value)\n\t\n\tfor row in pydata:\n\t\tlabel \u003d row[\"ProductCode\"]\n\t\tvalue \u003d row[\"ID\"]\n\t\toptions.append({ \"label\": label, \"value\": value })\n\t\t\n\treturn options\n\t\t",
                          "type": "script"
                        }
                      ],
                      "type": "expr"
                    }
                  }
                },
                "props": {
                  "placeholder": {
                    "icon": {
                      "path": "material/search"
                    },
                    "text": ""
                  },
                  "style": {
                    "classes": "TextFields/Dropdown",
                    "marginBottom": "10px",
                    "marginTop": "10px",
                    "overflow": "hidden"
                  }
                },
                "type": "ia.input.dropdown"
              },
              {
                "meta": {
                  "name": "Approve"
                },
                "position": {
                  "basis": "42px"
                },
                "props": {
                  "style": {
                    "classes": "Buttons/ButtonStyle Global/MarginAll"
                  },
                  "text": "Save Changes:"
                },
                "type": "ia.input.button"
              },
              {
                "meta": {
                  "name": "Approve_0"
                },
                "position": {
                  "basis": "42px"
                },
                "props": {
                  "style": {
                    "classes": "Buttons/ButtonStyle Global/MarginAll"
                  },
                  "text": "Cancel:"
                },
                "type": "ia.input.button"
              }
            ],
            "custom": {
              "edit": 1
            },
            "meta": {
              "name": "SelectedItems"
            },
            "position": {
              "basis": "300px"
            },
            "props": {
              "direction": "column",
              "style": {
                "classes": "Global/MarginAll"
              }
            },
            "type": "ia.container.flex"
          },
          {
            "meta": {
              "name": "Table"
            },
            "position": {
              "grow": 1
            },
            "props": {
              "data": [
                {
                  "city": {
                    "align": "center",
                    "editable": true,
                    "justify": "left",
                    "style": {
                      "backgroundColor": "#F7901D",
                      "classes": "some-class"
                    },
                    "value": "Folsom"
                  },
                  "country": "United States",
                  "population": 77271
                },
                {
                  "city": "Helsinki",
                  "country": "Finland",
                  "population": 635591
                },
                {
                  "city": "Jakarta",
                  "country": "Indonesia",
                  "population": 10187595
                },
                {
                  "city": "Madrid",
                  "country": "Spain",
                  "population": 3233527
                },
                {
                  "city": "Prague",
                  "country": "Czech Republic",
                  "population": 1241664
                },
                {
                  "city": "San Diego",
                  "country": "United States",
                  "population": 1406630
                },
                {
                  "city": "San Francisco",
                  "country": "United States",
                  "population": 884363
                },
                {
                  "city": "Shanghai",
                  "country": "China",
                  "population": 24153000
                },
                {
                  "city": "Tokyo",
                  "country": "Japan",
                  "population": 13617000
                },
                {
                  "city": "Washington, DC",
                  "country": "United States",
                  "population": 658893
                },
                {
                  "city": "Wellington",
                  "country": "New Zealand",
                  "population": 405000
                },
                {
                  "city": "Delhi",
                  "country": "India",
                  "population": 11034555
                },
                {
                  "city": "Dhaka",
                  "country": "Bangladesh",
                  "population": 14399000
                },
                {
                  "city": "Lagos",
                  "country": "Nigeria",
                  "population": 16060303
                },
                {
                  "city": "Karachi",
                  "country": "Pakistan",
                  "population": 14910352
                },
                {
                  "city": "Istanbul",
                  "country": "Turkey",
                  "population": 14025000
                },
                {
                  "city": "Cairo",
                  "country": "Egypt",
                  "population": 10230350
                },
                {
                  "city": "Mexico City",
                  "country": "Mexico",
                  "population": 8974724
                },
                {
                  "city": "London",
                  "country": "United Kingdom",
                  "population": 8825001
                },
                {
                  "city": "New York City",
                  "country": "United States",
                  "population": 8622698
                },
                {
                  "city": "Tehran",
                  "country": "Iran",
                  "population": 8154051
                },
                {
                  "city": "Bogota",
                  "country": "Colombia",
                  "population": 7878783
                },
                {
                  "city": "Rio de Janeiro",
                  "country": "Brazil",
                  "population": 6429923
                },
                {
                  "city": "Riyadh",
                  "country": "Saudi Arabia",
                  "population": 5676621
                },
                {
                  "city": "Singapore",
                  "country": "Singapore",
                  "population": 5535000
                },
                {
                  "city": "Saint Petersburg",
                  "country": "Russia",
                  "population": 5191690
                },
                {
                  "city": "Sydney",
                  "country": "Australia",
                  "population": 208374
                },
                {
                  "city": "Abidjan",
                  "country": "Ivory Coast",
                  "population": 4765000
                },
                {
                  "city": "Dar es Salaam",
                  "country": "Tanzania",
                  "population": 4364541
                },
                {
                  "city": "Wellington",
                  "country": "New Zealand",
                  "population": 405000
                },
                {
                  "city": "Los Angeles",
                  "country": "United States",
                  "population": 3884307
                },
                {
                  "city": "Berlin",
                  "country": "Germany",
                  "population": 3517424
                },
                {
                  "city": "Jeddah",
                  "country": "Saudi Arabia",
                  "population": 3456259
                },
                {
                  "city": "Kabul",
                  "country": "Afghanistan",
                  "population": 3414100
                },
                {
                  "city": "Mashhad",
                  "country": "Iran",
                  "population": 3001184
                },
                {
                  "city": "Milan",
                  "country": "Italy",
                  "population": 1359905
                },
                {
                  "city": "Kiev",
                  "country": "Ukraine",
                  "population": 2908703
                },
                {
                  "city": "Rome",
                  "country": "Italy",
                  "population": 2877215
                },
                {
                  "city": "Chicago",
                  "country": "United States",
                  "population": 2695598
                },
                {
                  "city": "Osaka",
                  "country": "Japan",
                  "population": 2691742
                },
                {
                  "city": "Bandung",
                  "country": "Indonesia",
                  "population": 2575478
                },
                {
                  "city": "Managua",
                  "country": "Nicaragua",
                  "population": 2560789
                },
                {
                  "city": "Paris",
                  "country": "France",
                  "population": 2229621
                },
                {
                  "city": "Shiraz",
                  "country": "Iran",
                  "population": 1869001
                },
                {
                  "city": "Manila",
                  "country": "Philippines",
                  "population": 1780148
                },
                {
                  "city": "Montreal",
                  "country": "Canada",
                  "population": 1649519
                },
                {
                  "city": "Guadalajara",
                  "country": "Mexico",
                  "population": 1495189
                },
                {
                  "city": "Dallas",
                  "country": "United States",
                  "population": 1317929
                },
                {
                  "city": "Yerevan",
                  "country": "Armenia",
                  "population": 1060138
                },
                {
                  "city": "Tunis",
                  "country": "Tunisia",
                  "population": 1056247
                }
              ],
              "style": {
                "classes": "Global/MarginAll"
              }
            },
            "type": "ia.display.table"
          }
        ],
        "meta": {
          "name": "Table"
        },
        "position": {
          "grow": 1
        },
        "type": "ia.container.flex"
      }
    ],
    "meta": {
      "name": "root"
    },
    "props": {
      "direction": "column",
      "style": {
        "overflow": "hidden"
      }
    },
    "type": "ia.container.flex"
  }
}