{
  "scope": "G",
  "documentation": "** Rev Notes **\nNL ... 01/22/2024 ... Initial Creation\nNL ... 02/28/2024 ... Added AddUpdateAccess, DeleteAccess, Roles, Username, and ViewAccess params to control which functionalities are available for users",
  "version": 1,
  "restricted": false,
  "overridable": true,
  "files": [
    "view.json",
    "thumbnail.png"
  ],
  "attributes": {
    "lastModification": {
      "actor": "tturner",
      "timestamp": "2024-04-10T23:07:36Z"
    },
    "lastModificationSignature": "2c976f7f1d0f980cd522a5886f618c400336bb461478804ba5f90aebd09758b8"
  }
}