{
  "custom": {},
  "params": {
    "AddUpdateAccess": true,
    "DeleteAccess": true,
    "Roles": "Administrator,Developer",
    "Username": "nleonard",
    "ViewAccess": true
  },
  "propConfig": {
    "params.AddUpdateAccess": {
      "paramDirection": "input",
      "persistent": true
    },
    "params.DeleteAccess": {
      "paramDirection": "input",
      "persistent": true
    },
    "params.Roles": {
      "paramDirection": "input",
      "persistent": true
    },
    "params.Username": {
      "paramDirection": "input",
      "persistent": true
    },
    "params.ViewAccess": {
      "paramDirection": "input",
      "persistent": true
    }
  },
  "props": {
    "defaultSize": {
      "height": 260,
      "width": 380
    }
  },
  "root": {
    "children": [
      {
        "children": [
          {
            "meta": {
              "name": "Label_1"
            },
            "position": {
              "grow": 1
            },
            "props": {
              "text": "Find documents to upload",
              "textStyle": {
                "fontWeight": "bold",
                "textAlign": "center"
              }
            },
            "type": "ia.display.label"
          }
        ],
        "meta": {
          "name": "Row1"
        },
        "position": {
          "basis": "50px",
          "grow": 1
        },
        "props": {
          "style": {
            "classes": "Global/MarginBottom Global/MarginLeft Global/MarginRight"
          }
        },
        "type": "ia.container.flex"
      },
      {
        "children": [
          {
            "events": {
              "component": {
                "onFileReceived": {
                  "config": {
                    "script": "\tfileName \u003d event.file.name\n\tfileSize \u003d event.file.size\n\tfileBytes \u003d event.file.getBytes()\n\tusername \u003d self.view.params.Username\n\troles \u003d self.view.params.Roles\n\tgpa.frontEnd.documentManagement.uploadFile(self, fileName, fileSize, fileBytes, username, roles)\n\tgpa.frontEnd.documentManagement.refreshDocuments()\n\tsystem.perspective.closePopup(id\u003d\"upload-documents\")"
                  },
                  "scope": "G",
                  "type": "script"
                }
              }
            },
            "meta": {
              "name": "FileUpload"
            },
            "position": {
              "basis": "200px",
              "grow": 1
            },
            "props": {
              "fileSizeLimit": 1024,
              "fileUploadIcon": {
                "style": {
                  "classes": ""
                }
              },
              "maxUploads": 50,
              "style": {
                "classes": ""
              }
            },
            "type": "ia.input.fileupload"
          }
        ],
        "meta": {
          "name": "Row2"
        },
        "position": {
          "basis": "200px"
        },
        "props": {
          "style": {
            "classes": "Global/MarginBottom Global/MarginLeft Global/MarginRight"
          }
        },
        "type": "ia.container.flex"
      }
    ],
    "meta": {
      "name": "root"
    },
    "props": {
      "direction": "column",
      "style": {
        "classes": "Global/MarginAllEmbedded"
      }
    },
    "type": "ia.container.flex"
  }
}