{
  "custom": {},
  "params": {},
  "props": {
    "defaultSize": {
      "height": 305,
      "width": 320
    }
  },
  "root": {
    "children": [
      {
        "children": [
          {
            "children": [
              {
                "meta": {
                  "name": "Label"
                },
                "position": {
                  "grow": 1
                },
                "props": {
                  "style": {
                    "marginRight": "8px"
                  },
                  "text": "Select Inventory:",
                  "textStyle": {
                    "fontWeight": "bold",
                    "textAlign": "center"
                  }
                },
                "type": "ia.display.label"
              }
            ],
            "meta": {
              "name": "Title"
            },
            "props": {
              "style": {
                "marginBottom": "8px"
              }
            },
            "type": "ia.container.flex"
          },
          {
            "children": [
              {
                "children": [
                  {
                    "meta": {
                      "name": "InventorySelection"
                    },
                    "position": {
                      "basis": "40px",
                      "grow": 1
                    },
                    "propConfig": {
                      "custom.options": {
                        "binding": {
                          "config": {
                            "expression": "runScript(\"mes.trace.sp.getInventories\", 0, 1)"
                          },
                          "transforms": [
                            {
                              "code": "\toptions \u003d []\n\tpydata \u003d system.dataset.toPyDataSet(value)\n\t\n\tfor row in pydata:\n\t\toptions.append({\n\t\t\t\"label\": row[\"Name\"],\n\t\t\t\"value\": row[\"ID\"]\n\t\t})\n\t\t\n\treturn options\n\t\t\t\n\t",
                              "type": "script"
                            }
                          ],
                          "type": "expr"
                        }
                      },
                      "props.options": {
                        "binding": {
                          "config": {
                            "path": "this.custom.options"
                          },
                          "type": "property"
                        }
                      },
                      "props.value": {
                        "onChange": {
                          "enabled": null,
                          "script": "\tpayload \u003d currentValue.getValue()\n\tif previousValue !\u003d currentValue:\n\t\tsystem.perspective.sendMessage(\"inventorySelected\", payload\u003dpayload)\n\t\t"
                        }
                      }
                    },
                    "props": {
                      "placeholder": {
                        "icon": {
                          "path": "material/search"
                        },
                        "text": ""
                      },
                      "style": {
                        "classes": "TextFields/Dropdown"
                      }
                    },
                    "type": "ia.input.dropdown"
                  },
                  {
                    "meta": {
                      "name": "ValidationIcon"
                    },
                    "position": {
                      "basis": "25px",
                      "display": false
                    },
                    "props": {
                      "params": {
                        "icon": "material/error",
                        "type": "fail"
                      },
                      "path": "StyleGuide/Components/Icons/IconMain"
                    },
                    "type": "ia.display.view"
                  }
                ],
                "meta": {
                  "name": "Content"
                },
                "position": {
                  "basis": "40px",
                  "grow": 1
                },
                "type": "ia.container.flex"
              }
            ],
            "meta": {
              "name": "Dropdown"
            },
            "position": {
              "grow": 1
            },
            "propConfig": {
              "position.display": {
                "binding": {
                  "config": {
                    "path": "view.params.type"
                  },
                  "transforms": [
                    {
                      "fallback": true,
                      "inputType": "scalar",
                      "mappings": [
                        {
                          "input": "add",
                          "output": true
                        },
                        {
                          "input": "remove",
                          "output": false
                        }
                      ],
                      "outputType": "scalar",
                      "type": "map"
                    }
                  ],
                  "type": "property"
                }
              }
            },
            "props": {
              "direction": "column"
            },
            "type": "ia.container.flex"
          }
        ],
        "meta": {
          "name": "Inventory"
        },
        "position": {
          "grow": 1
        },
        "props": {
          "direction": "column"
        },
        "type": "ia.container.flex"
      },
      {
        "children": [
          {
            "children": [
              {
                "meta": {
                  "name": "Label"
                },
                "position": {
                  "grow": 1
                },
                "props": {
                  "style": {
                    "marginRight": "8px"
                  },
                  "text": "Enter Label Name:",
                  "textStyle": {
                    "fontWeight": "bold",
                    "textAlign": "center"
                  }
                },
                "type": "ia.display.label"
              }
            ],
            "meta": {
              "name": "Title"
            },
            "props": {
              "style": {
                "marginBottom": "8px"
              }
            },
            "type": "ia.container.flex"
          },
          {
            "children": [
              {
                "meta": {
                  "name": "TextField"
                },
                "position": {
                  "grow": 1
                },
                "props": {
                  "placeholder": "...",
                  "style": {
                    "classes": "TextFields/TextField"
                  }
                },
                "type": "ia.input.text-field"
              }
            ],
            "meta": {
              "name": "Input"
            },
            "position": {
              "basis": "40px"
            },
            "propConfig": {
              "position.display": {
                "binding": {
                  "config": {
                    "path": "view.params.type"
                  },
                  "transforms": [
                    {
                      "fallback": true,
                      "inputType": "scalar",
                      "mappings": [
                        {
                          "input": "add",
                          "output": true
                        },
                        {
                          "input": "remove",
                          "output": false
                        }
                      ],
                      "outputType": "scalar",
                      "type": "map"
                    }
                  ],
                  "type": "property"
                }
              }
            },
            "type": "ia.container.flex"
          }
        ],
        "meta": {
          "name": "Label"
        },
        "position": {
          "grow": 1
        },
        "props": {
          "direction": "column"
        },
        "type": "ia.container.flex"
      },
      {
        "children": [
          {
            "children": [
              {
                "meta": {
                  "name": "Label"
                },
                "position": {
                  "grow": 1
                },
                "props": {
                  "style": {
                    "marginRight": "8px"
                  },
                  "text": "Enter Product Code:",
                  "textStyle": {
                    "fontWeight": "bold",
                    "textAlign": "center"
                  }
                },
                "type": "ia.display.label"
              }
            ],
            "meta": {
              "name": "Title"
            },
            "props": {
              "style": {
                "marginBottom": "8px"
              }
            },
            "type": "ia.container.flex"
          },
          {
            "children": [
              {
                "meta": {
                  "name": "TextField"
                },
                "position": {
                  "grow": 1
                },
                "props": {
                  "placeholder": "...",
                  "style": {
                    "classes": "TextFields/TextField"
                  }
                },
                "type": "ia.input.text-field"
              }
            ],
            "meta": {
              "name": "Input"
            },
            "position": {
              "basis": "40px"
            },
            "propConfig": {
              "position.display": {
                "binding": {
                  "config": {
                    "path": "view.params.type"
                  },
                  "transforms": [
                    {
                      "fallback": true,
                      "inputType": "scalar",
                      "mappings": [
                        {
                          "input": "add",
                          "output": true
                        },
                        {
                          "input": "remove",
                          "output": false
                        }
                      ],
                      "outputType": "scalar",
                      "type": "map"
                    }
                  ],
                  "type": "property"
                }
              }
            },
            "type": "ia.container.flex"
          }
        ],
        "meta": {
          "name": "ProductCode"
        },
        "position": {
          "grow": 1
        },
        "props": {
          "direction": "column"
        },
        "type": "ia.container.flex"
      },
      {
        "children": [
          {
            "children": [
              {
                "events": {
                  "dom": {
                    "onClick": {
                      "config": {
                        "script": "\tTEXT_ERROR \u003d \"TextFields/Dropdown TextFields/TextFailure\"\n\tTEXT_NORMAL \u003d \"TextFields/Dropdown\"\n\t\n\tinventory \u003d self.parent.parent.parent.getChild(\"Inventory/Dropdown/InventorySelection\").props.value\n\tlabel \u003d self.parent.parent.parent.getChild(\"Label/Input/TextField\").props.text\n\tproductCode \u003d self.parent.parent.parent.getChild(\"ProductCode/Input/TextField\").props.text\n\t\n\tif inventory \u003d\u003d \"\" or label \u003d\u003d \"\" or productCode \u003d\u003d \"\":\n\t\tself.parent.parent.parent.getChild(\"Inventory/Dropdown/InventorySelection\").props.style.classes \u003d TEXT_ERROR\n\t\tself.parent.parent.parent.getChild(\"Inventory/Dropdown/ValidationIcon\").position.display \u003d True\n\t\tself.parent.parent.parent.getChild(\"Label/Input/TextField\").props.style.classes \u003d TEXT_ERROR\n\t\t\n\t"
                      },
                      "scope": "G",
                      "type": "script"
                    }
                  }
                },
                "meta": {
                  "name": "SaveButton"
                },
                "position": {
                  "grow": 1
                },
                "props": {
                  "params": {
                    "backgroundColor": "value",
                    "disabledPopup": {
                      "message": "Please sign in as quarterback to proceed.",
                      "messageType": "",
                      "payload": {},
                      "title": "Invalid Permissions"
                    },
                    "enabled": true,
                    "hover": true,
                    "iconPath": "material/add",
                    "isSelectable": false,
                    "label": "Add",
                    "selected": true,
                    "size": "142px",
                    "type": "normalsuccess"
                  },
                  "path": "StyleGuide/Components/Buttons/Button",
                  "style": {
                    "marginRight": "8px"
                  }
                },
                "type": "ia.display.view"
              }
            ],
            "meta": {
              "name": "Save"
            },
            "position": {
              "basis": "50%",
              "grow": 1
            },
            "type": "ia.container.flex"
          },
          {
            "children": [
              {
                "events": {
                  "dom": {
                    "onClick": {
                      "config": {
                        "script": "\tsystem.perspective.closePopup(\"gNa3CelJ\")"
                      },
                      "scope": "G",
                      "type": "script"
                    }
                  }
                },
                "meta": {
                  "name": "CancelButton"
                },
                "position": {
                  "grow": 1
                },
                "props": {
                  "params": {
                    "backgroundColor": "value",
                    "disabledPopup": {
                      "message": "Please sign in as quarterback to proceed.",
                      "messageType": "",
                      "payload": {},
                      "title": "Invalid Permissions"
                    },
                    "enabled": true,
                    "hover": true,
                    "iconPath": "material/cancel",
                    "isSelectable": false,
                    "label": "Cancel",
                    "selected": true,
                    "size": "value",
                    "type": "normalfail"
                  },
                  "path": "StyleGuide/Components/Buttons/Button"
                },
                "type": "ia.display.view"
              }
            ],
            "meta": {
              "name": "Cancel"
            },
            "position": {
              "basis": "50%",
              "grow": 1
            },
            "props": {
              "direction": "column"
            },
            "type": "ia.container.flex"
          }
        ],
        "meta": {
          "name": "Footer"
        },
        "position": {
          "basis": "40px",
          "grow": 1
        },
        "type": "ia.container.flex"
      }
    ],
    "meta": {
      "name": "root"
    },
    "props": {
      "direction": "column"
    },
    "type": "ia.container.flex"
  }
}