{
  "custom": {},
  "params": {},
  "props": {
    "defaultSize": {
      "width": 1024
    }
  },
  "root": {
    "children": [
      {
        "children": [
          {
            "meta": {
              "name": "ButtonView"
            },
            "propConfig": {
              "props.params.Params.DocumentDataset": {
                "binding": {
                  "config": {
                    "path": ".../Column2/RoleAccessView.props.params.Params.TableDataset"
                  },
                  "type": "property"
                }
              },
              "props.params.Params.DocumentDatasetSelectedRow": {
                "binding": {
                  "config": {
                    "path": ".../Column2/RoleAccessView.props.params.Params.SelectedRow"
                  },
                  "type": "property"
                }
              }
            },
            "props": {
              "params": {
                "AreaID": "value",
                "EqPath": "value",
                "EqType": "site",
                "HideTitle": false,
                "Icon": "",
                "IconDisplay": true,
                "IsNavigate": false,
                "Params": {
                  "EqPath": "",
                  "SiteID": "value",
                  "State": "",
                  "TagPath": "value",
                  "TagProvider": "value"
                },
                "Path": "App/DocumentManager/DocumentReview/Embedded/DocumentButtons",
                "Provider": "value",
                "SizeBasis": "value",
                "TagPath": "value",
                "Title": "",
                "Type": "",
                "index": "value",
                "useDefaultHeight": false,
                "useDefaultWidth": false
              },
              "path": "GlobalComponents/Cards/Card"
            },
            "type": "ia.display.view"
          }
        ],
        "meta": {
          "name": "Column1"
        },
        "position": {
          "basis": "220px"
        },
        "props": {
          "direction": "column",
          "style": {
            "classes": "Global/MarginRight"
          }
        },
        "type": "ia.container.flex"
      },
      {
        "children": [
          {
            "meta": {
              "name": "RoleAccessView"
            },
            "position": {
              "basis": "320px",
              "grow": 1
            },
            "props": {
              "params": {
                "AreaID": "value",
                "EqPath": "value",
                "EqType": "site",
                "HideTitle": false,
                "Icon": "",
                "IconDisplay": true,
                "IsNavigate": false,
                "Params": {
                  "EqPath": "",
                  "SelectedRow": null,
                  "SiteID": "value",
                  "State": "",
                  "TableDataset": {
                    "$": [
                      "ds",
                      192,
                      1712941761890
                    ],
                    "$columns": [
                      {
                        "data": [
                          8,
                          7,
                          6,
                          5,
                          4,
                          3,
                          2
                        ],
                        "name": "ID",
                        "type": "Integer"
                      },
                      {
                        "data": [
                          "circle gauge",
                          "circle gauge",
                          "test text (2) (1) (3)",
                          "Elev8_DocuManagement_QAv1.01",
                          "unittesting_package",
                          "Elev8_DocuManagement_QAv1.01",
                          "test cases for document tracking version control 1"
                        ],
                        "name": "Name",
                        "type": "String"
                      },
                      {
                        "data": [
                          null,
                          null,
                          null,
                          null,
                          null,
                          null,
                          "Description"
                        ],
                        "name": "Description",
                        "type": "String"
                      },
                      {
                        "data": [
                          "circle gauge.png",
                          "circle gauge.png",
                          "test text (2) (1) (3).txt",
                          "Elev8_DocuManagement_QAv1.01.xlsx",
                          "unittesting_package.zip",
                          "Elev8_DocuManagement_QAv1.01.xlsx",
                          "test cases for document tracking version control 1.docx"
                        ],
                        "name": "Filename",
                        "type": "String"
                      },
                      {
                        "data": [
                          "png",
                          "png",
                          "txt",
                          "xlsx",
                          "zip",
                          "xlsx",
                          "docx"
                        ],
                        "name": "Extension",
                        "type": "String"
                      },
                      {
                        "data": [
                          12433,
                          14522,
                          4,
                          32041,
                          20275,
                          32041,
                          31717
                        ],
                        "name": "Size",
                        "type": "Integer"
                      },
                      {
                        "data": [
                          1712804929000,
                          1712797273000,
                          1712789160000,
                          1712805024000,
                          1712797549000,
                          1712556785000,
                          1712797515000
                        ],
                        "name": "Modified",
                        "type": "Date"
                      },
                      {
                        "data": [
                          "tturner",
                          "tturner",
                          "nleonard",
                          "tturner",
                          "tturner",
                          "tturner",
                          "tturner"
                        ],
                        "name": "ModifiedBy",
                        "type": "String"
                      },
                      {
                        "data": [
                          7,
                          null,
                          null,
                          3,
                          null,
                          null,
                          null
                        ],
                        "name": "PreviousID",
                        "type": "Integer"
                      },
                      {
                        "data": [
                          null,
                          null,
                          null,
                          null,
                          null,
                          null,
                          "notes"
                        ],
                        "name": "Notes",
                        "type": "String"
                      },
                      {
                        "data": [
                          null,
                          null,
                          null,
                          1,
                          3,
                          1,
                          1
                        ],
                        "name": "FolderID",
                        "type": "Integer"
                      },
                      {
                        "data": [
                          3,
                          3,
                          3,
                          2,
                          3,
                          3,
                          3
                        ],
                        "name": "DocumentStatusID",
                        "type": "Integer"
                      },
                      {
                        "data": [
                          1712796384000,
                          1712794727000,
                          1712788874000,
                          1712767560000,
                          1712557019000,
                          1712556785000,
                          1712556528000
                        ],
                        "name": "StatusUpdated",
                        "type": "Date"
                      },
                      {
                        "data": [
                          "Approved",
                          "Approved",
                          "Approved",
                          "In Review",
                          "Approved",
                          "Approved",
                          "Approved"
                        ],
                        "name": "Status",
                        "type": "String"
                      },
                      {
                        "data": [
                          null,
                          null,
                          null,
                          "QaTesting",
                          "QA2",
                          "QaTesting",
                          "QaTesting"
                        ],
                        "name": "FolderName",
                        "type": "String"
                      },
                      {
                        "data": [
                          "tturner",
                          "nleonard",
                          "nleonard",
                          null,
                          "nleonard",
                          "nleonard",
                          "nleonard"
                        ],
                        "name": "ApprovedBy",
                        "type": "String"
                      },
                      {
                        "data": [
                          2,
                          1,
                          1,
                          2,
                          1,
                          1,
                          1
                        ],
                        "name": "Version",
                        "type": "Integer"
                      }
                    ]
                  },
                  "TagPath": "value",
                  "TagProvider": "value"
                },
                "Path": "App/DocumentManager/DocumentReview/Embedded/DocumentsTable",
                "Provider": "value",
                "SizeBasis": "value",
                "TagPath": "value",
                "Title": "Documents",
                "Type": "",
                "index": "value",
                "useDefaultHeight": false,
                "useDefaultWidth": false
              },
              "path": "GlobalComponents/Cards/Card"
            },
            "type": "ia.display.view"
          }
        ],
        "meta": {
          "name": "Column2"
        },
        "position": {
          "grow": 1
        },
        "type": "ia.container.flex"
      }
    ],
    "meta": {
      "name": "root"
    },
    "props": {
      "style": {
        "classes": "Global/MarginAll"
      }
    },
    "type": "ia.container.flex"
  }
}