{
  "scope": "G",
  "documentation": "** Rev Notes **\nNL ... 01/22/2024 ... Initial Creation\nNL ... 02/28/2024 ... Added AddUpdateAccess, DeleteAccess, Roles, Username, and ViewAccess params to control which functionalities are available for users",
  "version": 1,
  "restricted": false,
  "overridable": true,
  "files": [
    "view.json",
    "thumbnail.png"
  ],
  "attributes": {
    "lastModification": {
      "actor": "bduran",
      "timestamp": "2024-04-05T13:45:17Z"
    },
    "lastModificationSignature": "8388bc78f9e696ed3bfb6737b531c97d5035f4493eae6d9623c4872d69c0d770"
  }
}