{
  "custom": {},
  "params": {
    "AddUpdateAccess": true,
    "DeleteAccess": true,
    "ID": null,
    "Roles": "Administrator,Developer",
    "SelectFolder": true,
    "Username": "",
    "ViewAccess": true
  },
  "propConfig": {
    "params.AddUpdateAccess": {
      "paramDirection": "input",
      "persistent": true
    },
    "params.DeleteAccess": {
      "paramDirection": "input",
      "persistent": true
    },
    "params.ID": {
      "paramDirection": "output",
      "persistent": true
    },
    "params.Roles": {
      "paramDirection": "input",
      "persistent": true
    },
    "params.SelectFolder": {
      "paramDirection": "input",
      "persistent": true
    },
    "params.Username": {
      "paramDirection": "input",
      "persistent": true
    },
    "params.ViewAccess": {
      "paramDirection": "input",
      "persistent": true
    }
  },
  "props": {
    "defaultSize": {
      "height": 323,
      "width": 295
    }
  },
  "root": {
    "children": [
      {
        "meta": {
          "name": "Folders"
        },
        "position": {
          "shrink": 0
        },
        "propConfig": {
          "props.items": {
            "binding": {
              "config": {
                "queryPath": "app/DocumentManagement/folders/getDocumentFolder",
                "returnFormat": "json"
              },
              "transforms": [
                {
                  "code": "\tfolders \u003d {}\n\trootFolders \u003d []\n\tfor folder in value:\n\t\tif folder[\"ID\"] not in folders:\n\t\t\tfolders[folder[\"ID\"]] \u003d {\"name\":folder[\"Name\"], \"children\":[]}\n\t\t\n\t\tif folder[\"ParentID\"] !\u003d None:\n\t\t\tif folder[\"ParentID\"] not in folders:\n\t\t\t\tfolders[folder[\"ParentID\"]] \u003d {\"name\":folder[\"ParentName\"], \"children\":[]}\n\t\t\tfolders[folder[\"ParentID\"]][\"children\"].append({\"id\":folder[\"ID\"], \"name\":folder[\"Name\"], \"children\":[]})\n\t\telse:\n\t\t\trootFolders.append({\"id\":folder[\"ID\"]})\n\t\n\tdef getChildrenFolders(childrenFolders, pathStr):\n\t\titems \u003d []\n\t\t\n\t\tfor i in range(len(childrenFolders)):\n\t\t\tfolderId \u003d childrenFolders[i][\"id\"]\n\t\t\tname \u003d folders[folderId][\"name\"]\n\t\t\tpathStrInside \u003d pathStr + \"/%d:%d:%s\" % (i, folderId, folders[folderId][\"name\"])\n\t\t\titems.append(\n\t\t\t  {\n\t\t\t\t\"label\": name,\n\t\t\t\t\"expanded\": False,\n\t\t\t\t\"data\": {\n\t\t\t\t\t\"id\": folderId,\n\t\t\t\t\t\"name\": name,\n\t\t\t\t\t\"pathStr\":pathStrInside\n\t\t\t\t},\n\t\t\t\t\"items\": getChildrenFolders(folders[folderId][\"children\"], pathStrInside)\n\t\t\t  }\n\t\t\t)\n\t\treturn items\n\t\n\titems \u003d []\n\tname \u003d \"Root\"\n\tpathStr \u003d \"0:None:Root\"\n\tid \u003d None\n\titems.append(\n\t  {\n\t\t\"label\": name,\n\t\t\"expanded\": True,\n\t\t\"data\": {\n\t\t\t\"id\": id,\n\t\t\t\"name\": name,\n\t\t\t\"pathStr\": pathStr\n\t\t},\n\t\t\"items\": getChildrenFolders(rootFolders, pathStr)\n\t  }\n\t)\n\t\n\treturn items",
                  "type": "script"
                }
              ],
              "type": "query"
            }
          },
          "props.selection": {
            "binding": {
              "config": {
                "expression": "now(0)"
              },
              "transforms": [
                {
                  "code": "\treturn [\"0\"]",
                  "type": "script"
                }
              ],
              "type": "expr"
            }
          },
          "props.selectionData": {
            "binding": {
              "config": {
                "expression": "now(0)"
              },
              "transforms": [
                {
                  "code": "\treturn [\n\t  {\n\t    \"itemPath\": \"0\",\n\t    \"value\": {\n\t      \"name\": \"Root\",\n\t      \"id\": None,\n\t      \"pathStr\": \"0:None:Root\"\n\t    }\n\t  }\n\t]",
                  "type": "script"
                }
              ],
              "type": "expr"
            },
            "onChange": {
              "enabled": null,
              "script": "\tid \u003d None\n\tname \u003d \"Root\"\n\tpathStr \u003d \"0:None:Root\"\n\n\tselectionData \u003d self.props.selectionData\n\tif len(selectionData):\n\t\tfolder \u003d selectionData[0]\n\t\tif \"value\" in folder:\n\t\t\tif \"id\" in folder.value:\n\t\t\t\tid \u003d folder.value.id\n\t\t\t\tname \u003d folder.value.name\n\t\t\t\tpathStr \u003d folder.value.pathStr\n\t\n\tself.view.params.ID \u003d id\n\t\n\tif self.view.params.SelectFolder:\n\t\tself.session.custom.DMfilters.Folder.ID \u003d id\n\t\tself.session.custom.DMfilters.Folder.Name \u003d name\n\t\tself.session.custom.DMfilters.Folder.PathStr \u003d pathStr"
            }
          }
        },
        "props": {
          "appearance": {
            "defaultNodeIcons": {
              "collapsed": {
                "path": "material/folder",
                "style": {
                  "classes": "DocumentManagement/Menu/Icon"
                }
              },
              "empty": {
                "path": "material/folder",
                "style": {
                  "classes": "DocumentManagement/Menu/Icon"
                }
              },
              "expanded": {
                "path": "material/folder_open",
                "style": {
                  "classes": "DocumentManagement/Menu/Icon"
                }
              }
            },
            "expandIcons": {
              "collapsed": {
                "path": "material/arrow_right",
                "style": {
                  "classes": "DocumentManagement/Menu/Icon"
                }
              },
              "expanded": {
                "path": "material/arrow_drop_down",
                "style": {
                  "classes": "DocumentManagement/Menu/Icon"
                }
              }
            }
          },
          "style": {
            "classes": "Text/NormalText",
            "fontWeight": "bold"
          }
        },
        "scripts": {
          "customMethods": [],
          "extensionFunctions": null,
          "messageHandlers": [
            {
              "messageType": "folder-refresh",
              "pageScope": true,
              "script": "\tself.refreshBinding(\"props.items\")",
              "sessionScope": false,
              "viewScope": false
            },
            {
              "messageType": "folder-selected",
              "pageScope": true,
              "script": "\tself.props.selection \u003d [payload[\"path\"]]\n\tself.props.selectionData \u003d [{\"itemPath\":payload[\"pathStr\"], \"value\":{\"id\":payload[\"id\"], \"name\":payload[\"name\"], \"pathStr\":payload[\"pathStr\"]}}]",
              "sessionScope": false,
              "viewScope": false
            }
          ]
        },
        "type": "ia.display.tree"
      }
    ],
    "meta": {
      "name": "root"
    },
    "propConfig": {
      "meta.visible": {
        "binding": {
          "config": {
            "path": "view.params.ViewAccess"
          },
          "type": "property"
        }
      }
    },
    "props": {
      "direction": "column",
      "style": {
        "classes": "Global/MarginAllEmbedded"
      }
    },
    "type": "ia.container.flex"
  }
}