{
  "custom": {
    "AttributeID": "",
    "FilteredPC": "value",
    "FilteredPC_old": null,
    "MatDropdown": {
      "$": [
        "ds",
        192,
        1714145440101
      ],
      "$columns": [
        {
          "data": [
            1,
            13,
            16,
            17,
            18,
            19,
            20,
            21
          ],
          "name": "ID",
          "type": "Integer"
        },
        {
          "data": [
            "Material 1",
            "Material 2",
            "Test",
            "Test2",
            "test3",
            "Test1",
            "Ben Test Final",
            "testMaterial1"
          ],
          "name": "Name",
          "type": "String"
        },
        {
          "data": [
            null,
            null,
            null,
            null,
            null,
            null,
            null,
            null
          ],
          "name": "Description",
          "type": "String"
        },
        {
          "data": [
            true,
            true,
            true,
            true,
            true,
            true,
            true,
            true
          ],
          "name": "IsEnabled",
          "type": "Boolean"
        },
        {
          "data": [
            1713284504040,
            1713284520497,
            1713383101697,
            1713472012470,
            1713485828023,
            1713550936870,
            1713823355003,
            1713823373697
          ],
          "name": "DateModified",
          "type": "Date"
        }
      ]
    },
    "PCDropdown": {
      "$": [
        "ds",
        192,
        1714145440108
      ],
      "$columns": [
        {
          "data": [
            1,
            3,
            4
          ],
          "name": "value",
          "type": "Integer"
        },
        {
          "data": [
            "BensProductCode",
            "ProductCode1",
            "ProductCodeFinal"
          ],
          "name": "label",
          "type": "String"
        }
      ]
    },
    "PCSelection": {
      "$": [
        "ds",
        192,
        1714145440326
      ],
      "$columns": [
        {
          "data": [],
          "name": "ID",
          "type": "Integer"
        },
        {
          "data": [],
          "name": "ProductCode",
          "type": "String"
        },
        {
          "data": [],
          "name": "Description",
          "type": "String"
        },
        {
          "data": [],
          "name": "IdealRunRate",
          "type": "Integer"
        }
      ]
    },
    "SelectedPC": 0,
    "SelectedSamples": 0,
    "SelectedTestType": 0,
    "TestTypeCategory": null,
    "TestTypeDropdown": {
      "$": [
        "ds",
        192,
        1714145440073
      ],
      "$columns": [
        {
          "data": [
            4,
            1,
            3,
            2
          ],
          "name": "value",
          "type": "Integer"
        },
        {
          "data": [
            "Fan Speed",
            "QA Testing Category Test4",
            "Quality Run Through",
            "Voltage"
          ],
          "name": "label",
          "type": "String"
        }
      ]
    },
    "TestTypeID": "",
    "TestTypes": {
      "$": [
        "ds",
        192,
        1714145440101
      ],
      "$columns": [
        {
          "data": [
            1,
            2,
            3,
            4
          ],
          "name": "ID",
          "type": "Integer"
        },
        {
          "data": [
            "QA Testing Category Test4",
            "Voltage",
            "Quality Run Through",
            "Fan Speed"
          ],
          "name": "Name",
          "type": "String"
        },
        {
          "data": [
            "Part",
            "Material Lot",
            "Quality Run Through",
            "Fan Speed"
          ],
          "name": "TestTypeCategory",
          "type": "String"
        },
        {
          "data": [
            1,
            2,
            5,
            6
          ],
          "name": "TestCategoryID",
          "type": "Integer"
        },
        {
          "data": [
            "This Test Type is for QA only",
            "Testing voltage",
            "This Test Type is for QA only",
            "This Test Type is for QA only"
          ],
          "name": "Description",
          "type": "String"
        },
        {
          "data": [
            1712685114987,
            1712685151670,
            1712945423390,
            1712946349727
          ],
          "name": "DateCreated",
          "type": "Date"
        },
        {
          "data": [
            1712685114987,
            1712685151670,
            1712945423390,
            1712946349727
          ],
          "name": "DateModified",
          "type": "Date"
        }
      ]
    }
  },
  "params": {},
  "permissions": {
    "securityLevels": [
      {
        "children": [
          {
            "children": [
              {
                "children": [],
                "name": "Administrator"
              },
              {
                "children": [],
                "name": "Manager"
              }
            ],
            "name": "Roles"
          }
        ],
        "name": "Authenticated"
      }
    ],
    "type": "AnyOf"
  },
  "propConfig": {
    "custom.AttributeID": {
      "binding": {
        "config": {
          "path": "/root/Row3/AttributesTable.props.params.Params.AttributeID"
        },
        "type": "property"
      },
      "persistent": true
    },
    "custom.FilteredPC": {
      "persistent": true
    },
    "custom.FilteredPC_old": {
      "binding": {
        "config": {
          "path": "view.custom.PCSelection"
        },
        "enabled": false,
        "transforms": [
          {
            "code": "\tProductCodeDS_data \u003d self.custom.PCDropdown\n\tProductCodeSelections_data \u003d value\n\t\n\tProductCodeDS \u003d system.dataset.toPyDataSet(ProductCodeDS_data)\n\tProductCodeSelections \u003d system.dataset.toPyDataSet(ProductCodeSelections_data)\n\t\n\t\n\t\n\tdef filter_dataset(selected_ids, dataset):\n\t    filtered_rows \u003d [row for row in dataset if row[\u0027ID\u0027] in selected_ids]\n\t    return filtered_rows\n\t\n\t# Get the IDs to filter\n\tselected_ids \u003d [row[\u0027ProductCodeID\u0027] for row in ProductCodeSelections]\n\t\n\t# Filter ProductCodeDS based on ProductCodeSelections\n\tfiltered_data \u003d filter_dataset(selected_ids, ProductCodeDS)\n\t\n\t#Blank DS\n\theaders \u003d [\u0027ID\u0027,\u0027ProductCode\u0027,\u0027Description\u0027,\u0027IdealRunRate\u0027]\n\tdata \u003d []\n\t\n\t# Display the filtered data\n\tfor item in filtered_data:\n\t    data.append(item)\n\treturn system.dataset.toDataSet(headers, data)\n\t",
            "type": "script"
          }
        ],
        "type": "property"
      },
      "persistent": true
    },
    "custom.MatDropdown": {
      "binding": {
        "config": {
          "expression": "runScript(\"mes.trace.sp.getMaterials\", 0, {session.custom.SelectedSite})"
        },
        "type": "expr"
      },
      "persistent": true
    },
    "custom.PCDropdown": {
      "binding": {
        "config": {
          "expression": "runScript(\"mes.config.sp.getProductCodes\", 0)"
        },
        "type": "expr"
      },
      "persistent": true
    },
    "custom.PCSelection": {
      "binding": {
        "config": {
          "parameters": {
            "TestTypeID": "{view.custom.TestTypeID}"
          },
          "queryPath": "app/Quality/ProductCodeFromTestType"
        },
        "type": "query"
      },
      "persistent": true
    },
    "custom.SelectedPC": {
      "binding": {
        "config": {
          "expression": "toInt({/root/Row1/ProductCode/PCDropdown.props.value})"
        },
        "type": "expr"
      },
      "persistent": true
    },
    "custom.SelectedSamples": {
      "binding": {
        "config": {
          "expression": "toInt({/root/Row1/Samples/TextField.props.text})"
        },
        "type": "expr"
      },
      "persistent": true
    },
    "custom.SelectedTestType": {
      "binding": {
        "config": {
          "expression": "toInt({/root/Row1/TestType/TestDropdown.props.value})"
        },
        "type": "expr"
      },
      "persistent": true
    },
    "custom.TestTypeCategory": {
      "binding": {
        "config": {
          "path": "view.custom.TestTypeID"
        },
        "transforms": [
          {
            "code": "\tTestTypeCategory \u003d None\n\t\n\tfor row in range(self.custom.TestTypes.getRowCount()):\n\t\tif self.custom.TestTypes.getValueAt(row, \u0027ID\u0027) \u003d\u003d self.custom.TestTypeID:\n\t\t\tTestTypeCategory \u003d self.custom.TestTypes.getValueAt(row, \u0027TestTypeCategory\u0027)\n\t\n\treturn TestTypeCategory",
            "type": "script"
          }
        ],
        "type": "property"
      },
      "persistent": true
    },
    "custom.TestTypeDropdown": {
      "binding": {
        "config": {
          "parameters": {
            "siteID": "{session.custom.SelectedSite}"
          },
          "queryPath": "app/Quality/getTestTypes"
        },
        "type": "query"
      },
      "persistent": true
    },
    "custom.TestTypeID": {
      "binding": {
        "config": {
          "path": "/root/Row1/TestType/TestDropdown.props.value"
        },
        "type": "property"
      },
      "persistent": true
    },
    "custom.TestTypes": {
      "binding": {
        "config": {
          "expression": "runscript(\u0027mes.quality.sp.getTestTypes\u0027, 0, {session.custom.SelectedSite})"
        },
        "type": "expr"
      },
      "persistent": true
    }
  },
  "props": {
    "defaultSize": {
      "height": 741,
      "width": 1119
    }
  },
  "root": {
    "children": [
      {
        "children": [
          {
            "children": [
              {
                "meta": {
                  "name": "Label"
                },
                "props": {
                  "style": {
                    "classes": "Global/MarginRight"
                  },
                  "text": "Test Type:"
                },
                "type": "ia.display.label"
              },
              {
                "meta": {
                  "name": "TestDropdown"
                },
                "position": {
                  "basis": "160px"
                },
                "propConfig": {
                  "props.options": {
                    "binding": {
                      "config": {
                        "path": "view.custom.TestTypeDropdown"
                      },
                      "type": "property"
                    }
                  },
                  "props.value": {
                    "binding": {
                      "config": {
                        "bidirectional": true,
                        "path": "view.custom.filters.typeFilters"
                      },
                      "enabled": false,
                      "overlayOptOut": true,
                      "type": "property"
                    },
                    "persistent": false
                  }
                },
                "props": {
                  "dropdownOptionStyle": {
                    "classes": "TextFields/TextArea"
                  },
                  "placeholder": {
                    "text": "Select Test Type"
                  },
                  "style": {
                    "classes": "TextFields/TextArea"
                  }
                },
                "type": "ia.input.dropdown"
              }
            ],
            "meta": {
              "name": "TestType"
            },
            "position": {
              "basis": "244px"
            },
            "props": {
              "style": {
                "classes": "Global/MarginRight"
              }
            },
            "type": "ia.container.flex"
          },
          {
            "children": [
              {
                "meta": {
                  "name": "Label"
                },
                "position": {
                  "basis": "110px"
                },
                "props": {
                  "style": {
                    "classes": "Global/MarginRight"
                  },
                  "text": "Product Code:"
                },
                "type": "ia.display.label"
              },
              {
                "meta": {
                  "name": "PCDropdown"
                },
                "position": {
                  "basis": "160px"
                },
                "propConfig": {
                  "props.options": {
                    "binding": {
                      "config": {
                        "expression": "{view.custom.PCSelection}"
                      },
                      "transforms": [
                        {
                          "code": "\t#options \u003d [{ \"label\": \"All\", \"value\": \"\"  }]\n\toptions \u003d []\n\tpydata \u003d system.dataset.toPyDataSet(value)\n\t\n\tfor row in pydata:\n\t\tlabel \u003d row[\"ProductCode\"]\n\t\tvalue \u003d row[\"ID\"]\n\t\toptions.append({ \"label\": label, \"value\": value })\n\t\t\n\treturn options\n\t\t",
                          "type": "script"
                        }
                      ],
                      "type": "expr"
                    }
                  },
                  "props.value": {
                    "binding": {
                      "config": {
                        "bidirectional": true,
                        "path": "view.custom.filters.typeFilters"
                      },
                      "enabled": false,
                      "overlayOptOut": true,
                      "type": "property"
                    },
                    "persistent": false
                  }
                },
                "props": {
                  "dropdownOptionStyle": {
                    "classes": "TextFields/TextArea"
                  },
                  "placeholder": {
                    "text": "Select Product"
                  },
                  "style": {
                    "classes": "TextFields/TextArea"
                  }
                },
                "type": "ia.input.dropdown"
              }
            ],
            "meta": {
              "name": "ProductCode"
            },
            "position": {
              "basis": "290px"
            },
            "props": {
              "style": {
                "classes": "Global/MarginRight"
              }
            },
            "type": "ia.container.flex"
          },
          {
            "children": [
              {
                "meta": {
                  "name": "Label"
                },
                "position": {
                  "basis": "110px"
                },
                "props": {
                  "text": "Material:"
                },
                "type": "ia.display.label"
              },
              {
                "meta": {
                  "name": "MatDropdown"
                },
                "position": {
                  "basis": "160px"
                },
                "propConfig": {
                  "props.options": {
                    "binding": {
                      "config": {
                        "path": "view.custom.MatDropdown"
                      },
                      "type": "property"
                    }
                  }
                },
                "props": {
                  "dropdownOptionStyle": {
                    "classes": "TextFields/TextArea"
                  },
                  "placeholder": {
                    "text": "Select Material"
                  },
                  "style": {
                    "classes": "TextFields/TextArea"
                  },
                  "value": true
                },
                "type": "ia.input.dropdown"
              }
            ],
            "meta": {
              "name": "Material"
            },
            "position": {
              "basis": "290px"
            },
            "propConfig": {
              "position.display": {
                "binding": {
                  "config": {
                    "expression": "{view.custom.TestTypeCategory} \u003d \u0027Material Lot\u0027"
                  },
                  "type": "expr"
                }
              }
            },
            "props": {
              "style": {
                "classes": "Global/MarginRight"
              }
            },
            "type": "ia.container.flex"
          },
          {
            "children": [
              {
                "meta": {
                  "name": "Label"
                },
                "position": {
                  "basis": "150px"
                },
                "props": {
                  "style": {
                    "classes": "Global/MarginRight"
                  },
                  "text": "# of Samples:"
                },
                "type": "ia.display.label"
              },
              {
                "meta": {
                  "name": "TextField"
                },
                "position": {
                  "basis": "150px"
                },
                "propConfig": {
                  "props.text": {
                    "persistent": false
                  }
                },
                "props": {
                  "placeholder": "Enter Number",
                  "style": {
                    "classes": "TextFields/TextField"
                  }
                },
                "type": "ia.input.text-field"
              }
            ],
            "meta": {
              "name": "Samples"
            },
            "position": {
              "basis": "226px"
            },
            "props": {
              "style": {
                "classes": "Global/MarginRight"
              }
            },
            "type": "ia.container.flex"
          },
          {
            "children": [
              {
                "events": {
                  "component": {
                    "onActionPerformed": {
                      "config": {
                        "script": "\tsystem.perspective.sendMessage(\u0027generateTestSample\u0027)"
                      },
                      "scope": "G",
                      "type": "script"
                    }
                  }
                },
                "meta": {
                  "name": "GenerateButton"
                },
                "position": {
                  "basis": "121px"
                },
                "props": {
                  "style": {
                    "classes": "Buttons/OperatorButtons"
                  },
                  "text": "Generate"
                },
                "type": "ia.input.button"
              }
            ],
            "meta": {
              "name": "Button"
            },
            "position": {
              "basis": "200px"
            },
            "type": "ia.container.flex"
          }
        ],
        "meta": {
          "name": "Row1"
        },
        "position": {
          "basis": "42px"
        },
        "props": {
          "justify": "center",
          "style": {
            "classes": "Global/MarginBottom"
          }
        },
        "type": "ia.container.flex"
      },
      {
        "children": [
          {
            "meta": {
              "name": "Label"
            },
            "position": {
              "basis": "267px"
            },
            "props": {
              "text": "Test Sample Overview",
              "textStyle": {
                "classes": "Text/Heading"
              }
            },
            "type": "ia.display.label"
          }
        ],
        "meta": {
          "name": "Row2"
        },
        "position": {
          "basis": "42px"
        },
        "type": "ia.container.flex"
      },
      {
        "children": [
          {
            "meta": {
              "name": "AttributesTable"
            },
            "position": {
              "basis": "50%"
            },
            "propConfig": {
              "props.params.Params.ProductCode": {
                "binding": {
                  "config": {
                    "path": "view.custom.SelectedPC"
                  },
                  "type": "property"
                }
              },
              "props.params.Params.Samples": {
                "binding": {
                  "config": {
                    "path": "view.custom.SelectedSamples"
                  },
                  "type": "property"
                }
              },
              "props.params.Params.TestType": {
                "binding": {
                  "config": {
                    "path": "view.custom.SelectedTestType"
                  },
                  "type": "property"
                }
              }
            },
            "props": {
              "params": {
                "EqPath": "value",
                "HideTitle": false,
                "Icon": "",
                "IconDisplay": true,
                "Params": {
                  "AttributeID": "",
                  "EqPath": "value",
                  "State": "value",
                  "TagPath": "value",
                  "TagProvider": "value"
                },
                "Path": "App/Quality/TestSample/Embedded/AttributesView",
                "Provider": "value",
                "SizeBasis": "value",
                "TagPath": "value",
                "Title": "Attributes",
                "Type": "value",
                "useDefaultHeight": false,
                "useDefaultWidth": false
              },
              "path": "GlobalComponents/Cards/Card",
              "style": {
                "classes": "Global/MarginRight"
              }
            },
            "type": "ia.display.view"
          },
          {
            "meta": {
              "name": "Chart"
            },
            "position": {
              "basis": "50%",
              "grow": 1
            },
            "propConfig": {
              "props.params.Params.Samples": {
                "binding": {
                  "config": {
                    "path": ".../Row1/Samples/TextField.props.text"
                  },
                  "type": "property"
                }
              }
            },
            "props": {
              "params": {
                "EqPath": "value",
                "HideTitle": false,
                "Icon": "",
                "IconDisplay": true,
                "Params": {
                  "EqPath": "value",
                  "State": "value",
                  "TagPath": "value",
                  "TagProvider": "value"
                },
                "Path": "App/Quality/TestSample/Embedded/ChartView",
                "Provider": "value",
                "SizeBasis": "value",
                "TagPath": "value",
                "Title": "Chart",
                "Type": "value",
                "useDefaultHeight": false,
                "useDefaultWidth": false
              },
              "path": "GlobalComponents/Cards/Card"
            },
            "type": "ia.display.view"
          }
        ],
        "meta": {
          "name": "Row3"
        },
        "position": {
          "basis": "200px",
          "grow": 1
        },
        "type": "ia.container.flex"
      }
    ],
    "meta": {
      "name": "root"
    },
    "props": {
      "direction": "column",
      "style": {
        "classes": "Global/MarginAll"
      }
    },
    "type": "ia.container.flex"
  }
}