{
  "custom": {
    "StartingFolderPath": "\"[GatewayHealth]Gateways/Tag1/\""
  },
  "params": {},
  "permissions": {
    "securityLevels": [
      {
        "children": [
          {
            "children": [
              {
                "children": [],
                "name": "Administrator"
              },
              {
                "children": [],
                "name": "Manager"
              }
            ],
            "name": "Roles"
          }
        ],
        "name": "Authenticated"
      }
    ],
    "type": "AnyOf"
  },
  "propConfig": {
    "custom.StartingFolderPath": {
      "persistent": true
    }
  },
  "props": {
    "defaultSize": {
      "height": 1296,
      "width": 1624
    }
  },
  "root": {
    "children": [
      {
        "custom": {
          "SelectedSite": "value"
        },
        "meta": {
          "name": "EmbeddedView_0"
        },
        "position": {
          "basis": "320px",
          "grow": 1
        },
        "props": {
          "params": {
            "EqPath": "value",
            "HideTitle": false,
            "Icon": "",
            "IconDisplay": true,
            "Params": {
              "State": "value"
            },
            "Path": "App/TrackAndTrace/WorkInProgress/Embedded/PartsTable",
            "Provider": "value",
            "SizeBasis": "value",
            "TagPath": "value",
            "Title": "Work In Progress Table",
            "Type": "value",
            "useDefaultHeight": false,
            "useDefaultWidth": false
          },
          "path": "GlobalComponents/Cards/Card",
          "style": {
            "classes": "Global/MarginAllRight Global/MarginAllTop Global/MarginBottom Global/MarginLeft"
          }
        },
        "scripts": {
          "customMethods": [],
          "extensionFunctions": null,
          "messageHandlers": [
            {
              "messageType": "changedInventory",
              "pageScope": true,
              "script": "\tself.props.params.Title \u003d payload[\"label\"]",
              "sessionScope": false,
              "viewScope": false
            }
          ]
        },
        "type": "ia.display.view"
      }
    ],
    "meta": {
      "name": "root"
    },
    "props": {
      "direction": "column",
      "style": {
        "classes": "Global/MarginAll"
      }
    },
    "type": "ia.container.flex"
  }
}