{
  "custom": {
    "Colors": [
      "#D65745",
      "#EAC645",
      "#D8833B",
      "#5296D5",
      "#2A64C5"
    ]
  },
  "params": {
    "Data": {
      "$": [
        "ds",
        192,
        1697052026863
      ],
      "$columns": [
        {
          "data": [
            390,
            389,
            388,
            387,
            386,
            380,
            379,
            376,
            375,
            373,
            372
          ],
          "name": "id",
          "type": "Integer"
        },
        {
          "data": [
            140,
            18,
            18,
            18,
            18,
            18,
            18,
            18,
            15,
            23,
            15
          ],
          "name": "reason_id",
          "type": "Integer"
        },
        {
          "data": [
            "Normal Chip",
            "Pulls Out/Falls Off",
            "Pulls Out/Falls Off",
            "Pulls Out/Falls Off",
            "Pulls Out/Falls Off",
            "Pulls Out/Falls Off",
            "Pulls Out/Falls Off",
            "Pulls Out/Falls Off",
            "Cracked",
            "Graphics",
            "Cracked"
          ],
          "name": "reason_name",
          "type": "String"
        },
        {
          "data": [
            "Oven1",
            "Oven1",
            "Oven1",
            null,
            null,
            null,
            null,
            null,
            null,
            null,
            null
          ],
          "name": "Line",
          "type": "String"
        },
        {
          "data": [
            "BigOrderNo2",
            "BigOrderNo2",
            "BigOrderNo2",
            "Testing SFN1",
            "SFN3WO1",
            "",
            "WO-8675309",
            "WO-20230627-08535022",
            "WO-20230518-18203541",
            "WO-20230606-11142572",
            "WO-20230606-11142572"
          ],
          "name": "planned_order",
          "type": "String"
        },
        {
          "data": [
            "ProductCode1",
            "ProductCode1",
            "ProductCode1",
            "HighPPM",
            "HighPPM",
            "",
            "ObviousFake",
            "HighPPM",
            "HighPPM",
            "HighPPM",
            "HighPPM"
          ],
          "name": "product_code",
          "type": "String"
        },
        {
          "data": [
            20,
            20,
            20,
            2,
            2,
            null,
            13,
            2,
            2,
            2,
            2
          ],
          "name": "product_code_id",
          "type": "Integer"
        },
        {
          "data": [
            "Shift 2",
            "Shift 2",
            "Shift 2",
            "Shift 2",
            "Shift 2",
            "Shift 2",
            "Shift 2",
            "Shift 2",
            "Shift 2",
            "Shift 2",
            "Shift 2"
          ],
          "name": "shift",
          "type": "String"
        },
        {
          "data": [
            250,
            10,
            55,
            55,
            55,
            22,
            50,
            10,
            22,
            22,
            22
          ],
          "name": "quantity",
          "type": "Double"
        },
        {
          "data": [
            1697029397132,
            1697029368223,
            1697029270851,
            1695739832122,
            1695214688616,
            1692979906735,
            1689294676682,
            1689020274422,
            1686684611374,
            1686149499770,
            1686144677504
          ],
          "name": "time_recorded",
          "type": "Date"
        }
      ]
    }
  },
  "propConfig": {
    "custom.Colors": {
      "persistent": true
    },
    "params.Data": {
      "paramDirection": "input",
      "persistent": true
    }
  },
  "props": {
    "defaultSize": {
      "height": 596,
      "width": 972
    }
  },
  "root": {
    "children": [
      {
        "meta": {
          "name": "XYChart"
        },
        "position": {
          "grow": 1
        },
        "propConfig": {
          "props.dataSources.example": {
            "binding": {
              "config": {
                "path": "view.params.Data"
              },
              "transforms": [
                {
                  "code": "\treturn system.dataset.sort(value, 8, False, False)",
                  "type": "script"
                }
              ],
              "type": "property"
            }
          },
          "props.series[0].tooltip.text": {
            "binding": {
              "config": {
                "expression": "\u0027[/bold]\u0027+\u0027{Line}\u0027+\u0027[/]\u0027\r\n+\u0027\\n\\t\u0027+\u0027[/bold]WO[/]:\u0027+\u0027{planned_order}\u0027\r\n+\u0027\\n\\t\u0027+\u0027[/bold]Product Code[/]:\u0027+\u0027{product_code}\u0027\r\n+\u0027\\n\\t\u0027+\u0027[/bold]Shift[/]:\u0027+\u0027{shift}\u0027"
              },
              "type": "expr"
            }
          }
        },
        "props": {
          "background": {
            "render": "color"
          },
          "dataSources": {},
          "legend": {
            "labels": {
              "font": {
                "color": "white"
              }
            }
          },
          "series": [
            {
              "candlestick": {
                "appearance": {
                  "deriveFieldsFromData": {
                    "fill": {
                      "color": "",
                      "opacity": ""
                    },
                    "stroke": {
                      "color": "",
                      "opacity": "",
                      "width": ""
                    }
                  },
                  "fill": {
                    "color": "",
                    "opacity": 1
                  },
                  "heatRules": {
                    "dataField": "",
                    "enabled": false,
                    "max": "",
                    "min": ""
                  },
                  "stacked": false,
                  "stroke": {
                    "color": "",
                    "opacity": 1,
                    "width": 1
                  }
                },
                "high": {
                  "x": "",
                  "y": ""
                },
                "low": {
                  "x": "",
                  "y": ""
                },
                "open": {
                  "x": "",
                  "y": ""
                }
              },
              "column": {
                "appearance": {
                  "deriveFieldsFromData": {
                    "fill": {
                      "color": "Color",
                      "opacity": ""
                    },
                    "stroke": {
                      "color": "",
                      "opacity": "",
                      "width": ""
                    }
                  },
                  "fill": {
                    "color": "",
                    "opacity": 1
                  },
                  "heatRules": {
                    "dataField": "",
                    "enabled": false,
                    "max": "",
                    "min": ""
                  },
                  "height": null,
                  "stacked": false,
                  "stroke": {
                    "color": "black",
                    "opacity": 1,
                    "width": 1
                  },
                  "width": null
                },
                "open": {
                  "x": "",
                  "y": ""
                }
              },
              "data": {
                "source": "example",
                "x": "quantity",
                "y": "planned_order"
              },
              "defaultState": {
                "visible": true
              },
              "hiddenInLegend": true,
              "label": {
                "text": "Top 5 Downtime Reasons"
              },
              "line": {
                "appearance": {
                  "bullets": [
                    {
                      "deriveFieldsFromData": {
                        "fill": {
                          "color": "",
                          "opacity": ""
                        },
                        "rotation": "",
                        "stroke": {
                          "color": "",
                          "opacity": "",
                          "width": ""
                        }
                      },
                      "enabled": false,
                      "fill": {
                        "color": "",
                        "opacity": 1
                      },
                      "heatRules": {
                        "dataField": "",
                        "enabled": false,
                        "max": 100,
                        "min": 2
                      },
                      "height": 10,
                      "label": {
                        "position": {
                          "dx": 0,
                          "dy": 0
                        },
                        "text": "{value}"
                      },
                      "render": "circle",
                      "rotation": 0,
                      "stroke": {
                        "color": "",
                        "opacity": 1,
                        "width": 1
                      },
                      "tooltip": {
                        "background": {
                          "color": "",
                          "opacity": 1
                        },
                        "cornerRadius": 3,
                        "enabled": true,
                        "pointerLength": 4,
                        "text": "{name}: [bold]{valueY}[/]"
                      },
                      "width": 10
                    }
                  ],
                  "connect": true,
                  "fill": {
                    "color": "",
                    "opacity": 0
                  },
                  "minDistance": 0.5,
                  "stroke": {
                    "color": "",
                    "dashArray": "",
                    "opacity": 1,
                    "width": 3
                  },
                  "tensionX": 1,
                  "tensionY": 1
                },
                "open": {
                  "x": "",
                  "y": ""
                }
              },
              "name": "BarChart",
              "render": "column",
              "stepLine": {
                "appearance": {
                  "bullets": [
                    {
                      "deriveFieldsFromData": {
                        "fill": {
                          "color": "",
                          "opacity": ""
                        },
                        "rotation": "",
                        "stroke": {
                          "color": "",
                          "opacity": "",
                          "width": ""
                        }
                      },
                      "enabled": true,
                      "fill": {
                        "color": "",
                        "opacity": 1
                      },
                      "heatRules": {
                        "dataField": "",
                        "enabled": false,
                        "max": 100,
                        "min": 2
                      },
                      "height": 10,
                      "label": {
                        "position": {
                          "dx": 0,
                          "dy": 0
                        },
                        "text": "{value}"
                      },
                      "render": "circle",
                      "rotation": 0,
                      "stroke": {
                        "color": "",
                        "opacity": 1,
                        "width": 1
                      },
                      "tooltip": {
                        "background": {
                          "color": "",
                          "opacity": 1
                        },
                        "cornerRadius": 3,
                        "enabled": true,
                        "pointerLength": 4,
                        "text": "{name}: [bold]{valueY}[/]"
                      },
                      "width": 10
                    }
                  ],
                  "connect": true,
                  "fill": {
                    "color": "",
                    "opacity": 0
                  },
                  "minDistance": 0.5,
                  "stroke": {
                    "color": "",
                    "dashArray": "",
                    "opacity": 1,
                    "width": 3
                  },
                  "tensionX": 1,
                  "tensionY": 1
                },
                "open": {
                  "x": "",
                  "y": ""
                }
              },
              "tooltip": {
                "background": {
                  "color": "",
                  "opacity": 1
                },
                "cornerRadius": 3,
                "enabled": true,
                "pointerLength": 4
              },
              "visible": true,
              "xAxis": "process temp",
              "yAxis": "time",
              "zIndex": 0
            },
            {
              "candlestick": {
                "appearance": {
                  "deriveFieldsFromData": {
                    "fill": {
                      "color": "",
                      "opacity": ""
                    },
                    "stroke": {
                      "color": "",
                      "opacity": "",
                      "width": ""
                    }
                  },
                  "fill": {
                    "color": "",
                    "opacity": 1
                  },
                  "heatRules": {
                    "dataField": "",
                    "enabled": false,
                    "max": "",
                    "min": ""
                  },
                  "stacked": false,
                  "stroke": {
                    "color": "",
                    "opacity": 1,
                    "width": 1
                  }
                },
                "high": {
                  "x": "",
                  "y": ""
                },
                "low": {
                  "x": "",
                  "y": ""
                },
                "open": {
                  "x": "",
                  "y": ""
                }
              },
              "column": {
                "appearance": {
                  "deriveFieldsFromData": {
                    "fill": {
                      "color": "",
                      "opacity": ""
                    },
                    "stroke": {
                      "color": "",
                      "opacity": "",
                      "width": ""
                    }
                  },
                  "fill": {
                    "color": "",
                    "opacity": 1
                  },
                  "heatRules": {
                    "dataField": "",
                    "enabled": false,
                    "max": "",
                    "min": ""
                  },
                  "height": null,
                  "stacked": false,
                  "stroke": {
                    "color": "",
                    "opacity": 1,
                    "width": 1
                  },
                  "width": null
                },
                "open": {
                  "x": "",
                  "y": ""
                }
              },
              "data": {
                "source": "example",
                "x": "quantity",
                "y": "planned_order"
              },
              "defaultState": {
                "visible": true
              },
              "hiddenInLegend": true,
              "label": {
                "text": "Top 5 Downtime Reasons"
              },
              "line": {
                "appearance": {
                  "bullets": [
                    {
                      "deriveFieldsFromData": {
                        "fill": {
                          "color": "",
                          "opacity": ""
                        },
                        "rotation": "",
                        "stroke": {
                          "color": "",
                          "opacity": "",
                          "width": ""
                        }
                      },
                      "enabled": true,
                      "fill": {
                        "color": "white",
                        "opacity": 1
                      },
                      "heatRules": {
                        "dataField": "",
                        "enabled": false,
                        "max": 100,
                        "min": 2
                      },
                      "height": 10,
                      "label": {
                        "position": {
                          "dx": -45,
                          "dy": 0
                        },
                        "text": "{product_code}"
                      },
                      "render": "label",
                      "rotation": 0,
                      "stroke": {
                        "color": "",
                        "opacity": 1,
                        "width": 1
                      },
                      "tooltip": {
                        "background": {
                          "color": "",
                          "opacity": 1
                        },
                        "cornerRadius": 3,
                        "enabled": true,
                        "pointerLength": 4,
                        "text": "{Duration}"
                      },
                      "width": 10
                    }
                  ],
                  "connect": true,
                  "fill": {
                    "color": "",
                    "opacity": 0
                  },
                  "minDistance": 0.5,
                  "stroke": {
                    "color": "",
                    "dashArray": "",
                    "opacity": 1,
                    "width": 0
                  },
                  "tensionX": 1,
                  "tensionY": 1
                },
                "open": {
                  "x": "",
                  "y": ""
                }
              },
              "name": "Labels",
              "render": "line",
              "stepLine": {
                "appearance": {
                  "bullets": [
                    {
                      "deriveFieldsFromData": {
                        "fill": {
                          "color": "",
                          "opacity": ""
                        },
                        "rotation": "",
                        "stroke": {
                          "color": "",
                          "opacity": "",
                          "width": ""
                        }
                      },
                      "enabled": true,
                      "fill": {
                        "color": "",
                        "opacity": 1
                      },
                      "heatRules": {
                        "dataField": "",
                        "enabled": false,
                        "max": 100,
                        "min": 2
                      },
                      "height": 10,
                      "label": {
                        "position": {
                          "dx": 0,
                          "dy": 0
                        },
                        "text": "{value}"
                      },
                      "render": "circle",
                      "rotation": 0,
                      "stroke": {
                        "color": "",
                        "opacity": 1,
                        "width": 1
                      },
                      "tooltip": {
                        "background": {
                          "color": "",
                          "opacity": 1
                        },
                        "cornerRadius": 3,
                        "enabled": true,
                        "pointerLength": 4,
                        "text": "{name}: [bold]{valueY}[/]"
                      },
                      "width": 10
                    }
                  ],
                  "connect": true,
                  "fill": {
                    "color": "",
                    "opacity": 0
                  },
                  "minDistance": 0.5,
                  "stroke": {
                    "color": "",
                    "dashArray": "",
                    "opacity": 1,
                    "width": 3
                  },
                  "tensionX": 1,
                  "tensionY": 1
                },
                "open": {
                  "x": "",
                  "y": ""
                }
              },
              "tooltip": {
                "background": {
                  "color": "",
                  "opacity": 1
                },
                "cornerRadius": 3,
                "enabled": true,
                "pointerLength": 4,
                "text": "{name}: [bold]{valueX}[/]"
              },
              "visible": true,
              "xAxis": "process temp",
              "yAxis": "time",
              "zIndex": 0
            }
          ],
          "style": {
            "classes": "Text/SmallText",
            "overflow": "hidden"
          },
          "subtitle": {
            "appearance": {
              "color": "white"
            }
          },
          "title": {
            "appearance": {
              "color": "white"
            }
          },
          "xAxes": [
            {
              "appearance": {
                "font": {
                  "size": "",
                  "weight": 500
                },
                "grid": {
                  "color": "",
                  "dashArray": "",
                  "minDistance": null,
                  "opacity": 0.2,
                  "position": 0.5
                },
                "inside": false,
                "labels": {
                  "color": "white",
                  "horizontalCenter": "middle",
                  "opacity": 1,
                  "rotation": 0,
                  "verticalCenter": "middle"
                },
                "opposite": false
              },
              "category": {
                "break": {
                  "enabled": false,
                  "endCategory": "",
                  "size": 0.05,
                  "startCategory": ""
                }
              },
              "date": {
                "baseInterval": {
                  "count": 1,
                  "enabled": false,
                  "skipEmptyPeriods": false,
                  "timeUnit": "hour"
                },
                "break": {
                  "enabled": false,
                  "endDate": "",
                  "size": 0.05,
                  "startDate": ""
                },
                "format": "M/d/yyyy HH:mm:ss",
                "inputFormat": "yyyy-MM-dd kk:mm:ss",
                "range": {
                  "max": "",
                  "min": "",
                  "useStrict": false
                }
              },
              "inversed": false,
              "label": {
                "color": "white",
                "enabled": true,
                "text": "Quantity"
              },
              "name": "process temp",
              "render": "value",
              "tooltip": {
                "background": {
                  "color": "",
                  "opacity": 1
                },
                "cornerRadius": 3,
                "enabled": true,
                "pointerLength": 4,
                "text": ""
              },
              "value": {
                "break": {
                  "enabled": false,
                  "endValue": 100,
                  "size": 0.05,
                  "startValue": 0
                },
                "format": "#,###.##",
                "logarithmic": false,
                "range": {
                  "max": "",
                  "min": "",
                  "useStrict": false
                }
              },
              "visible": true
            }
          ],
          "yAxes": [
            {
              "appearance": {
                "font": {
                  "size": "",
                  "weight": 500
                },
                "grid": {
                  "color": "",
                  "dashArray": "",
                  "minDistance": 60,
                  "opacity": 0.2,
                  "position": 0.5
                },
                "inside": false,
                "labels": {
                  "color": "white",
                  "horizontalCenter": "middle",
                  "opacity": 1,
                  "rotation": 0,
                  "verticalCenter": "middle"
                },
                "opposite": false
              },
              "category": {
                "break": {
                  "enabled": false,
                  "endCategory": "",
                  "size": 0.05,
                  "startCategory": ""
                }
              },
              "date": {
                "baseInterval": {
                  "count": 1,
                  "enabled": false,
                  "skipEmptyPeriods": false,
                  "timeUnit": "hour"
                },
                "break": {
                  "enabled": false,
                  "endDate": "",
                  "size": 0.05,
                  "startDate": ""
                },
                "format": "M/d",
                "inputFormat": "yyyy-MM-dd kk:mm:ss",
                "range": {
                  "max": "",
                  "min": "",
                  "useStrict": false
                }
              },
              "inversed": false,
              "label": {
                "color": "white",
                "enabled": true,
                "text": "Downtime Duration"
              },
              "name": "time",
              "render": "category",
              "tooltip": {
                "background": {
                  "color": "",
                  "opacity": 1
                },
                "cornerRadius": 3,
                "enabled": true,
                "pointerLength": 4,
                "text": ""
              },
              "value": {
                "break": {
                  "enabled": false,
                  "endValue": 100,
                  "size": 0.05,
                  "startValue": 0
                },
                "format": "#,###.##",
                "logarithmic": false,
                "range": {
                  "max": "",
                  "min": "",
                  "useStrict": false
                }
              },
              "visible": true
            }
          ]
        },
        "type": "ia.chart.xy"
      }
    ],
    "meta": {
      "name": "root"
    },
    "props": {
      "direction": "column"
    },
    "type": "ia.container.flex"
  }
}