{
  "custom": {
    "AttributeID": 13,
    "Data": {
      "$": [
        "ds",
        192,
        1686082576486
      ],
      "$columns": [
        {
          "data": [
            18,
            17,
            16,
            15,
            14,
            13,
            12,
            11,
            10,
            9
          ],
          "name": "RowNumber",
          "type": "Long"
        },
        {
          "data": [
            13,
            13,
            13,
            13,
            13,
            13,
            13,
            13,
            13,
            13
          ],
          "name": "TestAttributeID",
          "type": "Integer"
        },
        {
          "data": [
            "Test",
            "Test",
            "Test",
            "Test",
            "Test",
            "Test",
            "Test",
            "Test",
            "Test",
            "Test"
          ],
          "name": "Name",
          "type": "String"
        },
        {
          "data": [
            1685715832427,
            1685715832427,
            1685715832427,
            1685715832427,
            1685715832427,
            1685715832427,
            1685715832427,
            1685715832427,
            1685715832427,
            1685715832427
          ],
          "name": "DateCreated",
          "type": "Date"
        },
        {
          "data": [
            10,
            99,
            7,
            6,
            6,
            9,
            9,
            5,
            10,
            7
          ],
          "name": "TestedValue",
          "type": "Double"
        },
        {
          "data": [
            70,
            70,
            70,
            70,
            70,
            70,
            70,
            70,
            70,
            70
          ],
          "name": "HiHiLimit",
          "type": "Double"
        },
        {
          "data": [
            12,
            12,
            12,
            12,
            12,
            12,
            12,
            12,
            12,
            12
          ],
          "name": "HiLimit",
          "type": "Double"
        },
        {
          "data": [
            50,
            50,
            50,
            50,
            50,
            50,
            50,
            50,
            50,
            50
          ],
          "name": "TargetValue",
          "type": "Double"
        },
        {
          "data": [
            30,
            30,
            30,
            30,
            30,
            30,
            30,
            30,
            30,
            30
          ],
          "name": "LoLimit",
          "type": "Double"
        },
        {
          "data": [
            20,
            20,
            20,
            20,
            20,
            20,
            20,
            20,
            20,
            20
          ],
          "name": "LoLoLimit",
          "type": "Double"
        }
      ]
    },
    "DatasetMax": 80,
    "DatasetMin": 10,
    "Hi": 12,
    "Lo": 30,
    "Samples": 10
  },
  "params": {},
  "propConfig": {
    "custom.AttributeID": {
      "persistent": true
    },
    "custom.Data": {
      "binding": {
        "config": {
          "expression": "runScript(\u0027mes.quality.sp.getTestAttributeTrend\u0027, \r\n\t0, \r\n\t{view.custom.AttributeID}, \r\n\t{view.custom.Samples}\r\n)"
        },
        "type": "expr"
      },
      "persistent": true
    },
    "custom.DatasetMax": {
      "binding": {
        "config": {
          "expression": "coalesce(max({view.custom.Data}, \u0027HiHiLimit\u0027), 0) + 10"
        },
        "type": "expr"
      },
      "persistent": true
    },
    "custom.DatasetMin": {
      "binding": {
        "config": {
          "expression": "coalesce(min({view.custom.Data}, \u0027LoLoLimit\u0027), 0) - 10"
        },
        "type": "expr"
      },
      "persistent": true
    },
    "custom.Hi": {
      "binding": {
        "config": {
          "expression": "max({view.custom.Data}, \u0027HiLimit\u0027)"
        },
        "type": "expr"
      },
      "persistent": true
    },
    "custom.Lo": {
      "binding": {
        "config": {
          "expression": "min({view.custom.Data}, \u0027LoLimit\u0027)"
        },
        "type": "expr"
      },
      "persistent": true
    },
    "custom.Samples": {
      "persistent": true
    }
  },
  "props": {
    "defaultSize": {
      "height": 396,
      "width": 738
    }
  },
  "root": {
    "children": [
      {
        "meta": {
          "name": "XYChart"
        },
        "position": {
          "basis": "340px"
        },
        "propConfig": {
          "props.dataSources.example": {
            "binding": {
              "config": {
                "path": "view.custom.Data"
              },
              "transforms": [
                {
                  "code": "\tjson \u003d gpa.data.datasetToJson(value)\n\tdsMin \u003d self.view.custom.Lo\n\tdsMax \u003d self.view.custom.Hi\n\t\n\tfor j in json:\n\t\tif j[\u0027TestedValue\u0027] \u003e dsMax: j[\u0027color\u0027] \u003d \u0027red\u0027\n\t\telif j[\u0027TestedValue\u0027] \u003c dsMin: j[\u0027color\u0027] \u003d \u0027red\u0027\n\t\telse: j[\u0027color\u0027] \u003d \u0027#66b7dd\u0027\n\t\t\n\treturn json",
                  "type": "script"
                }
              ],
              "type": "property"
            }
          },
          "props.yAxes[0].value.range.max": {
            "binding": {
              "config": {
                "path": "view.custom.DatasetMax"
              },
              "type": "property"
            }
          },
          "props.yAxes[0].value.range.min": {
            "binding": {
              "config": {
                "path": "view.custom.DatasetMin"
              },
              "type": "property"
            }
          },
          "props.yAxes[1].value.range.max": {
            "binding": {
              "config": {
                "path": "view.custom.DatasetMax"
              },
              "type": "property"
            }
          },
          "props.yAxes[1].value.range.min": {
            "binding": {
              "config": {
                "path": "view.custom.DatasetMin"
              },
              "type": "property"
            }
          },
          "props.yAxes[2].value.range.max": {
            "binding": {
              "config": {
                "path": "view.custom.DatasetMax"
              },
              "type": "property"
            }
          },
          "props.yAxes[2].value.range.min": {
            "binding": {
              "config": {
                "path": "view.custom.DatasetMin"
              },
              "type": "property"
            }
          },
          "props.yAxes[3].value.range.max": {
            "binding": {
              "config": {
                "path": "view.custom.DatasetMax"
              },
              "type": "property"
            }
          },
          "props.yAxes[3].value.range.min": {
            "binding": {
              "config": {
                "path": "view.custom.DatasetMin"
              },
              "type": "property"
            }
          },
          "props.yAxes[4].value.range.max": {
            "binding": {
              "config": {
                "path": "view.custom.DatasetMax"
              },
              "type": "property"
            }
          },
          "props.yAxes[4].value.range.min": {
            "binding": {
              "config": {
                "path": "view.custom.DatasetMin"
              },
              "type": "property"
            }
          },
          "props.yAxes[5].value.range.max": {
            "binding": {
              "config": {
                "path": "view.custom.DatasetMax"
              },
              "type": "property"
            }
          },
          "props.yAxes[5].value.range.min": {
            "binding": {
              "config": {
                "path": "view.custom.DatasetMin"
              },
              "type": "property"
            }
          }
        },
        "props": {
          "background": {
            "render": "color"
          },
          "dataSources": {},
          "legend": {
            "enabled": false,
            "position": "top"
          },
          "series": [
            {
              "candlestick": {
                "appearance": {
                  "deriveFieldsFromData": {
                    "fill": {
                      "color": "",
                      "opacity": ""
                    },
                    "stroke": {
                      "color": "",
                      "opacity": "",
                      "width": ""
                    }
                  },
                  "fill": {
                    "color": "",
                    "opacity": 1
                  },
                  "heatRules": {
                    "dataField": "",
                    "enabled": false,
                    "max": "",
                    "min": ""
                  },
                  "stacked": false,
                  "stroke": {
                    "color": "",
                    "opacity": 1,
                    "width": 1
                  }
                },
                "high": {
                  "x": "",
                  "y": ""
                },
                "low": {
                  "x": "",
                  "y": ""
                },
                "open": {
                  "x": "",
                  "y": ""
                }
              },
              "column": {
                "appearance": {
                  "deriveFieldsFromData": {
                    "fill": {
                      "color": "",
                      "opacity": ""
                    },
                    "stroke": {
                      "color": "",
                      "opacity": "",
                      "width": ""
                    }
                  },
                  "fill": {
                    "color": "",
                    "opacity": 1
                  },
                  "heatRules": {
                    "dataField": "",
                    "enabled": false,
                    "max": "",
                    "min": ""
                  },
                  "height": null,
                  "stacked": false,
                  "stroke": {
                    "color": "",
                    "opacity": 1,
                    "width": 1
                  },
                  "width": null
                },
                "open": {
                  "x": "",
                  "y": ""
                }
              },
              "data": {
                "source": "example",
                "x": "RowNumber",
                "y": "TestedValue"
              },
              "defaultState": {
                "visible": true
              },
              "hiddenInLegend": false,
              "label": {
                "text": "Tested Value"
              },
              "line": {
                "appearance": {
                  "bullets": [
                    {
                      "deriveFieldsFromData": {
                        "fill": {
                          "color": "color",
                          "opacity": ""
                        },
                        "rotation": "",
                        "stroke": {
                          "color": "color",
                          "opacity": "",
                          "width": ""
                        }
                      },
                      "enabled": true,
                      "fill": {
                        "color": "",
                        "opacity": 1
                      },
                      "heatRules": {
                        "dataField": "",
                        "enabled": false,
                        "max": 100,
                        "min": 2
                      },
                      "height": 10,
                      "label": {
                        "position": {
                          "dx": 0,
                          "dy": 0
                        },
                        "text": "{value}"
                      },
                      "render": "circle",
                      "rotation": 0,
                      "stroke": {
                        "color": "",
                        "opacity": 1,
                        "width": 1
                      },
                      "tooltip": {
                        "background": {
                          "color": "",
                          "opacity": 1
                        },
                        "cornerRadius": 3,
                        "enabled": true,
                        "pointerLength": 4,
                        "text": "{name}: [bold]{valueY}[/]"
                      },
                      "width": 10
                    }
                  ],
                  "connect": true,
                  "fill": {
                    "color": "",
                    "opacity": 0
                  },
                  "minDistance": 0.5,
                  "stroke": {
                    "color": "",
                    "dashArray": "",
                    "opacity": 1,
                    "width": 5
                  },
                  "tensionX": 1,
                  "tensionY": 1
                },
                "open": {
                  "x": "",
                  "y": ""
                }
              },
              "name": "Tested Value",
              "render": "line",
              "stepLine": {
                "appearance": {
                  "bullets": [
                    {
                      "deriveFieldsFromData": {
                        "fill": {
                          "color": "",
                          "opacity": ""
                        },
                        "rotation": "",
                        "stroke": {
                          "color": "",
                          "opacity": "",
                          "width": ""
                        }
                      },
                      "enabled": true,
                      "fill": {
                        "color": "",
                        "opacity": 1
                      },
                      "heatRules": {
                        "dataField": "",
                        "enabled": false,
                        "max": 100,
                        "min": 2
                      },
                      "height": 10,
                      "label": {
                        "position": {
                          "dx": 0,
                          "dy": 0
                        },
                        "text": "{value}"
                      },
                      "render": "circle",
                      "rotation": 0,
                      "stroke": {
                        "color": "",
                        "opacity": 1,
                        "width": 1
                      },
                      "tooltip": {
                        "background": {
                          "color": "",
                          "opacity": 1
                        },
                        "cornerRadius": 3,
                        "enabled": true,
                        "pointerLength": 4,
                        "text": "{name}: [bold]{valueY}[/]"
                      },
                      "width": 10
                    }
                  ],
                  "connect": true,
                  "fill": {
                    "color": "",
                    "opacity": 0
                  },
                  "minDistance": 0.5,
                  "stroke": {
                    "color": "",
                    "dashArray": "",
                    "opacity": 1,
                    "width": 3
                  },
                  "tensionX": 1,
                  "tensionY": 1
                },
                "open": {
                  "x": "",
                  "y": ""
                }
              },
              "tooltip": {
                "background": {
                  "color": "",
                  "opacity": 1
                },
                "cornerRadius": 3,
                "enabled": true,
                "pointerLength": 4,
                "text": "{name}: [bold]{valueY}[/]"
              },
              "visible": true,
              "xAxis": "RowNumber",
              "yAxis": "TestedValue",
              "zIndex": 9999
            },
            {
              "candlestick": {
                "appearance": {
                  "deriveFieldsFromData": {
                    "fill": {
                      "color": "",
                      "opacity": ""
                    },
                    "stroke": {
                      "color": "",
                      "opacity": "",
                      "width": ""
                    }
                  },
                  "fill": {
                    "color": "",
                    "opacity": 1
                  },
                  "heatRules": {
                    "dataField": "",
                    "enabled": false,
                    "max": "",
                    "min": ""
                  },
                  "stacked": false,
                  "stroke": {
                    "color": "",
                    "opacity": 1,
                    "width": 1
                  }
                },
                "high": {
                  "x": "",
                  "y": ""
                },
                "low": {
                  "x": "",
                  "y": ""
                },
                "open": {
                  "x": "",
                  "y": ""
                }
              },
              "column": {
                "appearance": {
                  "deriveFieldsFromData": {
                    "fill": {
                      "color": "",
                      "opacity": ""
                    },
                    "stroke": {
                      "color": "",
                      "opacity": "",
                      "width": ""
                    }
                  },
                  "fill": {
                    "color": "",
                    "opacity": 1
                  },
                  "heatRules": {
                    "dataField": "",
                    "enabled": false,
                    "max": "",
                    "min": ""
                  },
                  "height": null,
                  "stacked": false,
                  "stroke": {
                    "color": "",
                    "opacity": 1,
                    "width": 1
                  },
                  "width": null
                },
                "open": {
                  "x": "",
                  "y": ""
                }
              },
              "data": {
                "source": "example",
                "x": "RowNumber",
                "y": "TargetValue"
              },
              "defaultState": {
                "visible": true
              },
              "hiddenInLegend": false,
              "label": {
                "text": "Target"
              },
              "line": {
                "appearance": {
                  "bullets": [
                    {
                      "deriveFieldsFromData": {
                        "fill": {
                          "color": "",
                          "opacity": ""
                        },
                        "rotation": "",
                        "stroke": {
                          "color": "",
                          "opacity": "",
                          "width": ""
                        }
                      },
                      "enabled": false,
                      "fill": {
                        "color": "",
                        "opacity": 1
                      },
                      "heatRules": {
                        "dataField": "",
                        "enabled": false,
                        "max": 100,
                        "min": 2
                      },
                      "height": 10,
                      "label": {
                        "position": {
                          "dx": 0,
                          "dy": 0
                        },
                        "text": "{value}"
                      },
                      "render": "circle",
                      "rotation": 0,
                      "stroke": {
                        "color": "",
                        "opacity": 1,
                        "width": 1
                      },
                      "tooltip": {
                        "background": {
                          "color": "",
                          "opacity": 1
                        },
                        "cornerRadius": 3,
                        "enabled": true,
                        "pointerLength": 4,
                        "text": "{name}: [bold]{valueY}[/]"
                      },
                      "width": 10
                    }
                  ],
                  "connect": true,
                  "fill": {
                    "color": "green",
                    "opacity": 0
                  },
                  "minDistance": 0.5,
                  "stroke": {
                    "color": "green",
                    "dashArray": "",
                    "opacity": 1,
                    "width": 5
                  },
                  "tensionX": 1,
                  "tensionY": 1
                },
                "open": {
                  "x": "",
                  "y": ""
                }
              },
              "name": "Target",
              "render": "line",
              "stepLine": {
                "appearance": {
                  "bullets": [
                    {
                      "deriveFieldsFromData": {
                        "fill": {
                          "color": "",
                          "opacity": ""
                        },
                        "rotation": "",
                        "stroke": {
                          "color": "",
                          "opacity": "",
                          "width": ""
                        }
                      },
                      "enabled": true,
                      "fill": {
                        "color": "",
                        "opacity": 1
                      },
                      "heatRules": {
                        "dataField": "",
                        "enabled": false,
                        "max": 100,
                        "min": 2
                      },
                      "height": 10,
                      "label": {
                        "position": {
                          "dx": 0,
                          "dy": 0
                        },
                        "text": "{value}"
                      },
                      "render": "circle",
                      "rotation": 0,
                      "stroke": {
                        "color": "",
                        "opacity": 1,
                        "width": 1
                      },
                      "tooltip": {
                        "background": {
                          "color": "",
                          "opacity": 1
                        },
                        "cornerRadius": 3,
                        "enabled": true,
                        "pointerLength": 4,
                        "text": "{name}: [bold]{valueY}[/]"
                      },
                      "width": 10
                    }
                  ],
                  "connect": true,
                  "fill": {
                    "color": "",
                    "opacity": 0
                  },
                  "minDistance": 0.5,
                  "stroke": {
                    "color": "",
                    "dashArray": "",
                    "opacity": 1,
                    "width": 3
                  },
                  "tensionX": 1,
                  "tensionY": 1
                },
                "open": {
                  "x": "",
                  "y": ""
                }
              },
              "tooltip": {
                "background": {
                  "color": "",
                  "opacity": 1
                },
                "cornerRadius": 3,
                "enabled": true,
                "pointerLength": 4,
                "text": "{name}: [bold]{valueY}[/]"
              },
              "visible": true,
              "xAxis": "RowNumber",
              "yAxis": "TargetValue",
              "zIndex": 999
            },
            {
              "candlestick": {
                "appearance": {
                  "deriveFieldsFromData": {
                    "fill": {
                      "color": "",
                      "opacity": ""
                    },
                    "stroke": {
                      "color": "",
                      "opacity": "",
                      "width": ""
                    }
                  },
                  "fill": {
                    "color": "",
                    "opacity": 1
                  },
                  "heatRules": {
                    "dataField": "",
                    "enabled": false,
                    "max": "",
                    "min": ""
                  },
                  "stacked": false,
                  "stroke": {
                    "color": "",
                    "opacity": 1,
                    "width": 1
                  }
                },
                "high": {
                  "x": "",
                  "y": ""
                },
                "low": {
                  "x": "",
                  "y": ""
                },
                "open": {
                  "x": "",
                  "y": ""
                }
              },
              "column": {
                "appearance": {
                  "deriveFieldsFromData": {
                    "fill": {
                      "color": "",
                      "opacity": ""
                    },
                    "stroke": {
                      "color": "",
                      "opacity": "",
                      "width": ""
                    }
                  },
                  "fill": {
                    "color": "",
                    "opacity": 1
                  },
                  "heatRules": {
                    "dataField": "",
                    "enabled": false,
                    "max": "",
                    "min": ""
                  },
                  "height": null,
                  "stacked": false,
                  "stroke": {
                    "color": "",
                    "opacity": 1,
                    "width": 1
                  },
                  "width": null
                },
                "open": {
                  "x": "",
                  "y": ""
                }
              },
              "data": {
                "source": "example",
                "x": "RowNumber",
                "y": "HiHiLimit"
              },
              "defaultState": {
                "visible": true
              },
              "hiddenInLegend": false,
              "label": {
                "text": "Hi Hi"
              },
              "line": {
                "appearance": {
                  "bullets": [
                    {
                      "deriveFieldsFromData": {
                        "fill": {
                          "color": "",
                          "opacity": ""
                        },
                        "rotation": "",
                        "stroke": {
                          "color": "",
                          "opacity": "",
                          "width": ""
                        }
                      },
                      "enabled": false,
                      "fill": {
                        "color": "",
                        "opacity": 1
                      },
                      "heatRules": {
                        "dataField": "",
                        "enabled": false,
                        "max": 100,
                        "min": 2
                      },
                      "height": 10,
                      "label": {
                        "position": {
                          "dx": 0,
                          "dy": 0
                        },
                        "text": "{value}"
                      },
                      "render": "circle",
                      "rotation": 0,
                      "stroke": {
                        "color": "",
                        "opacity": 1,
                        "width": 1
                      },
                      "tooltip": {
                        "background": {
                          "color": "",
                          "opacity": 1
                        },
                        "cornerRadius": 3,
                        "enabled": true,
                        "pointerLength": 4,
                        "text": "{name}: [bold]{valueY}[/]"
                      },
                      "width": 10
                    }
                  ],
                  "connect": true,
                  "fill": {
                    "color": "red",
                    "opacity": 0
                  },
                  "minDistance": 0.5,
                  "stroke": {
                    "color": "red",
                    "dashArray": "",
                    "opacity": 1,
                    "width": 5
                  },
                  "tensionX": 1,
                  "tensionY": 1
                },
                "open": {
                  "x": "",
                  "y": ""
                }
              },
              "name": "HiHiLimit",
              "render": "line",
              "stepLine": {
                "appearance": {
                  "bullets": [
                    {
                      "deriveFieldsFromData": {
                        "fill": {
                          "color": "",
                          "opacity": ""
                        },
                        "rotation": "",
                        "stroke": {
                          "color": "",
                          "opacity": "",
                          "width": ""
                        }
                      },
                      "enabled": true,
                      "fill": {
                        "color": "",
                        "opacity": 1
                      },
                      "heatRules": {
                        "dataField": "",
                        "enabled": false,
                        "max": 100,
                        "min": 2
                      },
                      "height": 10,
                      "label": {
                        "position": {
                          "dx": 0,
                          "dy": 0
                        },
                        "text": "{value}"
                      },
                      "render": "circle",
                      "rotation": 0,
                      "stroke": {
                        "color": "",
                        "opacity": 1,
                        "width": 1
                      },
                      "tooltip": {
                        "background": {
                          "color": "",
                          "opacity": 1
                        },
                        "cornerRadius": 3,
                        "enabled": true,
                        "pointerLength": 4,
                        "text": "{name}: [bold]{valueY}[/]"
                      },
                      "width": 10
                    }
                  ],
                  "connect": true,
                  "fill": {
                    "color": "",
                    "opacity": 0
                  },
                  "minDistance": 0.5,
                  "stroke": {
                    "color": "",
                    "dashArray": "",
                    "opacity": 1,
                    "width": 3
                  },
                  "tensionX": 1,
                  "tensionY": 1
                },
                "open": {
                  "x": "",
                  "y": ""
                }
              },
              "tooltip": {
                "background": {
                  "color": "",
                  "opacity": 1
                },
                "cornerRadius": 3,
                "enabled": true,
                "pointerLength": 4,
                "text": "{name}: [bold]{valueY}[/]"
              },
              "visible": true,
              "xAxis": "RowNumber",
              "yAxis": "HiHiLimit",
              "zIndex": 0
            },
            {
              "candlestick": {
                "appearance": {
                  "deriveFieldsFromData": {
                    "fill": {
                      "color": "",
                      "opacity": ""
                    },
                    "stroke": {
                      "color": "",
                      "opacity": "",
                      "width": ""
                    }
                  },
                  "fill": {
                    "color": "",
                    "opacity": 1
                  },
                  "heatRules": {
                    "dataField": "",
                    "enabled": false,
                    "max": "",
                    "min": ""
                  },
                  "stacked": false,
                  "stroke": {
                    "color": "",
                    "opacity": 1,
                    "width": 1
                  }
                },
                "high": {
                  "x": "",
                  "y": ""
                },
                "low": {
                  "x": "",
                  "y": ""
                },
                "open": {
                  "x": "",
                  "y": ""
                }
              },
              "column": {
                "appearance": {
                  "deriveFieldsFromData": {
                    "fill": {
                      "color": "",
                      "opacity": ""
                    },
                    "stroke": {
                      "color": "",
                      "opacity": "",
                      "width": ""
                    }
                  },
                  "fill": {
                    "color": "",
                    "opacity": 1
                  },
                  "heatRules": {
                    "dataField": "",
                    "enabled": false,
                    "max": "",
                    "min": ""
                  },
                  "height": null,
                  "stacked": false,
                  "stroke": {
                    "color": "",
                    "opacity": 1,
                    "width": 1
                  },
                  "width": null
                },
                "open": {
                  "x": "",
                  "y": ""
                }
              },
              "data": {
                "source": "example",
                "x": "RowNumber",
                "y": "HiLimit"
              },
              "defaultState": {
                "visible": true
              },
              "hiddenInLegend": false,
              "label": {
                "text": "Hi"
              },
              "line": {
                "appearance": {
                  "bullets": [
                    {
                      "deriveFieldsFromData": {
                        "fill": {
                          "color": "",
                          "opacity": ""
                        },
                        "rotation": "",
                        "stroke": {
                          "color": "",
                          "opacity": "",
                          "width": ""
                        }
                      },
                      "enabled": false,
                      "fill": {
                        "color": "",
                        "opacity": 1
                      },
                      "heatRules": {
                        "dataField": "",
                        "enabled": false,
                        "max": 100,
                        "min": 2
                      },
                      "height": 10,
                      "label": {
                        "position": {
                          "dx": 0,
                          "dy": 0
                        },
                        "text": "{value}"
                      },
                      "render": "circle",
                      "rotation": 0,
                      "stroke": {
                        "color": "",
                        "opacity": 1,
                        "width": 1
                      },
                      "tooltip": {
                        "background": {
                          "color": "",
                          "opacity": 1
                        },
                        "cornerRadius": 3,
                        "enabled": true,
                        "pointerLength": 4,
                        "text": "{name}: [bold]{valueY}[/]"
                      },
                      "width": 10
                    }
                  ],
                  "connect": true,
                  "fill": {
                    "color": "yellow",
                    "opacity": 0
                  },
                  "minDistance": 0.5,
                  "stroke": {
                    "color": "yellow",
                    "dashArray": "",
                    "opacity": 1,
                    "width": 5
                  },
                  "tensionX": 1,
                  "tensionY": 1
                },
                "open": {
                  "x": "",
                  "y": ""
                }
              },
              "name": "HiLimit",
              "render": "line",
              "stepLine": {
                "appearance": {
                  "bullets": [
                    {
                      "deriveFieldsFromData": {
                        "fill": {
                          "color": "",
                          "opacity": ""
                        },
                        "rotation": "",
                        "stroke": {
                          "color": "",
                          "opacity": "",
                          "width": ""
                        }
                      },
                      "enabled": true,
                      "fill": {
                        "color": "",
                        "opacity": 1
                      },
                      "heatRules": {
                        "dataField": "",
                        "enabled": false,
                        "max": 100,
                        "min": 2
                      },
                      "height": 10,
                      "label": {
                        "position": {
                          "dx": 0,
                          "dy": 0
                        },
                        "text": "{value}"
                      },
                      "render": "circle",
                      "rotation": 0,
                      "stroke": {
                        "color": "",
                        "opacity": 1,
                        "width": 1
                      },
                      "tooltip": {
                        "background": {
                          "color": "",
                          "opacity": 1
                        },
                        "cornerRadius": 3,
                        "enabled": true,
                        "pointerLength": 4,
                        "text": "{name}: [bold]{valueY}[/]"
                      },
                      "width": 10
                    }
                  ],
                  "connect": true,
                  "fill": {
                    "color": "",
                    "opacity": 0
                  },
                  "minDistance": 0.5,
                  "stroke": {
                    "color": "",
                    "dashArray": "",
                    "opacity": 1,
                    "width": 3
                  },
                  "tensionX": 1,
                  "tensionY": 1
                },
                "open": {
                  "x": "",
                  "y": ""
                }
              },
              "tooltip": {
                "background": {
                  "color": "",
                  "opacity": 1
                },
                "cornerRadius": 3,
                "enabled": true,
                "pointerLength": 4,
                "text": "{name}: [bold]{valueY}[/]"
              },
              "visible": true,
              "xAxis": "RowNumber",
              "yAxis": "HiLimit",
              "zIndex": 0
            },
            {
              "candlestick": {
                "appearance": {
                  "deriveFieldsFromData": {
                    "fill": {
                      "color": "",
                      "opacity": ""
                    },
                    "stroke": {
                      "color": "",
                      "opacity": "",
                      "width": ""
                    }
                  },
                  "fill": {
                    "color": "",
                    "opacity": 1
                  },
                  "heatRules": {
                    "dataField": "",
                    "enabled": false,
                    "max": "",
                    "min": ""
                  },
                  "stacked": false,
                  "stroke": {
                    "color": "",
                    "opacity": 1,
                    "width": 1
                  }
                },
                "high": {
                  "x": "",
                  "y": ""
                },
                "low": {
                  "x": "",
                  "y": ""
                },
                "open": {
                  "x": "",
                  "y": ""
                }
              },
              "column": {
                "appearance": {
                  "deriveFieldsFromData": {
                    "fill": {
                      "color": "",
                      "opacity": ""
                    },
                    "stroke": {
                      "color": "",
                      "opacity": "",
                      "width": ""
                    }
                  },
                  "fill": {
                    "color": "",
                    "opacity": 1
                  },
                  "heatRules": {
                    "dataField": "",
                    "enabled": false,
                    "max": "",
                    "min": ""
                  },
                  "height": null,
                  "stacked": false,
                  "stroke": {
                    "color": "",
                    "opacity": 1,
                    "width": 1
                  },
                  "width": null
                },
                "open": {
                  "x": "",
                  "y": ""
                }
              },
              "data": {
                "source": "example",
                "x": "RowNumber",
                "y": "LoLimit"
              },
              "defaultState": {
                "visible": true
              },
              "hiddenInLegend": false,
              "label": {
                "text": "Lo"
              },
              "line": {
                "appearance": {
                  "bullets": [
                    {
                      "deriveFieldsFromData": {
                        "fill": {
                          "color": "",
                          "opacity": ""
                        },
                        "rotation": "",
                        "stroke": {
                          "color": "",
                          "opacity": "",
                          "width": ""
                        }
                      },
                      "enabled": false,
                      "fill": {
                        "color": "",
                        "opacity": 1
                      },
                      "heatRules": {
                        "dataField": "",
                        "enabled": false,
                        "max": 100,
                        "min": 2
                      },
                      "height": 10,
                      "label": {
                        "position": {
                          "dx": 0,
                          "dy": 0
                        },
                        "text": "{value}"
                      },
                      "render": "circle",
                      "rotation": 0,
                      "stroke": {
                        "color": "",
                        "opacity": 1,
                        "width": 1
                      },
                      "tooltip": {
                        "background": {
                          "color": "",
                          "opacity": 1
                        },
                        "cornerRadius": 3,
                        "enabled": true,
                        "pointerLength": 4,
                        "text": "{name}: [bold]{valueY}[/]"
                      },
                      "width": 10
                    }
                  ],
                  "connect": true,
                  "fill": {
                    "color": "yellow",
                    "opacity": 0
                  },
                  "minDistance": 0.5,
                  "stroke": {
                    "color": "yellow",
                    "dashArray": "",
                    "opacity": 1,
                    "width": 5
                  },
                  "tensionX": 1,
                  "tensionY": 1
                },
                "open": {
                  "x": "",
                  "y": ""
                }
              },
              "name": "LoLimit",
              "render": "line",
              "stepLine": {
                "appearance": {
                  "bullets": [
                    {
                      "deriveFieldsFromData": {
                        "fill": {
                          "color": "",
                          "opacity": ""
                        },
                        "rotation": "",
                        "stroke": {
                          "color": "",
                          "opacity": "",
                          "width": ""
                        }
                      },
                      "enabled": true,
                      "fill": {
                        "color": "",
                        "opacity": 1
                      },
                      "heatRules": {
                        "dataField": "",
                        "enabled": false,
                        "max": 100,
                        "min": 2
                      },
                      "height": 10,
                      "label": {
                        "position": {
                          "dx": 0,
                          "dy": 0
                        },
                        "text": "{value}"
                      },
                      "render": "circle",
                      "rotation": 0,
                      "stroke": {
                        "color": "",
                        "opacity": 1,
                        "width": 1
                      },
                      "tooltip": {
                        "background": {
                          "color": "",
                          "opacity": 1
                        },
                        "cornerRadius": 3,
                        "enabled": true,
                        "pointerLength": 4,
                        "text": "{name}: [bold]{valueY}[/]"
                      },
                      "width": 10
                    }
                  ],
                  "connect": true,
                  "fill": {
                    "color": "",
                    "opacity": 0
                  },
                  "minDistance": 0.5,
                  "stroke": {
                    "color": "",
                    "dashArray": "",
                    "opacity": 1,
                    "width": 3
                  },
                  "tensionX": 1,
                  "tensionY": 1
                },
                "open": {
                  "x": "",
                  "y": ""
                }
              },
              "tooltip": {
                "background": {
                  "color": "",
                  "opacity": 1
                },
                "cornerRadius": 3,
                "enabled": true,
                "pointerLength": 4,
                "text": "{name}: [bold]{valueY}[/]"
              },
              "visible": true,
              "xAxis": "RowNumber",
              "yAxis": "LoLimit",
              "zIndex": 0
            },
            {
              "candlestick": {
                "appearance": {
                  "deriveFieldsFromData": {
                    "fill": {
                      "color": "",
                      "opacity": ""
                    },
                    "stroke": {
                      "color": "",
                      "opacity": "",
                      "width": ""
                    }
                  },
                  "fill": {
                    "color": "",
                    "opacity": 1
                  },
                  "heatRules": {
                    "dataField": "",
                    "enabled": false,
                    "max": "",
                    "min": ""
                  },
                  "stacked": false,
                  "stroke": {
                    "color": "",
                    "opacity": 1,
                    "width": 1
                  }
                },
                "high": {
                  "x": "",
                  "y": ""
                },
                "low": {
                  "x": "",
                  "y": ""
                },
                "open": {
                  "x": "",
                  "y": ""
                }
              },
              "column": {
                "appearance": {
                  "deriveFieldsFromData": {
                    "fill": {
                      "color": "",
                      "opacity": ""
                    },
                    "stroke": {
                      "color": "",
                      "opacity": "",
                      "width": ""
                    }
                  },
                  "fill": {
                    "color": "",
                    "opacity": 1
                  },
                  "heatRules": {
                    "dataField": "",
                    "enabled": false,
                    "max": "",
                    "min": ""
                  },
                  "height": null,
                  "stacked": false,
                  "stroke": {
                    "color": "",
                    "opacity": 1,
                    "width": 1
                  },
                  "width": null
                },
                "open": {
                  "x": "",
                  "y": ""
                }
              },
              "data": {
                "source": "example",
                "x": "RowNumber",
                "y": "LoLoLimit"
              },
              "defaultState": {
                "visible": true
              },
              "hiddenInLegend": false,
              "label": {
                "text": "Lo Lo"
              },
              "line": {
                "appearance": {
                  "bullets": [
                    {
                      "deriveFieldsFromData": {
                        "fill": {
                          "color": "",
                          "opacity": ""
                        },
                        "rotation": "",
                        "stroke": {
                          "color": "",
                          "opacity": "",
                          "width": ""
                        }
                      },
                      "enabled": false,
                      "fill": {
                        "color": "",
                        "opacity": 1
                      },
                      "heatRules": {
                        "dataField": "",
                        "enabled": false,
                        "max": 100,
                        "min": 2
                      },
                      "height": 10,
                      "label": {
                        "position": {
                          "dx": 0,
                          "dy": 0
                        },
                        "text": "{value}"
                      },
                      "render": "circle",
                      "rotation": 0,
                      "stroke": {
                        "color": "",
                        "opacity": 1,
                        "width": 1
                      },
                      "tooltip": {
                        "background": {
                          "color": "",
                          "opacity": 1
                        },
                        "cornerRadius": 3,
                        "enabled": true,
                        "pointerLength": 4,
                        "text": "{name}: [bold]{valueY}[/]"
                      },
                      "width": 10
                    }
                  ],
                  "connect": true,
                  "fill": {
                    "color": "red",
                    "opacity": 0
                  },
                  "minDistance": 0.5,
                  "stroke": {
                    "color": "red",
                    "dashArray": "",
                    "opacity": 1,
                    "width": 5
                  },
                  "tensionX": 1,
                  "tensionY": 1
                },
                "open": {
                  "x": "",
                  "y": ""
                }
              },
              "name": "LoLoLimit",
              "render": "line",
              "stepLine": {
                "appearance": {
                  "bullets": [
                    {
                      "deriveFieldsFromData": {
                        "fill": {
                          "color": "",
                          "opacity": ""
                        },
                        "rotation": "",
                        "stroke": {
                          "color": "",
                          "opacity": "",
                          "width": ""
                        }
                      },
                      "enabled": true,
                      "fill": {
                        "color": "",
                        "opacity": 1
                      },
                      "heatRules": {
                        "dataField": "",
                        "enabled": false,
                        "max": 100,
                        "min": 2
                      },
                      "height": 10,
                      "label": {
                        "position": {
                          "dx": 0,
                          "dy": 0
                        },
                        "text": "{value}"
                      },
                      "render": "circle",
                      "rotation": 0,
                      "stroke": {
                        "color": "",
                        "opacity": 1,
                        "width": 1
                      },
                      "tooltip": {
                        "background": {
                          "color": "",
                          "opacity": 1
                        },
                        "cornerRadius": 3,
                        "enabled": true,
                        "pointerLength": 4,
                        "text": "{name}: [bold]{valueY}[/]"
                      },
                      "width": 10
                    }
                  ],
                  "connect": true,
                  "fill": {
                    "color": "",
                    "opacity": 0
                  },
                  "minDistance": 0.5,
                  "stroke": {
                    "color": "",
                    "dashArray": "",
                    "opacity": 1,
                    "width": 3
                  },
                  "tensionX": 1,
                  "tensionY": 1
                },
                "open": {
                  "x": "",
                  "y": ""
                }
              },
              "tooltip": {
                "background": {
                  "color": "",
                  "opacity": 1
                },
                "cornerRadius": 3,
                "enabled": true,
                "pointerLength": 4,
                "text": "{name}: [bold]{valueY}[/]"
              },
              "visible": true,
              "xAxis": "RowNumber",
              "yAxis": "LoLoLimit",
              "zIndex": 0
            }
          ],
          "style": {
            "overflow": "hidden"
          },
          "xAxes": [
            {
              "appearance": {
                "font": {
                  "size": "",
                  "weight": 500
                },
                "grid": {
                  "color": "#B8B8B8",
                  "dashArray": "",
                  "minDistance": 10,
                  "opacity": 0,
                  "position": 0
                },
                "inside": false,
                "labels": {
                  "color": "",
                  "horizontalCenter": "middle",
                  "opacity": 1,
                  "rotation": 0,
                  "verticalCenter": "middle"
                },
                "opposite": false
              },
              "category": {
                "break": {
                  "enabled": false,
                  "endCategory": "",
                  "size": 0.05,
                  "startCategory": ""
                }
              },
              "date": {
                "baseInterval": {
                  "count": 1,
                  "enabled": false,
                  "skipEmptyPeriods": false,
                  "timeUnit": "hour"
                },
                "break": {
                  "enabled": false,
                  "endDate": "",
                  "size": 0.05,
                  "startDate": ""
                },
                "format": "M/d/yyyy",
                "inputFormat": "M/d/yyyy HH:mm:ss",
                "range": {
                  "max": "",
                  "min": "",
                  "useStrict": false
                }
              },
              "inversed": false,
              "label": {
                "color": "",
                "enabled": true,
                "text": "Time"
              },
              "name": "RowNumber",
              "render": "category",
              "tooltip": {
                "background": {
                  "color": "",
                  "opacity": 1
                },
                "cornerRadius": 3,
                "enabled": true,
                "pointerLength": 4,
                "text": ""
              },
              "value": {
                "break": {
                  "enabled": false,
                  "endValue": 100,
                  "size": 0.05,
                  "startValue": 0
                },
                "format": "#,###.##",
                "logarithmic": false,
                "range": {
                  "max": "",
                  "min": "",
                  "useStrict": false
                }
              },
              "visible": false
            }
          ],
          "yAxes": [
            {
              "appearance": {
                "font": {
                  "size": "",
                  "weight": 500
                },
                "grid": {
                  "color": "",
                  "dashArray": "",
                  "minDistance": null,
                  "opacity": 1,
                  "position": 0.5
                },
                "inside": false,
                "labels": {
                  "color": "",
                  "horizontalCenter": "middle",
                  "opacity": 1,
                  "rotation": 0,
                  "verticalCenter": "middle"
                },
                "opposite": true
              },
              "category": {
                "break": {
                  "enabled": false,
                  "endCategory": "",
                  "size": 0.05,
                  "startCategory": ""
                }
              },
              "date": {
                "baseInterval": {
                  "count": 1,
                  "enabled": false,
                  "skipEmptyPeriods": false,
                  "timeUnit": "hour"
                },
                "break": {
                  "enabled": false,
                  "endDate": "",
                  "size": 0.05,
                  "startDate": ""
                },
                "format": "M/d/yyyy HH:mm:ss",
                "inputFormat": "yyyy-MM-dd kk:mm:ss",
                "range": {
                  "max": "",
                  "min": "",
                  "useStrict": false
                }
              },
              "inversed": false,
              "label": {
                "color": "",
                "enabled": true,
                "text": "Range"
              },
              "name": "TestedValue",
              "render": "value",
              "tooltip": {
                "background": {
                  "color": "",
                  "opacity": 1
                },
                "cornerRadius": 3,
                "enabled": true,
                "pointerLength": 4,
                "text": ""
              },
              "value": {
                "break": {
                  "enabled": false,
                  "endValue": 100,
                  "size": 0.05,
                  "startValue": 0
                },
                "format": "#,###.##",
                "logarithmic": false,
                "range": {
                  "useStrict": false
                }
              },
              "visible": true
            },
            {
              "appearance": {
                "font": {
                  "size": "",
                  "weight": 500
                },
                "grid": {
                  "color": "",
                  "dashArray": "",
                  "minDistance": null,
                  "opacity": 1,
                  "position": 0.5
                },
                "inside": false,
                "labels": {
                  "color": "",
                  "horizontalCenter": "middle",
                  "opacity": 1,
                  "rotation": 0,
                  "verticalCenter": "middle"
                },
                "opposite": false
              },
              "category": {
                "break": {
                  "enabled": false,
                  "endCategory": "",
                  "size": 0.05,
                  "startCategory": ""
                }
              },
              "date": {
                "baseInterval": {
                  "count": 1,
                  "enabled": false,
                  "skipEmptyPeriods": false,
                  "timeUnit": "hour"
                },
                "break": {
                  "enabled": false,
                  "endDate": "",
                  "size": 0.05,
                  "startDate": ""
                },
                "format": "M/d/yyyy HH:mm:ss",
                "inputFormat": "yyyy-MM-dd kk:mm:ss",
                "range": {
                  "max": "",
                  "min": "",
                  "useStrict": false
                }
              },
              "inversed": false,
              "label": {
                "color": "",
                "enabled": true,
                "text": ""
              },
              "name": "HiHiLimit",
              "render": "value",
              "tooltip": {
                "background": {
                  "color": "",
                  "opacity": 1
                },
                "cornerRadius": 3,
                "enabled": true,
                "pointerLength": 4,
                "text": ""
              },
              "value": {
                "break": {
                  "enabled": false,
                  "endValue": 100,
                  "size": 0.05,
                  "startValue": 0
                },
                "format": "#,###.##",
                "logarithmic": false,
                "range": {
                  "useStrict": false
                }
              },
              "visible": false
            },
            {
              "appearance": {
                "font": {
                  "size": "",
                  "weight": 500
                },
                "grid": {
                  "color": "",
                  "dashArray": "",
                  "minDistance": null,
                  "opacity": 1,
                  "position": 0.5
                },
                "inside": false,
                "labels": {
                  "color": "",
                  "horizontalCenter": "middle",
                  "opacity": 1,
                  "rotation": 0,
                  "verticalCenter": "middle"
                },
                "opposite": false
              },
              "category": {
                "break": {
                  "enabled": false,
                  "endCategory": "",
                  "size": 0.05,
                  "startCategory": ""
                }
              },
              "date": {
                "baseInterval": {
                  "count": 1,
                  "enabled": false,
                  "skipEmptyPeriods": false,
                  "timeUnit": "hour"
                },
                "break": {
                  "enabled": false,
                  "endDate": "",
                  "size": 0.05,
                  "startDate": ""
                },
                "format": "M/d/yyyy HH:mm:ss",
                "inputFormat": "yyyy-MM-dd kk:mm:ss",
                "range": {
                  "max": "",
                  "min": "",
                  "useStrict": false
                }
              },
              "inversed": false,
              "label": {
                "color": "",
                "enabled": true,
                "text": ""
              },
              "name": "LoLoLimit",
              "render": "value",
              "tooltip": {
                "background": {
                  "color": "",
                  "opacity": 1
                },
                "cornerRadius": 3,
                "enabled": true,
                "pointerLength": 4,
                "text": ""
              },
              "value": {
                "break": {
                  "enabled": false,
                  "endValue": 100,
                  "size": 0.05,
                  "startValue": 0
                },
                "format": "#,###.##",
                "logarithmic": false,
                "range": {
                  "useStrict": false
                }
              },
              "visible": false
            },
            {
              "appearance": {
                "font": {
                  "size": "",
                  "weight": 500
                },
                "grid": {
                  "color": "",
                  "dashArray": "",
                  "minDistance": null,
                  "opacity": 1,
                  "position": 0.5
                },
                "inside": false,
                "labels": {
                  "color": "",
                  "horizontalCenter": "middle",
                  "opacity": 1,
                  "rotation": 0,
                  "verticalCenter": "middle"
                },
                "opposite": false
              },
              "category": {
                "break": {
                  "enabled": false,
                  "endCategory": "",
                  "size": 0.05,
                  "startCategory": ""
                }
              },
              "date": {
                "baseInterval": {
                  "count": 1,
                  "enabled": false,
                  "skipEmptyPeriods": false,
                  "timeUnit": "hour"
                },
                "break": {
                  "enabled": false,
                  "endDate": "",
                  "size": 0.05,
                  "startDate": ""
                },
                "format": "M/d/yyyy HH:mm:ss",
                "inputFormat": "yyyy-MM-dd kk:mm:ss",
                "range": {
                  "max": "",
                  "min": "",
                  "useStrict": false
                }
              },
              "inversed": false,
              "label": {
                "color": "",
                "enabled": true,
                "text": ""
              },
              "name": "HiLimit",
              "render": "value",
              "tooltip": {
                "background": {
                  "color": "",
                  "opacity": 1
                },
                "cornerRadius": 3,
                "enabled": true,
                "pointerLength": 4,
                "text": ""
              },
              "value": {
                "break": {
                  "enabled": false,
                  "endValue": 100,
                  "size": 0.05,
                  "startValue": 0
                },
                "format": "#,###.##",
                "logarithmic": false,
                "range": {
                  "useStrict": false
                }
              },
              "visible": false
            },
            {
              "appearance": {
                "font": {
                  "size": "",
                  "weight": 500
                },
                "grid": {
                  "color": "",
                  "dashArray": "",
                  "minDistance": null,
                  "opacity": 0,
                  "position": 0.5
                },
                "inside": false,
                "labels": {
                  "color": "",
                  "horizontalCenter": "middle",
                  "opacity": 1,
                  "rotation": 0,
                  "verticalCenter": "middle"
                },
                "opposite": false
              },
              "category": {
                "break": {
                  "enabled": false,
                  "endCategory": "",
                  "size": 0.05,
                  "startCategory": ""
                }
              },
              "date": {
                "baseInterval": {
                  "count": 1,
                  "enabled": false,
                  "skipEmptyPeriods": false,
                  "timeUnit": "hour"
                },
                "break": {
                  "enabled": false,
                  "endDate": "",
                  "size": 0.05,
                  "startDate": ""
                },
                "format": "M/d/yyyy HH:mm:ss",
                "inputFormat": "yyyy-MM-dd kk:mm:ss",
                "range": {
                  "max": "",
                  "min": "",
                  "useStrict": false
                }
              },
              "inversed": false,
              "label": {
                "color": "",
                "enabled": true,
                "text": ""
              },
              "name": "LoLimit",
              "render": "value",
              "tooltip": {
                "background": {
                  "color": "",
                  "opacity": 1
                },
                "cornerRadius": 3,
                "enabled": true,
                "pointerLength": 4,
                "text": ""
              },
              "value": {
                "break": {
                  "enabled": false,
                  "endValue": 100,
                  "size": 0.05,
                  "startValue": 0
                },
                "format": "#,###.##",
                "logarithmic": false,
                "range": {
                  "useStrict": false
                }
              },
              "visible": false
            },
            {
              "appearance": {
                "font": {
                  "size": "",
                  "weight": 500
                },
                "grid": {
                  "color": "",
                  "dashArray": "",
                  "minDistance": null,
                  "opacity": 0,
                  "position": 0.5
                },
                "inside": false,
                "labels": {
                  "color": "",
                  "horizontalCenter": "middle",
                  "opacity": 1,
                  "rotation": 0,
                  "verticalCenter": "middle"
                },
                "opposite": false
              },
              "category": {
                "break": {
                  "enabled": false,
                  "endCategory": "",
                  "size": 0.05,
                  "startCategory": ""
                }
              },
              "date": {
                "baseInterval": {
                  "count": 1,
                  "enabled": false,
                  "skipEmptyPeriods": false,
                  "timeUnit": "hour"
                },
                "break": {
                  "enabled": false,
                  "endDate": "",
                  "size": 0.05,
                  "startDate": ""
                },
                "format": "M/d/yyyy HH:mm:ss",
                "inputFormat": "yyyy-MM-dd kk:mm:ss",
                "range": {
                  "max": "",
                  "min": "",
                  "useStrict": false
                }
              },
              "inversed": false,
              "label": {
                "color": "",
                "enabled": true,
                "text": ""
              },
              "name": "TargetValue",
              "render": "value",
              "tooltip": {
                "background": {
                  "color": "",
                  "opacity": 1
                },
                "cornerRadius": 3,
                "enabled": true,
                "pointerLength": 4,
                "text": ""
              },
              "value": {
                "break": {
                  "enabled": false,
                  "endValue": 100,
                  "size": 0.05,
                  "startValue": 0
                },
                "format": "#,###.##",
                "logarithmic": false,
                "range": {
                  "useStrict": false
                }
              },
              "visible": false
            }
          ]
        },
        "type": "ia.chart.xy"
      }
    ],
    "events": {
      "dom": {
        "onClick": {
          "config": {
            "script": "\tsystem.perspective.print(self.view.custom)"
          },
          "scope": "G",
          "type": "script"
        }
      }
    },
    "meta": {
      "name": "root"
    },
    "props": {
      "direction": "column"
    },
    "scripts": {
      "customMethods": [],
      "extensionFunctions": null,
      "messageHandlers": [
        {
          "messageType": "testRowSelected",
          "pageScope": true,
          "script": "\tself.view.custom.AttributeID \u003d payload[\u0027attributeID\u0027]\n\tself.view.custom.Samples \u003d payload[\u0027samples\u0027]",
          "sessionScope": false,
          "viewScope": false
        }
      ]
    },
    "type": "ia.container.flex"
  }
}