{
  "custom": {
    "DeleteLabel": "Are you sure you wish to delete ?",
    "Name": "",
    "UserRoleDataset": {
      "$": [
        "ds",
        192,
        1710422914613
      ],
      "$columns": [
        {
          "data": [],
          "name": "ID",
          "type": "Integer"
        },
        {
          "data": [],
          "name": "Email",
          "type": "String"
        }
      ]
    }
  },
  "params": {
    "EmailID": ""
  },
  "propConfig": {
    "custom.DeleteLabel": {
      "binding": {
        "config": {
          "expression": "\"Are you sure you wish to delete \" + toStr({view.custom.Name}) + \"?\""
        },
        "type": "expr"
      },
      "persistent": true
    },
    "custom.Name": {
      "persistent": true
    },
    "custom.UserRoleDataset": {
      "binding": {
        "config": {
          "expression": "runScript(\u0027mes.documentManagement.sp.getEmails\u0027, 0, {view.params.EmailID}, NULL)"
        },
        "transforms": [
          {
            "code": "\tself.custom.Name \u003d \u0027\u0027\n\tif value.getRowCount() \u003e 0:\n\t\tself.custom.Name \u003d value.getValueAt(0, \u0027Email\u0027)\n\treturn value",
            "type": "script"
          }
        ],
        "type": "expr"
      },
      "persistent": true
    },
    "params.EmailID": {
      "paramDirection": "input",
      "persistent": true
    }
  },
  "props": {
    "defaultSize": {
      "height": 134,
      "width": 348
    }
  },
  "root": {
    "children": [
      {
        "children": [
          {
            "meta": {
              "name": "Label"
            },
            "position": {
              "basis": "61px",
              "grow": 1
            },
            "propConfig": {
              "props.text": {
                "binding": {
                  "config": {
                    "path": "view.custom.DeleteLabel"
                  },
                  "type": "property"
                }
              }
            },
            "props": {
              "textStyle": {
                "fontWeight": "bold",
                "text-align": "center"
              }
            },
            "type": "ia.display.label"
          }
        ],
        "meta": {
          "name": "Row1"
        },
        "position": {
          "basis": "100px"
        },
        "props": {
          "style": {
            "classes": "Global/MarginBottom Global/MarginLeft Global/MarginRight"
          }
        },
        "type": "ia.container.flex"
      },
      {
        "children": [
          {
            "children": [
              {
                "events": {
                  "dom": {
                    "onClick": {
                      "config": {
                        "script": "\t################################\n\t##########REV NOTES#############\n\t# Description\n\t# Script to delete user or role\n\t#\n\t# Initials ... Date ... Change #\n\t# NL ... 03/13/2024 ... Initial Creation\n\temailID \u003d self.view.params.EmailID\n\t\n\tmes.documentManagement.sp.deleteEmail(emailID)\n\t\n\tsystem.perspective.closePopup(\u0027\u0027)\n\tsystem.perspective.sendMessage(messageType\u003d\"refreshEmailTable\")"
                      },
                      "scope": "G",
                      "type": "script"
                    }
                  }
                },
                "meta": {
                  "name": "ConfirmButton"
                },
                "position": {
                  "basis": "320px"
                },
                "props": {
                  "params": {
                    "BackgroundColor": "value",
                    "Enabled": true,
                    "Hover": true,
                    "IconPath": "material/check",
                    "IsSelectable": false,
                    "Label": "Yes",
                    "Selected": true,
                    "Size": "value",
                    "Type": "value"
                  },
                  "path": "GlobalComponents/Buttons/Button"
                },
                "type": "ia.display.view"
              }
            ],
            "meta": {
              "name": "Confirm"
            },
            "position": {
              "basis": "50%",
              "grow": 1
            },
            "props": {
              "style": {
                "classes": "Global/MarginRight"
              }
            },
            "type": "ia.container.flex"
          },
          {
            "children": [
              {
                "events": {
                  "dom": {
                    "onClick": {
                      "config": {
                        "script": "\tsystem.perspective.closePopup(\u0027\u0027)"
                      },
                      "scope": "G",
                      "type": "script"
                    }
                  }
                },
                "meta": {
                  "name": "CancelButton"
                },
                "position": {
                  "basis": "320px"
                },
                "props": {
                  "params": {
                    "BackgroundColor": "value",
                    "Enabled": true,
                    "Hover": true,
                    "IconPath": "material/close",
                    "IsSelectable": false,
                    "Label": "No",
                    "Selected": true,
                    "Size": "value",
                    "Type": "value"
                  },
                  "path": "GlobalComponents/Buttons/Button"
                },
                "type": "ia.display.view"
              }
            ],
            "meta": {
              "name": "Cancel"
            },
            "position": {
              "basis": "50%",
              "grow": 1
            },
            "type": "ia.container.flex"
          }
        ],
        "meta": {
          "name": "Row2"
        },
        "position": {
          "basis": "80px"
        },
        "props": {
          "justify": "space-around",
          "style": {
            "classes": "Global/MarginBottom Global/MarginLeft Global/MarginRight"
          }
        },
        "type": "ia.container.flex"
      }
    ],
    "meta": {
      "name": "root"
    },
    "props": {
      "direction": "column",
      "justify": "space-evenly",
      "style": {
        "classes": "Global/MarginAllEmbedded"
      }
    },
    "type": "ia.container.flex"
  }
}