{
  "custom": {
    "DocumentsDataset": {
      "$": [
        "ds",
        192,
        1710522561426
      ],
      "$columns": [
        {
          "data": [
            62,
            55,
            39,
            31,
            30,
            29,
            28,
            27,
            26
          ],
          "name": "ID",
          "type": "Integer"
        },
        {
          "data": [
            "test text (2) (1)",
            "test text (2) (1)",
            "MachineInput_OPC_FB",
            "canary charts",
            "circle gauge",
            "65598",
            "test text (2) (1)",
            "65598",
            "test text (2) (1)"
          ],
          "name": "Name",
          "type": "String"
        },
        {
          "data": [
            null,
            null,
            null,
            null,
            "test description",
            null,
            null,
            null,
            null
          ],
          "name": "Description",
          "type": "String"
        },
        {
          "data": [
            "test text (2) (1).txt",
            "test text (2) (1).txt",
            "MachineInput_OPC_FB.json",
            "canary charts.jpg",
            "circle gauge.png",
            "65598.pdf",
            "test text (2) (1).txt",
            "65598.pdf",
            "test text (2) (1).txt"
          ],
          "name": "Filename",
          "type": "String"
        },
        {
          "data": [
            "txt",
            "txt",
            "json",
            "jpg",
            "png",
            "pdf",
            "txt",
            "pdf",
            "txt"
          ],
          "name": "Extension",
          "type": "String"
        },
        {
          "data": [
            4,
            4,
            7858,
            29883,
            14522,
            2287213,
            4,
            2287213,
            4
          ],
          "name": "Size",
          "type": "Integer"
        },
        {
          "data": [
            1710519576000,
            1710439737000,
            1710280464000,
            1710364473000,
            1710436626000,
            1709735301000,
            1709735142000,
            1709670822000,
            1709670777000
          ],
          "name": "Modified",
          "type": "Date"
        },
        {
          "data": [
            "nleonard",
            "nleonard",
            "tturner",
            "nleonard",
            "nleonard",
            "nleonard",
            "nleonard",
            "nleonard",
            "nleonard"
          ],
          "name": "ModifiedBy",
          "type": "String"
        },
        {
          "data": [
            26,
            28,
            null,
            null,
            null,
            null,
            null,
            null,
            null
          ],
          "name": "PreviousID",
          "type": "Integer"
        },
        {
          "data": [
            null,
            null,
            null,
            null,
            "notes",
            null,
            null,
            null,
            null
          ],
          "name": "Notes",
          "type": "String"
        },
        {
          "data": [
            null,
            2,
            8,
            2,
            2,
            2,
            2,
            null,
            null
          ],
          "name": "FolderID",
          "type": "Integer"
        },
        {
          "data": [
            3,
            3,
            1,
            3,
            3,
            3,
            3,
            3,
            3
          ],
          "name": "DocumentStatusID",
          "type": "Integer"
        },
        {
          "data": [
            1710449387000,
            1710437313000,
            1710280464000,
            1710186060000,
            1710185850000,
            1710185850000,
            1710185850000,
            1710185850000,
            1710185850000
          ],
          "name": "StatusUpdated",
          "type": "Date"
        },
        {
          "data": [
            "Approved",
            "Approved",
            "Draft",
            "Approved",
            "Approved",
            "Approved",
            "Approved",
            "Approved",
            "Approved"
          ],
          "name": "Status",
          "type": "String"
        },
        {
          "data": [
            null,
            "folder 1",
            "QAFolder",
            "folder 1",
            "folder 1",
            "folder 1",
            "folder 1",
            null,
            null
          ],
          "name": "FolderName",
          "type": "String"
        },
        {
          "data": [
            "nleonard",
            "nleonard",
            null,
            "nleonard",
            "nleonard",
            null,
            null,
            null,
            null
          ],
          "name": "ApprovedBy",
          "type": "String"
        },
        {
          "data": [
            2,
            3,
            1,
            1,
            1,
            2,
            2,
            1,
            1
          ],
          "name": "Version",
          "type": "Integer"
        }
      ]
    }
  },
  "params": {
    "SelectedRow": null,
    "TableDataset": {
      "$": [
        "ds",
        192,
        1710522561426
      ],
      "$columns": [
        {
          "data": [
            62,
            55,
            39,
            31,
            30,
            29,
            28,
            27,
            26
          ],
          "name": "ID",
          "type": "Integer"
        },
        {
          "data": [
            "test text (2) (1)",
            "test text (2) (1)",
            "MachineInput_OPC_FB",
            "canary charts",
            "circle gauge",
            "65598",
            "test text (2) (1)",
            "65598",
            "test text (2) (1)"
          ],
          "name": "Name",
          "type": "String"
        },
        {
          "data": [
            null,
            null,
            null,
            null,
            "test description",
            null,
            null,
            null,
            null
          ],
          "name": "Description",
          "type": "String"
        },
        {
          "data": [
            "test text (2) (1).txt",
            "test text (2) (1).txt",
            "MachineInput_OPC_FB.json",
            "canary charts.jpg",
            "circle gauge.png",
            "65598.pdf",
            "test text (2) (1).txt",
            "65598.pdf",
            "test text (2) (1).txt"
          ],
          "name": "Filename",
          "type": "String"
        },
        {
          "data": [
            "txt",
            "txt",
            "json",
            "jpg",
            "png",
            "pdf",
            "txt",
            "pdf",
            "txt"
          ],
          "name": "Extension",
          "type": "String"
        },
        {
          "data": [
            4,
            4,
            7858,
            29883,
            14522,
            2287213,
            4,
            2287213,
            4
          ],
          "name": "Size",
          "type": "Integer"
        },
        {
          "data": [
            1710519576000,
            1710439737000,
            1710280464000,
            1710364473000,
            1710436626000,
            1709735301000,
            1709735142000,
            1709670822000,
            1709670777000
          ],
          "name": "Modified",
          "type": "Date"
        },
        {
          "data": [
            "nleonard",
            "nleonard",
            "tturner",
            "nleonard",
            "nleonard",
            "nleonard",
            "nleonard",
            "nleonard",
            "nleonard"
          ],
          "name": "ModifiedBy",
          "type": "String"
        },
        {
          "data": [
            26,
            28,
            null,
            null,
            null,
            null,
            null,
            null,
            null
          ],
          "name": "PreviousID",
          "type": "Integer"
        },
        {
          "data": [
            null,
            null,
            null,
            null,
            "notes",
            null,
            null,
            null,
            null
          ],
          "name": "Notes",
          "type": "String"
        },
        {
          "data": [
            null,
            2,
            8,
            2,
            2,
            2,
            2,
            null,
            null
          ],
          "name": "FolderID",
          "type": "Integer"
        },
        {
          "data": [
            3,
            3,
            1,
            3,
            3,
            3,
            3,
            3,
            3
          ],
          "name": "DocumentStatusID",
          "type": "Integer"
        },
        {
          "data": [
            1710449387000,
            1710437313000,
            1710280464000,
            1710186060000,
            1710185850000,
            1710185850000,
            1710185850000,
            1710185850000,
            1710185850000
          ],
          "name": "StatusUpdated",
          "type": "Date"
        },
        {
          "data": [
            "Approved",
            "Approved",
            "Draft",
            "Approved",
            "Approved",
            "Approved",
            "Approved",
            "Approved",
            "Approved"
          ],
          "name": "Status",
          "type": "String"
        },
        {
          "data": [
            null,
            "folder 1",
            "QAFolder",
            "folder 1",
            "folder 1",
            "folder 1",
            "folder 1",
            null,
            null
          ],
          "name": "FolderName",
          "type": "String"
        },
        {
          "data": [
            "nleonard",
            "nleonard",
            null,
            "nleonard",
            "nleonard",
            null,
            null,
            null,
            null
          ],
          "name": "ApprovedBy",
          "type": "String"
        },
        {
          "data": [
            2,
            3,
            1,
            1,
            1,
            2,
            2,
            1,
            1
          ],
          "name": "Version",
          "type": "Integer"
        }
      ]
    }
  },
  "propConfig": {
    "custom.DocumentsDataset": {
      "binding": {
        "config": {
          "expression": "runScript(\u0027mes.documentManagement.sp.getDocuments\u0027, 60000, NULL, NULL, NULL, NULL, NULL, NULL, NULL, NULL)"
        },
        "type": "expr"
      },
      "persistent": true
    },
    "params.SelectedRow": {
      "binding": {
        "config": {
          "bidirectional": true,
          "path": "/root/Table.props.selection.selectedRow"
        },
        "type": "property"
      },
      "paramDirection": "output",
      "persistent": true
    },
    "params.TableDataset": {
      "binding": {
        "config": {
          "path": "view.custom.DocumentsDataset"
        },
        "type": "property"
      },
      "paramDirection": "output",
      "persistent": true
    }
  },
  "props": {
    "defaultSize": {
      "width": 1041
    }
  },
  "root": {
    "children": [
      {
        "children": [
          {
            "children": [
              {
                "events": {
                  "dom": {
                    "onClick": {
                      "config": {
                        "script": "\tuserView \u003d self.view.params.UserView\n\tif userView:\n\t\tparams \u003d {\u0027AddUser\u0027: True}\n\t\ttitle \u003d \u0027Add User\u0027\n\t\t\n\t\tsystem.perspective.openPopup(\u0027editRole\u0027, \u0027App/AccessManager/AccessControl/Embedded/Popups/AddEditUserAccess\u0027, params \u003d params, title\u003dtitle, showCloseIcon \u003d True, resizeable \u003d True, draggable \u003d True)\n\telse:\n\t\tparams \u003d {\u0027AddRole\u0027: True}\n\t\ttitle \u003d \u0027Add Role\u0027\n\t\t\n\t\tsystem.perspective.openPopup(\u0027editRole\u0027, \u0027App/AccessManager/AccessControl/Embedded/Popups/AddEditRoleAccess\u0027, params \u003d params, title\u003dtitle, showCloseIcon \u003d True, resizeable \u003d True, draggable \u003d True)"
                      },
                      "scope": "G",
                      "type": "script"
                    }
                  }
                },
                "meta": {
                  "name": "AddButton"
                },
                "position": {
                  "basis": "100%"
                },
                "propConfig": {
                  "props.params.Label": {
                    "binding": {
                      "config": {
                        "expression": "if({view.params.UserView},\r\n\t\u0027Add User\u0027,\r\n\t\u0027Add Role\u0027\r\n)"
                      },
                      "type": "expr"
                    }
                  }
                },
                "props": {
                  "params": {
                    "BackgroundColor": "value",
                    "Enabled": true,
                    "Hover": true,
                    "IconPath": "material/add",
                    "IsSelectable": false,
                    "Selected": true,
                    "Size": "value",
                    "Type": "value"
                  },
                  "path": "GlobalComponents/Buttons/Button"
                },
                "type": "ia.display.view"
              }
            ],
            "meta": {
              "name": "AddRole"
            },
            "position": {
              "basis": "50%",
              "grow": 1
            },
            "props": {
              "style": {
                "classes": "Global/MarginBottom Global/MarginLeft Global/MarginRight"
              }
            },
            "type": "ia.container.flex"
          },
          {
            "children": [
              {
                "events": {
                  "dom": {
                    "onClick": {
                      "config": {
                        "script": "\tuserView \u003d self.view.params.UserView\n\tif userView:\n\t\tuserID \u003d self.view.custom.UserRoleID\n\t\tparams \u003d {\u0027AddUser\u0027: False, \u0027UserID\u0027: userID}\n\t\ttitle \u003d \u0027Edit User\u0027\n\t\t\n\t\tsystem.perspective.openPopup(\u0027editRole\u0027, \u0027App/AccessManager/AccessControl/Embedded/Popups/AddEditUserAccess\u0027, params \u003d params, title\u003dtitle, showCloseIcon \u003d True, resizeable \u003d True, draggable \u003d True)\n\telse:\n\t\troleID \u003d self.view.custom.UserRoleID\n\t\tparams \u003d {\u0027AddRole\u0027: False, \u0027RoleID\u0027: roleID}\n\t\ttitle \u003d \u0027Edit Role\u0027\n\t\t\n\t\tsystem.perspective.openPopup(\u0027editRole\u0027, \u0027App/AccessManager/AccessControl/Embedded/Popups/AddEditRoleAccess\u0027, params \u003d params, title\u003dtitle, showCloseIcon \u003d True, resizeable \u003d True, draggable \u003d True)"
                      },
                      "scope": "G",
                      "type": "script"
                    }
                  }
                },
                "meta": {
                  "name": "EditButton"
                },
                "position": {
                  "basis": "100%"
                },
                "propConfig": {
                  "props.params.Enabled": {
                    "binding": {
                      "config": {
                        "expression": "!isNull({view.params.SelectedRow}) \u0026\u0026 {view.params.SelectedRow} \u003e -1"
                      },
                      "type": "expr"
                    }
                  },
                  "props.params.Label": {
                    "binding": {
                      "config": {
                        "expression": "if({view.params.UserView},\r\n\t\u0027Edit User\u0027,\r\n\t\u0027Edit Role\u0027\r\n)"
                      },
                      "type": "expr"
                    }
                  }
                },
                "props": {
                  "params": {
                    "BackgroundColor": "value",
                    "Hover": true,
                    "IconPath": "material/edit",
                    "IsSelectable": false,
                    "Selected": true,
                    "Size": "value",
                    "Type": "value"
                  },
                  "path": "GlobalComponents/Buttons/Button"
                },
                "type": "ia.display.view"
              }
            ],
            "meta": {
              "name": "EditRole"
            },
            "position": {
              "basis": "50%",
              "grow": 1
            },
            "props": {
              "style": {
                "classes": "Global/MarginBottom Global/MarginLeft Global/MarginRight"
              }
            },
            "type": "ia.container.flex"
          },
          {
            "children": [
              {
                "events": {
                  "dom": {
                    "onClick": {
                      "config": {
                        "script": "\tuserView \u003d self.view.params.UserView\n\tif userView:\n\t\tuserRoleID \u003d self.view.custom.UserRoleID\n\t\tparams \u003d {\u0027UserRoleID\u0027: userRoleID, \u0027UserView\u0027: True}\n\t\ttitle \u003d \u0027Link User\u0027\n\t\t\n\t\tsystem.perspective.openPopup(\u0027linkUser\u0027, \u0027App/AccessManager/AccessControl/Embedded/Popups/DocumentLink\u0027, params \u003d params, title\u003dtitle, showCloseIcon \u003d True, resizeable \u003d True, draggable \u003d True)\n\telse:\n\t\tuserRoleID \u003d self.view.custom.UserRoleID\n\t\tparams \u003d {\u0027UserRoleID\u0027: userRoleID, \u0027UserView\u0027: False}\n\t\ttitle \u003d \u0027Link Role\u0027\n\t\t\n\t\tsystem.perspective.openPopup(\u0027linkRole\u0027, \u0027App/AccessManager/AccessControl/Embedded/Popups/DocumentLink\u0027, params \u003d params, title\u003dtitle, showCloseIcon \u003d True, resizeable \u003d True, draggable \u003d True)"
                      },
                      "scope": "G",
                      "type": "script"
                    }
                  }
                },
                "meta": {
                  "name": "LinkButton"
                },
                "position": {
                  "basis": "100%"
                },
                "propConfig": {
                  "props.params.Enabled": {
                    "binding": {
                      "config": {
                        "expression": "!isNull({view.params.SelectedRow}) \u0026\u0026 {view.params.SelectedRow} \u003e -1"
                      },
                      "type": "expr"
                    }
                  },
                  "props.params.Label": {
                    "binding": {
                      "config": {
                        "expression": "if({view.params.UserView},\r\n\t\u0027Link User\u0027,\r\n\t\u0027Link Role\u0027\r\n)"
                      },
                      "type": "expr"
                    }
                  }
                },
                "props": {
                  "params": {
                    "BackgroundColor": "value",
                    "Hover": true,
                    "IconPath": "material/link",
                    "IsSelectable": false,
                    "Selected": true,
                    "Size": "value",
                    "Type": "value"
                  },
                  "path": "GlobalComponents/Buttons/Button"
                },
                "type": "ia.display.view"
              }
            ],
            "meta": {
              "name": "LinkRole"
            },
            "position": {
              "basis": "50%",
              "grow": 1
            },
            "props": {
              "style": {
                "classes": "Global/MarginBottom Global/MarginLeft Global/MarginRight"
              }
            },
            "type": "ia.container.flex"
          },
          {
            "children": [
              {
                "events": {
                  "dom": {
                    "onClick": {
                      "config": {
                        "script": "\tuserView \u003d self.view.params.UserView\n\tif userView:\n\t\tuserID \u003d self.view.custom.UserRoleID\n\t\tparams \u003d {\u0027UserRoleID\u0027: userID, \u0027isUser\u0027: True}\n\t\ttitle \u003d \u0027Delete User\u0027\n\t\t\n\t\tsystem.perspective.openPopup(\u0027deleteUser\u0027, \u0027App/AccessManager/AccessControl/Embedded/Popups/DeleteConfirmation\u0027, params \u003d params, title\u003dtitle, showCloseIcon \u003d True, resizeable \u003d True, draggable \u003d True)\n\telse:\n\t\troleID \u003d self.view.custom.UserRoleID\n\t\tparams \u003d {\u0027UserRoleID\u0027: roleID, \u0027isUser\u0027: False}\n\t\ttitle \u003d \u0027Delete Role\u0027\n\t\t\n\t\tsystem.perspective.openPopup(\u0027deleteRole\u0027, \u0027App/AccessManager/AccessControl/Embedded/Popups/DeleteConfirmation\u0027, params \u003d params, title\u003dtitle, showCloseIcon \u003d True, resizeable \u003d True, draggable \u003d True)"
                      },
                      "scope": "G",
                      "type": "script"
                    }
                  }
                },
                "meta": {
                  "name": "DeleteButton"
                },
                "position": {
                  "basis": "100%"
                },
                "propConfig": {
                  "props.params.Enabled": {
                    "binding": {
                      "config": {
                        "expression": "!isNull({view.params.SelectedRow}) \u0026\u0026 {view.params.SelectedRow} \u003e -1"
                      },
                      "type": "expr"
                    }
                  },
                  "props.params.Label": {
                    "binding": {
                      "config": {
                        "expression": "if({view.params.UserView},\r\n\t\u0027Delete User\u0027,\r\n\t\u0027Delete Role\u0027\r\n)"
                      },
                      "type": "expr"
                    }
                  }
                },
                "props": {
                  "params": {
                    "BackgroundColor": "value",
                    "Hover": true,
                    "IconPath": "material/close",
                    "IsSelectable": false,
                    "Selected": true,
                    "Size": "value",
                    "Type": "value"
                  },
                  "path": "GlobalComponents/Buttons/Button"
                },
                "type": "ia.display.view"
              }
            ],
            "meta": {
              "name": "DeleteRole"
            },
            "position": {
              "basis": "50%",
              "grow": 1
            },
            "props": {
              "style": {
                "classes": "Global/MarginBottom Global/MarginLeft Global/MarginRight"
              }
            },
            "type": "ia.container.flex"
          }
        ],
        "meta": {
          "name": "rowButtons",
          "visible": false
        },
        "position": {
          "basis": "0px"
        },
        "type": "ia.container.flex"
      },
      {
        "meta": {
          "name": "Table"
        },
        "position": {
          "basis": "400px"
        },
        "propConfig": {
          "props.data": {
            "binding": {
              "config": {
                "path": "view.custom.DocumentsDataset"
              },
              "type": "property"
            }
          }
        },
        "props": {
          "columns": [
            {
              "align": "center",
              "boolean": "checkbox",
              "dateFormat": "MM/DD/YYYY",
              "editable": false,
              "field": "ID",
              "filter": {
                "boolean": {
                  "condition": ""
                },
                "date": {
                  "condition": "",
                  "value": ""
                },
                "enabled": false,
                "number": {
                  "condition": "",
                  "value": ""
                },
                "string": {
                  "condition": "",
                  "value": ""
                },
                "visible": "on-hover"
              },
              "footer": {
                "align": "center",
                "justify": "left",
                "style": {
                  "classes": ""
                },
                "title": ""
              },
              "header": {
                "align": "center",
                "justify": "left",
                "style": {
                  "classes": ""
                },
                "title": ""
              },
              "justify": "auto",
              "nullFormat": {
                "includeNullStrings": false,
                "nullFormatValue": "",
                "strict": false
              },
              "number": "value",
              "numberFormat": "0,0.##",
              "progressBar": {
                "bar": {
                  "color": "",
                  "style": {
                    "classes": ""
                  }
                },
                "max": 100,
                "min": 0,
                "track": {
                  "color": "",
                  "style": {
                    "classes": ""
                  }
                },
                "value": {
                  "enabled": true,
                  "format": "0,0.##",
                  "justify": "center",
                  "style": {
                    "classes": ""
                  }
                }
              },
              "render": "auto",
              "resizable": true,
              "sort": "none",
              "sortable": true,
              "strictWidth": false,
              "style": {
                "classes": ""
              },
              "toggleSwitch": {
                "color": {
                  "selected": "",
                  "unselected": ""
                }
              },
              "viewParams": {},
              "viewPath": "",
              "visible": false,
              "width": ""
            },
            {
              "align": "center",
              "boolean": "checkbox",
              "dateFormat": "MM/DD/YYYY",
              "editable": false,
              "field": "Name",
              "filter": {
                "boolean": {
                  "condition": ""
                },
                "date": {
                  "condition": "",
                  "value": ""
                },
                "enabled": false,
                "number": {
                  "condition": "",
                  "value": ""
                },
                "string": {
                  "condition": "",
                  "value": ""
                },
                "visible": "on-hover"
              },
              "footer": {
                "align": "center",
                "justify": "left",
                "style": {
                  "classes": ""
                },
                "title": ""
              },
              "header": {
                "align": "center",
                "justify": "left",
                "style": {
                  "classes": ""
                },
                "title": "Document Name"
              },
              "justify": "auto",
              "nullFormat": {
                "includeNullStrings": false,
                "nullFormatValue": "",
                "strict": false
              },
              "number": "value",
              "numberFormat": "0,0.##",
              "progressBar": {
                "bar": {
                  "color": "",
                  "style": {
                    "classes": ""
                  }
                },
                "max": 100,
                "min": 0,
                "track": {
                  "color": "",
                  "style": {
                    "classes": ""
                  }
                },
                "value": {
                  "enabled": true,
                  "format": "0,0.##",
                  "justify": "center",
                  "style": {
                    "classes": ""
                  }
                }
              },
              "render": "auto",
              "resizable": true,
              "sort": "none",
              "sortable": true,
              "strictWidth": false,
              "style": {
                "classes": ""
              },
              "toggleSwitch": {
                "color": {
                  "selected": "",
                  "unselected": ""
                }
              },
              "viewParams": {},
              "viewPath": "",
              "visible": true,
              "width": ""
            },
            {
              "align": "center",
              "boolean": "checkbox",
              "dateFormat": "MM/DD/YYYY",
              "editable": false,
              "field": "Description",
              "filter": {
                "boolean": {
                  "condition": ""
                },
                "date": {
                  "condition": "",
                  "value": ""
                },
                "enabled": false,
                "number": {
                  "condition": "",
                  "value": ""
                },
                "string": {
                  "condition": "",
                  "value": ""
                },
                "visible": "on-hover"
              },
              "footer": {
                "align": "center",
                "justify": "left",
                "style": {
                  "classes": ""
                },
                "title": ""
              },
              "header": {
                "align": "center",
                "justify": "left",
                "style": {
                  "classes": ""
                },
                "title": ""
              },
              "justify": "auto",
              "nullFormat": {
                "includeNullStrings": true,
                "nullFormatValue": "",
                "strict": false
              },
              "number": "value",
              "numberFormat": "0,0.##",
              "progressBar": {
                "bar": {
                  "color": "",
                  "style": {
                    "classes": ""
                  }
                },
                "max": 100,
                "min": 0,
                "track": {
                  "color": "",
                  "style": {
                    "classes": ""
                  }
                },
                "value": {
                  "enabled": true,
                  "format": "0,0.##",
                  "justify": "center",
                  "style": {
                    "classes": ""
                  }
                }
              },
              "render": "auto",
              "resizable": true,
              "sort": "none",
              "sortable": true,
              "strictWidth": false,
              "style": {
                "classes": ""
              },
              "toggleSwitch": {
                "color": {
                  "selected": "",
                  "unselected": ""
                }
              },
              "viewParams": {},
              "viewPath": "",
              "visible": true,
              "width": ""
            },
            {
              "align": "center",
              "boolean": "checkbox",
              "dateFormat": "MM/DD/YYYY",
              "editable": false,
              "field": "Filename",
              "filter": {
                "boolean": {
                  "condition": ""
                },
                "date": {
                  "condition": "",
                  "value": ""
                },
                "enabled": false,
                "number": {
                  "condition": "",
                  "value": ""
                },
                "string": {
                  "condition": "",
                  "value": ""
                },
                "visible": "on-hover"
              },
              "footer": {
                "align": "center",
                "justify": "left",
                "style": {
                  "classes": ""
                },
                "title": ""
              },
              "header": {
                "align": "center",
                "justify": "left",
                "style": {
                  "classes": ""
                },
                "title": ""
              },
              "justify": "auto",
              "nullFormat": {
                "includeNullStrings": false,
                "nullFormatValue": "",
                "strict": false
              },
              "number": "value",
              "numberFormat": "0,0.##",
              "progressBar": {
                "bar": {
                  "color": "",
                  "style": {
                    "classes": ""
                  }
                },
                "max": 100,
                "min": 0,
                "track": {
                  "color": "",
                  "style": {
                    "classes": ""
                  }
                },
                "value": {
                  "enabled": true,
                  "format": "0,0.##",
                  "justify": "center",
                  "style": {
                    "classes": ""
                  }
                }
              },
              "render": "auto",
              "resizable": true,
              "sort": "none",
              "sortable": true,
              "strictWidth": false,
              "style": {
                "classes": ""
              },
              "toggleSwitch": {
                "color": {
                  "selected": "",
                  "unselected": ""
                }
              },
              "viewParams": {},
              "viewPath": "",
              "visible": false,
              "width": ""
            },
            {
              "align": "center",
              "boolean": "checkbox",
              "dateFormat": "MM/DD/YYYY",
              "editable": false,
              "field": "Extension",
              "filter": {
                "boolean": {
                  "condition": ""
                },
                "date": {
                  "condition": "",
                  "value": ""
                },
                "enabled": false,
                "number": {
                  "condition": "",
                  "value": ""
                },
                "string": {
                  "condition": "",
                  "value": ""
                },
                "visible": "on-hover"
              },
              "footer": {
                "align": "center",
                "justify": "left",
                "style": {
                  "classes": ""
                },
                "title": ""
              },
              "header": {
                "align": "center",
                "justify": "left",
                "style": {
                  "classes": ""
                },
                "title": "File Extension"
              },
              "justify": "auto",
              "nullFormat": {
                "includeNullStrings": false,
                "nullFormatValue": "",
                "strict": false
              },
              "number": "value",
              "numberFormat": "0,0.##",
              "progressBar": {
                "bar": {
                  "color": "",
                  "style": {
                    "classes": ""
                  }
                },
                "max": 100,
                "min": 0,
                "track": {
                  "color": "",
                  "style": {
                    "classes": ""
                  }
                },
                "value": {
                  "enabled": true,
                  "format": "0,0.##",
                  "justify": "center",
                  "style": {
                    "classes": ""
                  }
                }
              },
              "render": "auto",
              "resizable": true,
              "sort": "none",
              "sortable": true,
              "strictWidth": false,
              "style": {
                "classes": ""
              },
              "toggleSwitch": {
                "color": {
                  "selected": "",
                  "unselected": ""
                }
              },
              "viewParams": {},
              "viewPath": "",
              "visible": true,
              "width": ""
            },
            {
              "align": "center",
              "boolean": "checkbox",
              "dateFormat": "MM/DD/YYYY HH:mm:ss",
              "editable": false,
              "field": "Size",
              "filter": {
                "boolean": {
                  "condition": ""
                },
                "date": {
                  "condition": "",
                  "value": ""
                },
                "enabled": false,
                "number": {
                  "condition": "",
                  "value": ""
                },
                "string": {
                  "condition": "",
                  "value": ""
                },
                "visible": "on-hover"
              },
              "footer": {
                "align": "center",
                "justify": "left",
                "style": {
                  "classes": ""
                },
                "title": ""
              },
              "header": {
                "align": "center",
                "justify": "left",
                "style": {
                  "classes": ""
                },
                "title": ""
              },
              "justify": "auto",
              "nullFormat": {
                "includeNullStrings": false,
                "nullFormatValue": "",
                "strict": false
              },
              "number": "value",
              "numberFormat": "0,0.##",
              "progressBar": {
                "bar": {
                  "color": "",
                  "style": {
                    "classes": ""
                  }
                },
                "max": 100,
                "min": 0,
                "track": {
                  "color": "",
                  "style": {
                    "classes": ""
                  }
                },
                "value": {
                  "enabled": true,
                  "format": "0,0.##",
                  "justify": "center",
                  "style": {
                    "classes": ""
                  }
                }
              },
              "render": "auto",
              "resizable": true,
              "sort": "none",
              "sortable": true,
              "strictWidth": false,
              "style": {
                "classes": ""
              },
              "toggleSwitch": {
                "color": {
                  "selected": "",
                  "unselected": ""
                }
              },
              "viewParams": {},
              "viewPath": "",
              "visible": false,
              "width": ""
            },
            {
              "align": "center",
              "boolean": "checkbox",
              "dateFormat": "MM/DD/YYYY HH:mm:ss",
              "editable": false,
              "field": "Modified",
              "filter": {
                "boolean": {
                  "condition": ""
                },
                "date": {
                  "condition": "",
                  "value": ""
                },
                "enabled": false,
                "number": {
                  "condition": "",
                  "value": ""
                },
                "string": {
                  "condition": "",
                  "value": ""
                },
                "visible": "on-hover"
              },
              "footer": {
                "align": "center",
                "justify": "left",
                "style": {
                  "classes": ""
                },
                "title": ""
              },
              "header": {
                "align": "center",
                "justify": "left",
                "style": {
                  "classes": ""
                },
                "title": "Last Modified"
              },
              "justify": "auto",
              "nullFormat": {
                "includeNullStrings": false,
                "nullFormatValue": "",
                "strict": false
              },
              "number": "value",
              "numberFormat": "0,0.##",
              "progressBar": {
                "bar": {
                  "color": "",
                  "style": {
                    "classes": ""
                  }
                },
                "max": 100,
                "min": 0,
                "track": {
                  "color": "",
                  "style": {
                    "classes": ""
                  }
                },
                "value": {
                  "enabled": true,
                  "format": "0,0.##",
                  "justify": "center",
                  "style": {
                    "classes": ""
                  }
                }
              },
              "render": "auto",
              "resizable": true,
              "sort": "none",
              "sortable": true,
              "strictWidth": false,
              "style": {
                "classes": ""
              },
              "toggleSwitch": {
                "color": {
                  "selected": "",
                  "unselected": ""
                }
              },
              "viewParams": {},
              "viewPath": "",
              "visible": true,
              "width": ""
            },
            {
              "align": "center",
              "boolean": "checkbox",
              "dateFormat": "MM/DD/YYYY",
              "editable": false,
              "field": "ModifiedBy",
              "filter": {
                "boolean": {
                  "condition": ""
                },
                "date": {
                  "condition": "",
                  "value": ""
                },
                "enabled": false,
                "number": {
                  "condition": "",
                  "value": ""
                },
                "string": {
                  "condition": "",
                  "value": ""
                },
                "visible": "on-hover"
              },
              "footer": {
                "align": "center",
                "justify": "left",
                "style": {
                  "classes": ""
                },
                "title": ""
              },
              "header": {
                "align": "center",
                "justify": "left",
                "style": {
                  "classes": ""
                },
                "title": "Last Modified By"
              },
              "justify": "auto",
              "nullFormat": {
                "includeNullStrings": false,
                "nullFormatValue": "",
                "strict": false
              },
              "number": "value",
              "numberFormat": "0,0.##",
              "progressBar": {
                "bar": {
                  "color": "",
                  "style": {
                    "classes": ""
                  }
                },
                "max": 100,
                "min": 0,
                "track": {
                  "color": "",
                  "style": {
                    "classes": ""
                  }
                },
                "value": {
                  "enabled": true,
                  "format": "0,0.##",
                  "justify": "center",
                  "style": {
                    "classes": ""
                  }
                }
              },
              "render": "auto",
              "resizable": true,
              "sort": "none",
              "sortable": true,
              "strictWidth": false,
              "style": {
                "classes": ""
              },
              "toggleSwitch": {
                "color": {
                  "selected": "",
                  "unselected": ""
                }
              },
              "viewParams": {},
              "viewPath": "",
              "visible": true,
              "width": ""
            },
            {
              "align": "center",
              "boolean": "checkbox",
              "dateFormat": "MM/DD/YYYY",
              "editable": false,
              "field": "PreviousID",
              "filter": {
                "boolean": {
                  "condition": ""
                },
                "date": {
                  "condition": "",
                  "value": ""
                },
                "enabled": false,
                "number": {
                  "condition": "",
                  "value": ""
                },
                "string": {
                  "condition": "",
                  "value": ""
                },
                "visible": "on-hover"
              },
              "footer": {
                "align": "center",
                "justify": "left",
                "style": {
                  "classes": ""
                },
                "title": ""
              },
              "header": {
                "align": "center",
                "justify": "left",
                "style": {
                  "classes": ""
                },
                "title": ""
              },
              "justify": "auto",
              "nullFormat": {
                "includeNullStrings": false,
                "nullFormatValue": "",
                "strict": false
              },
              "number": "value",
              "numberFormat": "0,0.##",
              "progressBar": {
                "bar": {
                  "color": "",
                  "style": {
                    "classes": ""
                  }
                },
                "max": 100,
                "min": 0,
                "track": {
                  "color": "",
                  "style": {
                    "classes": ""
                  }
                },
                "value": {
                  "enabled": true,
                  "format": "0,0.##",
                  "justify": "center",
                  "style": {
                    "classes": ""
                  }
                }
              },
              "render": "auto",
              "resizable": true,
              "sort": "none",
              "sortable": true,
              "strictWidth": false,
              "style": {
                "classes": ""
              },
              "toggleSwitch": {
                "color": {
                  "selected": "",
                  "unselected": ""
                }
              },
              "viewParams": {},
              "viewPath": "",
              "visible": false,
              "width": ""
            },
            {
              "align": "center",
              "boolean": "checkbox",
              "dateFormat": "MM/DD/YYYY",
              "editable": false,
              "field": "Notes",
              "filter": {
                "boolean": {
                  "condition": ""
                },
                "date": {
                  "condition": "",
                  "value": ""
                },
                "enabled": false,
                "number": {
                  "condition": "",
                  "value": ""
                },
                "string": {
                  "condition": "",
                  "value": ""
                },
                "visible": "on-hover"
              },
              "footer": {
                "align": "center",
                "justify": "left",
                "style": {
                  "classes": ""
                },
                "title": ""
              },
              "header": {
                "align": "center",
                "justify": "left",
                "style": {
                  "classes": ""
                },
                "title": ""
              },
              "justify": "auto",
              "nullFormat": {
                "includeNullStrings": true,
                "nullFormatValue": "",
                "strict": false
              },
              "number": "value",
              "numberFormat": "0,0.##",
              "progressBar": {
                "bar": {
                  "color": "",
                  "style": {
                    "classes": ""
                  }
                },
                "max": 100,
                "min": 0,
                "track": {
                  "color": "",
                  "style": {
                    "classes": ""
                  }
                },
                "value": {
                  "enabled": true,
                  "format": "0,0.##",
                  "justify": "center",
                  "style": {
                    "classes": ""
                  }
                }
              },
              "render": "auto",
              "resizable": true,
              "sort": "none",
              "sortable": true,
              "strictWidth": false,
              "style": {
                "classes": ""
              },
              "toggleSwitch": {
                "color": {
                  "selected": "",
                  "unselected": ""
                }
              },
              "viewParams": {},
              "viewPath": "",
              "visible": true,
              "width": ""
            },
            {
              "align": "center",
              "boolean": "checkbox",
              "dateFormat": "MM/DD/YYYY",
              "editable": false,
              "field": "FolderID",
              "filter": {
                "boolean": {
                  "condition": ""
                },
                "date": {
                  "condition": "",
                  "value": ""
                },
                "enabled": false,
                "number": {
                  "condition": "",
                  "value": ""
                },
                "string": {
                  "condition": "",
                  "value": ""
                },
                "visible": "on-hover"
              },
              "footer": {
                "align": "center",
                "justify": "left",
                "style": {
                  "classes": ""
                },
                "title": ""
              },
              "header": {
                "align": "center",
                "justify": "left",
                "style": {
                  "classes": ""
                },
                "title": ""
              },
              "justify": "auto",
              "nullFormat": {
                "includeNullStrings": false,
                "nullFormatValue": "",
                "strict": false
              },
              "number": "value",
              "numberFormat": "0,0.##",
              "progressBar": {
                "bar": {
                  "color": "",
                  "style": {
                    "classes": ""
                  }
                },
                "max": 100,
                "min": 0,
                "track": {
                  "color": "",
                  "style": {
                    "classes": ""
                  }
                },
                "value": {
                  "enabled": true,
                  "format": "0,0.##",
                  "justify": "center",
                  "style": {
                    "classes": ""
                  }
                }
              },
              "render": "auto",
              "resizable": true,
              "sort": "none",
              "sortable": true,
              "strictWidth": false,
              "style": {
                "classes": ""
              },
              "toggleSwitch": {
                "color": {
                  "selected": "",
                  "unselected": ""
                }
              },
              "viewParams": {},
              "viewPath": "",
              "visible": false,
              "width": ""
            },
            {
              "align": "center",
              "boolean": "checkbox",
              "dateFormat": "MM/DD/YYYY",
              "editable": false,
              "field": "DocumentStatusID",
              "filter": {
                "boolean": {
                  "condition": ""
                },
                "date": {
                  "condition": "",
                  "value": ""
                },
                "enabled": false,
                "number": {
                  "condition": "",
                  "value": ""
                },
                "string": {
                  "condition": "",
                  "value": ""
                },
                "visible": "on-hover"
              },
              "footer": {
                "align": "center",
                "justify": "left",
                "style": {
                  "classes": ""
                },
                "title": ""
              },
              "header": {
                "align": "center",
                "justify": "left",
                "style": {
                  "classes": ""
                },
                "title": ""
              },
              "justify": "auto",
              "nullFormat": {
                "includeNullStrings": false,
                "nullFormatValue": "",
                "strict": false
              },
              "number": "value",
              "numberFormat": "0,0.##",
              "progressBar": {
                "bar": {
                  "color": "",
                  "style": {
                    "classes": ""
                  }
                },
                "max": 100,
                "min": 0,
                "track": {
                  "color": "",
                  "style": {
                    "classes": ""
                  }
                },
                "value": {
                  "enabled": true,
                  "format": "0,0.##",
                  "justify": "center",
                  "style": {
                    "classes": ""
                  }
                }
              },
              "render": "auto",
              "resizable": true,
              "sort": "none",
              "sortable": true,
              "strictWidth": false,
              "style": {
                "classes": ""
              },
              "toggleSwitch": {
                "color": {
                  "selected": "",
                  "unselected": ""
                }
              },
              "viewParams": {},
              "viewPath": "",
              "visible": false,
              "width": ""
            },
            {
              "align": "center",
              "boolean": "checkbox",
              "dateFormat": "MM/DD/YYYY",
              "editable": false,
              "field": "StatusUpdated",
              "filter": {
                "boolean": {
                  "condition": ""
                },
                "date": {
                  "condition": "",
                  "value": ""
                },
                "enabled": false,
                "number": {
                  "condition": "",
                  "value": ""
                },
                "string": {
                  "condition": "",
                  "value": ""
                },
                "visible": "on-hover"
              },
              "footer": {
                "align": "center",
                "justify": "left",
                "style": {
                  "classes": ""
                },
                "title": ""
              },
              "header": {
                "align": "center",
                "justify": "left",
                "style": {
                  "classes": ""
                },
                "title": ""
              },
              "justify": "auto",
              "nullFormat": {
                "includeNullStrings": false,
                "nullFormatValue": "",
                "strict": false
              },
              "number": "value",
              "numberFormat": "0,0.##",
              "progressBar": {
                "bar": {
                  "color": "",
                  "style": {
                    "classes": ""
                  }
                },
                "max": 100,
                "min": 0,
                "track": {
                  "color": "",
                  "style": {
                    "classes": ""
                  }
                },
                "value": {
                  "enabled": true,
                  "format": "0,0.##",
                  "justify": "center",
                  "style": {
                    "classes": ""
                  }
                }
              },
              "render": "auto",
              "resizable": true,
              "sort": "none",
              "sortable": true,
              "strictWidth": false,
              "style": {
                "classes": ""
              },
              "toggleSwitch": {
                "color": {
                  "selected": "",
                  "unselected": ""
                }
              },
              "viewParams": {},
              "viewPath": "",
              "visible": false,
              "width": ""
            },
            {
              "align": "center",
              "boolean": "checkbox",
              "dateFormat": "MM/DD/YYYY",
              "editable": false,
              "field": "Status",
              "filter": {
                "boolean": {
                  "condition": ""
                },
                "date": {
                  "condition": "",
                  "value": ""
                },
                "enabled": false,
                "number": {
                  "condition": "",
                  "value": ""
                },
                "string": {
                  "condition": "",
                  "value": ""
                },
                "visible": "on-hover"
              },
              "footer": {
                "align": "center",
                "justify": "left",
                "style": {
                  "classes": ""
                },
                "title": ""
              },
              "header": {
                "align": "center",
                "justify": "left",
                "style": {
                  "classes": ""
                },
                "title": ""
              },
              "justify": "auto",
              "nullFormat": {
                "includeNullStrings": false,
                "nullFormatValue": "",
                "strict": false
              },
              "number": "value",
              "numberFormat": "0,0.##",
              "progressBar": {
                "bar": {
                  "color": "",
                  "style": {
                    "classes": ""
                  }
                },
                "max": 100,
                "min": 0,
                "track": {
                  "color": "",
                  "style": {
                    "classes": ""
                  }
                },
                "value": {
                  "enabled": true,
                  "format": "0,0.##",
                  "justify": "center",
                  "style": {
                    "classes": ""
                  }
                }
              },
              "render": "auto",
              "resizable": true,
              "sort": "none",
              "sortable": true,
              "strictWidth": false,
              "style": {
                "classes": ""
              },
              "toggleSwitch": {
                "color": {
                  "selected": "",
                  "unselected": ""
                }
              },
              "viewParams": {},
              "viewPath": "",
              "visible": true,
              "width": ""
            },
            {
              "align": "center",
              "boolean": "checkbox",
              "dateFormat": "MM/DD/YYYY",
              "editable": false,
              "field": "FolderName",
              "filter": {
                "boolean": {
                  "condition": ""
                },
                "date": {
                  "condition": "",
                  "value": ""
                },
                "enabled": false,
                "number": {
                  "condition": "",
                  "value": ""
                },
                "string": {
                  "condition": "",
                  "value": ""
                },
                "visible": "on-hover"
              },
              "footer": {
                "align": "center",
                "justify": "left",
                "style": {
                  "classes": ""
                },
                "title": ""
              },
              "header": {
                "align": "center",
                "justify": "left",
                "style": {
                  "classes": ""
                },
                "title": "Folder Name"
              },
              "justify": "auto",
              "nullFormat": {
                "includeNullStrings": true,
                "nullFormatValue": "",
                "strict": false
              },
              "number": "value",
              "numberFormat": "0,0.##",
              "progressBar": {
                "bar": {
                  "color": "",
                  "style": {
                    "classes": ""
                  }
                },
                "max": 100,
                "min": 0,
                "track": {
                  "color": "",
                  "style": {
                    "classes": ""
                  }
                },
                "value": {
                  "enabled": true,
                  "format": "0,0.##",
                  "justify": "center",
                  "style": {
                    "classes": ""
                  }
                }
              },
              "render": "auto",
              "resizable": true,
              "sort": "none",
              "sortable": true,
              "strictWidth": false,
              "style": {
                "classes": ""
              },
              "toggleSwitch": {
                "color": {
                  "selected": "",
                  "unselected": ""
                }
              },
              "viewParams": {},
              "viewPath": "",
              "visible": true,
              "width": ""
            },
            {
              "align": "center",
              "boolean": "checkbox",
              "dateFormat": "MM/DD/YYYY",
              "editable": false,
              "field": "ApprovedBy",
              "filter": {
                "boolean": {
                  "condition": ""
                },
                "date": {
                  "condition": "",
                  "value": ""
                },
                "enabled": false,
                "number": {
                  "condition": "",
                  "value": ""
                },
                "string": {
                  "condition": "",
                  "value": ""
                },
                "visible": "on-hover"
              },
              "footer": {
                "align": "center",
                "justify": "left",
                "style": {
                  "classes": ""
                },
                "title": ""
              },
              "header": {
                "align": "center",
                "justify": "left",
                "style": {
                  "classes": ""
                },
                "title": "Approved By"
              },
              "justify": "auto",
              "nullFormat": {
                "includeNullStrings": true,
                "nullFormatValue": "",
                "strict": false
              },
              "number": "value",
              "numberFormat": "0,0.##",
              "progressBar": {
                "bar": {
                  "color": "",
                  "style": {
                    "classes": ""
                  }
                },
                "max": 100,
                "min": 0,
                "track": {
                  "color": "",
                  "style": {
                    "classes": ""
                  }
                },
                "value": {
                  "enabled": true,
                  "format": "0,0.##",
                  "justify": "center",
                  "style": {
                    "classes": ""
                  }
                }
              },
              "render": "auto",
              "resizable": true,
              "sort": "none",
              "sortable": true,
              "strictWidth": false,
              "style": {
                "classes": ""
              },
              "toggleSwitch": {
                "color": {
                  "selected": "",
                  "unselected": ""
                }
              },
              "viewParams": {},
              "viewPath": "",
              "visible": true,
              "width": ""
            },
            {
              "align": "center",
              "boolean": "checkbox",
              "dateFormat": "MM/DD/YYYY",
              "editable": false,
              "field": "Version",
              "filter": {
                "boolean": {
                  "condition": ""
                },
                "date": {
                  "condition": "",
                  "value": ""
                },
                "enabled": false,
                "number": {
                  "condition": "",
                  "value": ""
                },
                "string": {
                  "condition": "",
                  "value": ""
                },
                "visible": "on-hover"
              },
              "footer": {
                "align": "center",
                "justify": "left",
                "style": {
                  "classes": ""
                },
                "title": ""
              },
              "header": {
                "align": "center",
                "justify": "left",
                "style": {
                  "classes": ""
                },
                "title": ""
              },
              "justify": "auto",
              "nullFormat": {
                "includeNullStrings": false,
                "nullFormatValue": "",
                "strict": false
              },
              "number": "value",
              "numberFormat": "0,0.##",
              "progressBar": {
                "bar": {
                  "color": "",
                  "style": {
                    "classes": ""
                  }
                },
                "max": 100,
                "min": 0,
                "track": {
                  "color": "",
                  "style": {
                    "classes": ""
                  }
                },
                "value": {
                  "enabled": true,
                  "format": "0,0.##",
                  "justify": "center",
                  "style": {
                    "classes": ""
                  }
                }
              },
              "render": "auto",
              "resizable": true,
              "sort": "none",
              "sortable": true,
              "strictWidth": false,
              "style": {
                "classes": ""
              },
              "toggleSwitch": {
                "color": {
                  "selected": "",
                  "unselected": ""
                }
              },
              "viewParams": {},
              "viewPath": "",
              "visible": true,
              "width": ""
            }
          ]
        },
        "type": "ia.display.table"
      }
    ],
    "meta": {
      "name": "root"
    },
    "props": {
      "direction": "column"
    },
    "scripts": {
      "customMethods": [],
      "extensionFunctions": null,
      "messageHandlers": [
        {
          "messageType": "refreshDocumentReviewDocumentTable",
          "pageScope": true,
          "script": "\tself.view.refreshBinding(\"custom.DocumentsDataset\")\n\tself.view.refreshBinding(\"params.TableDataset\")",
          "sessionScope": false,
          "viewScope": false
        }
      ]
    },
    "type": "ia.container.flex"
  }
}