{
  "custom": {},
  "params": {},
  "props": {
    "defaultSize": {
      "width": 1024
    }
  },
  "root": {
    "children": [
      {
        "children": [
          {
            "meta": {
              "name": "ButtonView"
            },
            "propConfig": {
              "props.params.Params.RoleDataset": {
                "binding": {
                  "config": {
                    "path": ".../Column2/RoleAccessView.props.params.Params.TableDataset"
                  },
                  "type": "property"
                }
              },
              "props.params.Params.RoleDatasetSelectedRow": {
                "binding": {
                  "config": {
                    "path": ".../Column2/RoleAccessView.props.params.Params.SelectedRow"
                  },
                  "type": "property"
                }
              },
              "props.params.Params.UserDataset": {
                "binding": {
                  "config": {
                    "path": ".../Column3/UserAccessView.props.params.Params.TableDataset"
                  },
                  "type": "property"
                }
              },
              "props.params.Params.UserDatasetSelectedRow": {
                "binding": {
                  "config": {
                    "path": ".../Column3/UserAccessView.props.params.Params.SelectedRow"
                  },
                  "type": "property"
                }
              }
            },
            "props": {
              "params": {
                "AreaID": "value",
                "EqPath": "value",
                "EqType": "site",
                "HideTitle": false,
                "Icon": "",
                "IconDisplay": true,
                "IsNavigate": false,
                "Params": {
                  "EqPath": "",
                  "SiteID": "value",
                  "State": "",
                  "TagPath": "value",
                  "TagProvider": "value"
                },
                "Path": "App/DocumentManager/AccessManager/AccessControl/Embedded/FilterButtons",
                "Provider": "value",
                "SizeBasis": "value",
                "TagPath": "value",
                "Title": "",
                "Type": "",
                "index": "value",
                "useDefaultHeight": false,
                "useDefaultWidth": false
              },
              "path": "GlobalComponents/Cards/Card"
            },
            "type": "ia.display.view"
          }
        ],
        "meta": {
          "name": "Column1"
        },
        "position": {
          "basis": "220px"
        },
        "props": {
          "direction": "column",
          "style": {
            "classes": "Global/MarginRight"
          }
        },
        "type": "ia.container.flex"
      },
      {
        "children": [
          {
            "meta": {
              "name": "RoleAccessView"
            },
            "position": {
              "basis": "320px",
              "grow": 1
            },
            "props": {
              "params": {
                "AreaID": "value",
                "EqPath": "value",
                "EqType": "site",
                "HideTitle": false,
                "Icon": "",
                "IconDisplay": true,
                "IsNavigate": false,
                "Params": {
                  "EqPath": "",
                  "SelectedRow": null,
                  "SiteID": "value",
                  "State": "",
                  "TableDataset": {
                    "$": [
                      "ds",
                      192,
                      1713557184867
                    ],
                    "$columns": [
                      {
                        "data": [
                          4,
                          3
                        ],
                        "name": "ID",
                        "type": "Integer"
                      },
                      {
                        "data": [
                          "Administrator",
                          "Manager"
                        ],
                        "name": "Role",
                        "type": "String"
                      },
                      {
                        "data": [
                          true,
                          true
                        ],
                        "name": "ViewAccess",
                        "type": "Boolean"
                      },
                      {
                        "data": [
                          true,
                          false
                        ],
                        "name": "AddUpdateAccess",
                        "type": "Boolean"
                      },
                      {
                        "data": [
                          true,
                          false
                        ],
                        "name": "DeleteAccess",
                        "type": "Boolean"
                      },
                      {
                        "data": [
                          false,
                          false
                        ],
                        "name": "Reviewer",
                        "type": "Boolean"
                      },
                      {
                        "data": [
                          1713458175000,
                          1713229114000
                        ],
                        "name": "RowUpdated",
                        "type": "Date"
                      }
                    ]
                  },
                  "TagPath": "value",
                  "TagProvider": "value",
                  "UserView": false
                },
                "Path": "App/DocumentManager/AccessManager/AccessControl/Embedded/UsersRolesTable",
                "Provider": "value",
                "SizeBasis": "value",
                "TagPath": "value",
                "Title": "Role Access",
                "Type": "",
                "index": "value",
                "useDefaultHeight": false,
                "useDefaultWidth": false
              },
              "path": "GlobalComponents/Cards/Card"
            },
            "type": "ia.display.view"
          }
        ],
        "meta": {
          "name": "Column2"
        },
        "position": {
          "grow": 1
        },
        "props": {
          "style": {
            "classes": "Global/MarginRight"
          }
        },
        "type": "ia.container.flex"
      },
      {
        "children": [
          {
            "meta": {
              "name": "UserAccessView"
            },
            "position": {
              "basis": "320px",
              "grow": 1
            },
            "props": {
              "params": {
                "AreaID": "value",
                "EqPath": "value",
                "EqType": "site",
                "HideTitle": false,
                "Icon": "",
                "IconDisplay": true,
                "IsNavigate": false,
                "Params": {
                  "EqPath": "",
                  "SelectedRow": null,
                  "SiteID": "value",
                  "State": "",
                  "TableDataset": {
                    "$": [
                      "ds",
                      192,
                      1713557184867
                    ],
                    "$columns": [
                      {
                        "data": [
                          2,
                          7,
                          4
                        ],
                        "name": "ID",
                        "type": "Integer"
                      },
                      {
                        "data": [
                          "nleonard",
                          "Test1",
                          "tturner"
                        ],
                        "name": "Username",
                        "type": "String"
                      },
                      {
                        "data": [
                          false,
                          false,
                          true
                        ],
                        "name": "ViewAccess",
                        "type": "Boolean"
                      },
                      {
                        "data": [
                          false,
                          false,
                          true
                        ],
                        "name": "AddUpdateAccess",
                        "type": "Boolean"
                      },
                      {
                        "data": [
                          false,
                          false,
                          true
                        ],
                        "name": "DeleteAccess",
                        "type": "Boolean"
                      },
                      {
                        "data": [
                          true,
                          false,
                          true
                        ],
                        "name": "Reviewer",
                        "type": "Boolean"
                      },
                      {
                        "data": [
                          1712794810000,
                          1713555028000,
                          1712557380000
                        ],
                        "name": "RowUpdated",
                        "type": "Date"
                      }
                    ]
                  },
                  "TagPath": "value",
                  "TagProvider": "value",
                  "UserView": true
                },
                "Path": "App/DocumentManager/AccessManager/AccessControl/Embedded/UsersRolesTable",
                "Provider": "value",
                "SizeBasis": "value",
                "TagPath": "value",
                "Title": "User Access",
                "Type": "",
                "index": "value",
                "useDefaultHeight": false,
                "useDefaultWidth": false
              },
              "path": "GlobalComponents/Cards/Card"
            },
            "type": "ia.display.view"
          }
        ],
        "meta": {
          "name": "Column3"
        },
        "position": {
          "grow": 1
        },
        "type": "ia.container.flex"
      }
    ],
    "meta": {
      "name": "root"
    },
    "props": {
      "style": {
        "classes": "Global/MarginAll"
      }
    },
    "type": "ia.container.flex"
  }
}