{
  "scope": "G",
  "documentation": "** Rev Notes **\nNL ... 01/22/2024 ... Updated binding on iFrame to avoid immediate downloading of files to avoid excess get requests",
  "version": 1,
  "restricted": false,
  "overridable": true,
  "files": [
    "view.json",
    "thumbnail.png"
  ],
  "attributes": {
    "lastModification": {
      "actor": "bduran",
      "timestamp": "2024-04-05T13:45:17Z"
    },
    "lastModificationSignature": "cdd9f143d2e9cd7e88aca4fa0eee4406ea2ea1cc7121bbb5d4ce501ed0d8d54d"
  }
}