{
  "custom": {
    "Data": {
      "Description": null,
      "Extension": "",
      "Filename": "",
      "ID": null,
      "Icon": "material/description",
      "Modified": null,
      "ModifiedBy": null,
      "Name": "",
      "Notes": null,
      "PreviousID": null,
      "Size": ""
    }
  },
  "params": {
    "ID": null
  },
  "propConfig": {
    "custom.Data": {
      "binding": {
        "config": {
          "parameters": {
            "id": "{view.params.ID}"
          },
          "queryPath": "app/DocumentManagement/documents/getDocumentsByID",
          "returnFormat": "json"
        },
        "transforms": [
          {
            "code": "\treturn gpa.frontEnd.documentManagement.getDocument(self, value)",
            "type": "script"
          }
        ],
        "type": "query"
      },
      "persistent": true
    },
    "params.ID": {
      "paramDirection": "input",
      "persistent": true
    },
    "params.feature": {
      "paramDirection": "input"
    },
    "params.tier1": {
      "paramDirection": "input"
    },
    "params.tier2": {
      "paramDirection": "input"
    }
  },
  "props": {},
  "root": {
    "children": [
      {
        "children": [
          {
            "meta": {
              "name": "Title"
            },
            "position": {
              "grow": 1
            },
            "propConfig": {
              "props.params.Icon": {
                "binding": {
                  "config": {
                    "expression": "replace({view.custom.Data.Icon}, \"material/\", \"\")"
                  },
                  "type": "expr"
                }
              },
              "props.params.Text": {
                "binding": {
                  "config": {
                    "path": "view.custom.Data.Name"
                  },
                  "type": "property"
                }
              }
            },
            "props": {
              "path": "App/DocumentManager/DocumentManagement/Embedded/Title"
            },
            "type": "ia.display.view"
          },
          {
            "events": {
              "dom": {
                "onClick": {
                  "config": {
                    "script": "\tdocumentID \u003d self.view.params.ID\n\tgpa.frontEnd.documentManagement.downloadFile(documentID)"
                  },
                  "scope": "G",
                  "type": "script"
                }
              }
            },
            "meta": {
              "name": "Icon"
            },
            "position": {
              "basis": "30px"
            },
            "props": {
              "path": "material/cloud_download",
              "style": {
                "classes": "",
                "cursor": "pointer"
              }
            },
            "type": "ia.display.icon"
          }
        ],
        "meta": {
          "name": "Row1"
        },
        "position": {
          "basis": "65px",
          "shrink": 0
        },
        "props": {
          "style": {
            "classes": "Global/MarginBottom Global/MarginLeft Global/MarginRight"
          }
        },
        "type": "ia.container.flex"
      },
      {
        "meta": {
          "name": "IFrame"
        },
        "position": {
          "basis": "200px",
          "grow": 1
        },
        "propConfig": {
          "props.src": {
            "binding": {
              "config": {
                "path": "view.params.ID"
              },
              "transforms": [
                {
                  "code": "\t################################\n\t##########REV NOTES#############\n\t# Description\n\t# Script to control get request based on if file type is renderable in an iframe\n\t#\n\t# Initials ... Date ... Change #\n\t# NL ... 01/22/2024 ... Initial Creation\n\tIDDataset \u003d gpa.frontEnd.documentManagement.getDocumentById(value)\n\tif IDDataset.getRowCount() \u003e 0:\n\t\trenderable_file_type_dict \u003d self.session.custom.AllowedFileTypes\n\t\tfile_extension \u003d IDDataset.getValueAt(0, \u0027Extension\u0027)\n\t\tif file_extension in renderable_file_type_dict:\n\t\t\treturn \"/system/webdev/%s/DocumentManagement/get?id\u003d%d\" % (self.session.getProject(), int(value))\n\t\telse:\n\t\t\treturn \"\"",
                  "type": "script"
                }
              ],
              "type": "property"
            }
          }
        },
        "type": "ia.display.iframe"
      }
    ],
    "meta": {
      "name": "root"
    },
    "props": {
      "direction": "column",
      "style": {
        "classes": "DocumentManagement/Page/Page"
      }
    },
    "type": "ia.container.flex"
  }
}