{
  "custom": {},
  "params": {
    "value": {
      "id": null,
      "type": "document"
    }
  },
  "propConfig": {
    "params.value": {
      "paramDirection": "input",
      "persistent": true
    },
    "params.value.id": {
      "paramDirection": "input",
      "persistent": true
    },
    "params.value.type": {
      "paramDirection": "input",
      "persistent": true
    }
  },
  "props": {
    "defaultSize": {
      "height": 32,
      "width": 32
    }
  },
  "root": {
    "children": [
      {
        "events": {
          "dom": {
            "onClick": {
              "config": {
                "script": "\tid \u003d self.view.params.value.id\n\tgpa.frontEnd.documentManagement.downloadFile(id)"
              },
              "scope": "G",
              "type": "script"
            }
          }
        },
        "meta": {
          "name": "Icon"
        },
        "position": {
          "height": 32,
          "width": 32
        },
        "propConfig": {
          "meta.visible": {
            "binding": {
              "config": {
                "expression": "{view.params.value.type} \u003d \"document\""
              },
              "type": "expr"
            }
          }
        },
        "props": {
          "path": "material/cloud_download",
          "style": {
            "cursor": "pointer"
          }
        },
        "type": "ia.display.icon"
      }
    ],
    "meta": {
      "name": "root"
    },
    "type": "ia.container.coord"
  }
}