{
  "custom": {},
  "params": {
    "id": null,
    "name": "Root",
    "path": 0,
    "pathStr": "0:None:Root",
    "showSlash": true
  },
  "propConfig": {
    "params.id": {
      "paramDirection": "input",
      "persistent": true
    },
    "params.name": {
      "paramDirection": "input",
      "persistent": true
    },
    "params.path": {
      "paramDirection": "input",
      "persistent": true
    },
    "params.pathStr": {
      "paramDirection": "input",
      "persistent": true
    },
    "params.showSlash": {
      "paramDirection": "input",
      "persistent": true
    }
  },
  "props": {
    "defaultSize": {
      "height": 44,
      "width": 399
    }
  },
  "root": {
    "children": [
      {
        "events": {
          "dom": {
            "onClick": {
              "config": {
                "script": "\t\n\tdocumentID \u003d self.view.params.ID\n\tname \u003d self.view.params.Name\n\tpathStr \u003d self.view.params.PathStr\n\tpath \u003d self.view.params.Path\n\tgpa.frontEnd.documentManagement.selectFolderPath(documentID, name, pathStr, path)"
              },
              "scope": "G",
              "type": "script"
            }
          }
        },
        "meta": {
          "name": "Label"
        },
        "position": {
          "grow": 1
        },
        "propConfig": {
          "props.text": {
            "binding": {
              "config": {
                "expression": "{view.params.name} + \r\nif({view.params.showSlash}, \" / \", \"\")"
              },
              "type": "expr"
            }
          }
        },
        "props": {
          "style": {
            "classes": "Global/MarginAllLeft Global/MarginAllRight Global/MarginBottom"
          }
        },
        "type": "ia.display.label"
      }
    ],
    "meta": {
      "name": "root"
    },
    "type": "ia.container.flex"
  }
}