{
  "custom": {},
  "params": {
    "Label": ""
  },
  "permissions": {
    "securityLevels": [
      {
        "children": [
          {
            "children": [
              {
                "children": [],
                "name": "Administrator"
              },
              {
                "children": [],
                "name": "Manager"
              }
            ],
            "name": "Roles"
          }
        ],
        "name": "Authenticated"
      }
    ],
    "type": "AnyOf"
  },
  "propConfig": {
    "params.Label": {
      "paramDirection": "input",
      "persistent": true
    }
  },
  "props": {
    "defaultSize": {
      "height": 768,
      "width": 1077
    }
  },
  "root": {
    "children": [
      {
        "children": [
          {
            "meta": {
              "name": "PartSelection"
            },
            "position": {
              "basis": "320px",
              "grow": 1
            },
            "propConfig": {
              "props.params.Params.Label": {
                "binding": {
                  "config": {
                    "expression": "if({view.params.Label} \u003d \u0027\u0027, \u0027\u0027, {view.params.Label})"
                  },
                  "type": "expr"
                }
              }
            },
            "props": {
              "params": {
                "EqPath": "value",
                "HideTitle": false,
                "Icon": "",
                "IconDisplay": true,
                "Params": {
                  "EqPath": "value",
                  "State": "value",
                  "TagPath": "value",
                  "TagProvider": "value"
                },
                "Path": "App/TrackAndTrace/History/Embedded/PartSelection",
                "Provider": "value",
                "SizeBasis": "value",
                "TagPath": "value",
                "Title": "Part Selection",
                "Type": "value",
                "useDefaultHeight": false,
                "useDefaultWidth": false
              },
              "path": "GlobalComponents/Cards/Card"
            },
            "type": "ia.display.view"
          }
        ],
        "meta": {
          "name": "Col1"
        },
        "position": {
          "basis": "25%",
          "grow": 1
        },
        "props": {
          "style": {
            "classes": "Global/MarginRight"
          }
        },
        "type": "ia.container.flex"
      },
      {
        "children": [
          {
            "meta": {
              "name": "Table"
            },
            "position": {
              "basis": "320px",
              "grow": 1
            },
            "propConfig": {
              "props.params.Params.Label": {
                "binding": {
                  "config": {
                    "expression": "if({view.params.Label} \u003d \u0027\u0027, \u0027\u0027, {view.params.Label})"
                  },
                  "type": "expr"
                }
              }
            },
            "props": {
              "params": {
                "EqPath": "value",
                "HideTitle": false,
                "Icon": "",
                "IconDisplay": true,
                "Params": {
                  "EqPath": "value",
                  "State": "value",
                  "TagPath": "value",
                  "TagProvider": "value"
                },
                "Path": "App/TrackAndTrace/History/Embedded/TableView",
                "Provider": "value",
                "SizeBasis": "value",
                "TagPath": "value",
                "Title": "Table",
                "Type": "value",
                "useDefaultHeight": false,
                "useDefaultWidth": false
              },
              "path": "GlobalComponents/Cards/Card"
            },
            "type": "ia.display.view"
          }
        ],
        "meta": {
          "name": "Col2"
        },
        "position": {
          "basis": "75%"
        },
        "type": "ia.container.flex"
      }
    ],
    "meta": {
      "name": "root"
    },
    "props": {
      "style": {
        "classes": "Global/MarginAll"
      }
    },
    "type": "ia.container.flex"
  }
}