{
  "custom": {},
  "params": {},
  "permissions": {
    "securityLevels": [
      {
        "children": [
          {
            "children": [
              {
                "children": [],
                "name": "Administrator"
              },
              {
                "children": [],
                "name": "Manager"
              }
            ],
            "name": "Roles"
          }
        ],
        "name": "Authenticated"
      }
    ],
    "type": "AnyOf"
  },
  "props": {
    "defaultSize": {
      "height": 1228,
      "width": 431
    }
  },
  "root": {
    "children": [
      {
        "meta": {
          "name": "EmbeddedView"
        },
        "position": {
          "basis": "320px",
          "grow": 1
        },
        "props": {
          "params": {
            "endTime": {
              "$": [
                "ts",
                192,
                1673904206791
              ],
              "$ts": 1673904206791
            },
            "label": "",
            "partId": "",
            "startTime": {
              "$": [
                "ts",
                192,
                1673904206791
              ],
              "$ts": 1673645006791
            }
          },
          "path": "app/TrackAndTrace/History/Embedded/HistoryMobile"
        },
        "type": "ia.display.view"
      }
    ],
    "meta": {
      "name": "root"
    },
    "props": {
      "direction": "column"
    },
    "type": "ia.container.flex"
  }
}