{
  "custom": {},
  "params": {
    "value": "picture_as_pdf"
  },
  "propConfig": {
    "params.value": {
      "paramDirection": "input",
      "persistent": true
    }
  },
  "props": {
    "defaultSize": {
      "height": 32,
      "width": 32
    }
  },
  "root": {
    "children": [
      {
        "meta": {
          "name": "Icon"
        },
        "position": {
          "height": 32,
          "width": 32
        },
        "propConfig": {
          "props.path": {
            "binding": {
              "config": {
                "expression": "\"material/\" + {view.params.value}"
              },
              "type": "expr"
            }
          }
        },
        "type": "ia.display.icon"
      }
    ],
    "meta": {
      "name": "root"
    },
    "type": "ia.container.coord"
  }
}