{
  "scope": "G",
  "documentation": "** Rev Notes **\nNL ... 01/22/2024 ... Initial Creation\nNL ... 02/28/2024 ... Added AddUpdateAccess, DeleteAccess, Roles, Username, and ViewAccess params to control which functionalities are available for users and startup script on View container to set values",
  "version": 1,
  "restricted": false,
  "overridable": true,
  "files": [
    "view.json",
    "thumbnail.png"
  ],
  "attributes": {
    "lastModification": {
      "actor": "nleonard",
      "timestamp": "2024-04-12T20:35:19Z"
    },
    "lastModificationSignature": "709417774a4711cb41d58ee78f25f9d7bd21f5479fb989724831d08fff8a2110"
  }
}