{
  "custom": {
    "AddUpdateAccess": true,
    "DeleteAccess": false,
    "Roles": "Administrator,Developer",
    "Username": "nleonard",
    "ViewAccess": true
  },
  "events": {
    "system": {
      "onStartup": {
        "config": {
          "script": "\tusername \u003d self.session.custom.UserName\n\t\n\t#userRoles is an array\n\tuserRoles \u003d self.session.props.auth.user.roles\n\trolesDelimitedList \u003d \u0027,\u0027.join(userRoles)\n\t\n\tuserAccessList \u003d gpa.frontEnd.documentManagement.getUserAccess(username)\n\t\n\tself.view.custom.Username \u003d \u0027\u0027\n\tself.view.custom.ViewAccess \u003d False\n\tself.view.custom.AddUpdateAccess \u003d False\n\tself.view.custom.DeleteAccess \u003d False\n\tself.view.custom.Roles \u003d rolesDelimitedList\n\t\n\t#Order list output is the following: [username, viewAccess, addUpdateAccess, deleteAccess, reviewer]\n\tif userAccessList is not None:\n\t\tif len(userAccessList) \u003e 0:\n\t\t\tself.view.custom.Username \u003d userAccessList[0]\n\t\t\tself.view.custom.ViewAccess \u003d userAccessList[1]\n\t\t\tself.view.custom.AddUpdateAccess \u003d userAccessList[2]\n\t\t\tself.view.custom.DeleteAccess \u003d userAccessList[3]\n\t"
        },
        "scope": "G",
        "type": "script"
      }
    }
  },
  "params": {},
  "propConfig": {
    "custom.AddUpdateAccess": {
      "persistent": true
    },
    "custom.DeleteAccess": {
      "persistent": true
    },
    "custom.Roles": {
      "persistent": true
    },
    "custom.Username": {
      "persistent": true
    },
    "custom.ViewAccess": {
      "persistent": true
    }
  },
  "props": {},
  "root": {
    "children": [
      {
        "meta": {
          "name": "Filters"
        },
        "position": {
          "basis": "280px"
        },
        "propConfig": {
          "props.params.AddUpdateAccess": {
            "binding": {
              "config": {
                "path": "view.custom.AddUpdateAccess"
              },
              "type": "property"
            }
          },
          "props.params.DeleteAccess": {
            "binding": {
              "config": {
                "path": "view.custom.DeleteAccess"
              },
              "type": "property"
            }
          },
          "props.params.Roles": {
            "binding": {
              "config": {
                "path": "view.custom.Roles"
              },
              "type": "property"
            }
          },
          "props.params.Username": {
            "binding": {
              "config": {
                "path": "view.custom.Username"
              },
              "type": "property"
            }
          },
          "props.params.ViewAccess": {
            "binding": {
              "config": {
                "path": "view.custom.ViewAccess"
              },
              "type": "property"
            }
          }
        },
        "props": {
          "path": "App/DocumentManager/DocumentManagement/Embedded/Filters",
          "style": {
            "classes": "Global/MarginRight"
          }
        },
        "type": "ia.display.view"
      },
      {
        "children": [
          {
            "meta": {
              "name": "DocumentsCard"
            },
            "position": {
              "grow": 1
            },
            "propConfig": {
              "props.params.Params.AddUpdateAccess": {
                "binding": {
                  "config": {
                    "path": "view.custom.AddUpdateAccess"
                  },
                  "type": "property"
                }
              },
              "props.params.Params.DeleteAccess": {
                "binding": {
                  "config": {
                    "path": "view.custom.DeleteAccess"
                  },
                  "type": "property"
                }
              },
              "props.params.Params.Roles": {
                "binding": {
                  "config": {
                    "path": "view.custom.Roles"
                  },
                  "type": "property"
                }
              },
              "props.params.Params.Username": {
                "binding": {
                  "config": {
                    "path": "view.custom.Username"
                  },
                  "type": "property"
                }
              },
              "props.params.Params.ViewAccess": {
                "binding": {
                  "config": {
                    "path": "view.custom.ViewAccess"
                  },
                  "type": "property"
                }
              }
            },
            "props": {
              "params": {
                "AreaID": "value",
                "EqPath": "value",
                "EqType": "site",
                "HideTitle": false,
                "Icon": "",
                "IconDisplay": true,
                "IsNavigate": false,
                "Params": {
                  "SiteID": 1,
                  "State": "value",
                  "TagPath": "value",
                  "TagProvider": "value"
                },
                "Path": "App/DocumentManager/DocumentManagement/Embedded/Documents",
                "Provider": "value",
                "SizeBasis": "value",
                "TagPath": "value",
                "Title": "Documents",
                "Type": "value",
                "index": "value",
                "useDefaultHeight": false,
                "useDefaultWidth": false
              },
              "path": "GlobalComponents/Cards/Card"
            },
            "type": "ia.display.view"
          }
        ],
        "meta": {
          "name": "Row2"
        },
        "position": {
          "basis": "320px",
          "grow": 1
        },
        "props": {
          "direction": "column"
        },
        "type": "ia.container.flex"
      }
    ],
    "meta": {
      "name": "root"
    },
    "props": {
      "justify": "center",
      "style": {
        "classes": "Global/MarginAll"
      }
    },
    "type": "ia.container.flex"
  }
}