{
  "custom": {
    "EnableApproveDisapprove": false,
    "EnableReviewStatus": false,
    "EnableViewCurrent": true,
    "Roles": "Administrator,Developer",
    "SelectedDocumentID": 28,
    "UserIsReviewer": true
  },
  "events": {
    "system": {
      "onStartup": {
        "config": {
          "script": "\tusername \u003d self.session.custom.UserName\n\t\n\t#userRoles is an array\n\tuserRoles \u003d self.session.props.auth.user.roles\n\trolesDelimitedList \u003d \u0027,\u0027.join(userRoles)\n\t\n\tuserAccessList \u003d gpa.frontEnd.documentManagement.getUserAccess(username)\n\t\n\tself.custom.UserIsReviewer \u003d False\n\tself.view.custom.Roles \u003d rolesDelimitedList\n\t\n\t#Order list output is the following: [username, viewAccess, addUpdateAccess, deleteAccess, reviewer]\n\tif userAccessList is not None:\n\t\tif len(userAccessList) \u003e 0:\n\t\t\tself.view.custom.UserIsReviewer \u003d userAccessList[4]\n\t"
        },
        "scope": "G",
        "type": "script"
      }
    }
  },
  "params": {
    "DocumentDataset": {
      "$": [
        "ds",
        192,
        1710363379922
      ],
      "$columns": [
        {
          "data": [
            39,
            37,
            31,
            30,
            29,
            28
          ],
          "name": "ID",
          "type": "Integer"
        },
        {
          "data": [
            "MachineInput_OPC_FB",
            "Document tracking-Document Configuration.drawio",
            "canary charts",
            "circle gauge",
            "65598",
            "test text (2) (1)"
          ],
          "name": "Name",
          "type": "String"
        },
        {
          "data": [
            "",
            "",
            "",
            "test description",
            "",
            ""
          ],
          "name": "Description",
          "type": "String"
        },
        {
          "data": [
            "MachineInput_OPC_FB.json",
            "Document tracking-Document Configuration.drawio.png",
            "canary charts.jpg",
            "circle gauge.png",
            "65598.pdf",
            "test text (2) (1).txt"
          ],
          "name": "Filename",
          "type": "String"
        },
        {
          "data": [
            "json",
            "png",
            "jpg",
            "png",
            "pdf",
            "txt"
          ],
          "name": "Extension",
          "type": "String"
        },
        {
          "data": [
            7858,
            274023,
            29883,
            14522,
            2287213,
            4
          ],
          "name": "Size",
          "type": "Integer"
        },
        {
          "data": [
            1710280464000,
            1710265874000,
            1710186060000,
            1710280491000,
            1709735301000,
            1709735142000
          ],
          "name": "Modified",
          "type": "Date"
        },
        {
          "data": [
            "tturner",
            "nleonard",
            "nleonard",
            "tturner",
            "nleonard",
            "nleonard"
          ],
          "name": "ModifiedBy",
          "type": "String"
        },
        {
          "data": [
            null,
            null,
            null,
            null,
            null,
            null
          ],
          "name": "PreviousID",
          "type": "Integer"
        },
        {
          "data": [
            "",
            "",
            "",
            "",
            "",
            ""
          ],
          "name": "Notes",
          "type": "String"
        },
        {
          "data": [
            8,
            3,
            2,
            3,
            2,
            2
          ],
          "name": "FolderID",
          "type": "Integer"
        },
        {
          "data": [
            1,
            1,
            1,
            3,
            3,
            3
          ],
          "name": "DocumentStatusID",
          "type": "Integer"
        },
        {
          "data": [
            1710280464000,
            1710265874000,
            1710186060000,
            1710185850000,
            1710185850000,
            1710185850000
          ],
          "name": "StatusUpdated",
          "type": "Date"
        },
        {
          "data": [
            "Draft",
            "Draft",
            "Draft",
            "Approved",
            "Approved",
            "Approved"
          ],
          "name": "Status",
          "type": "String"
        },
        {
          "data": [
            "QAFolder",
            "Folder2346",
            "folder 1",
            "Folder2346",
            "folder 1",
            "folder 1"
          ],
          "name": "FolderName",
          "type": "String"
        },
        {
          "data": [
            "",
            "",
            "",
            "",
            "",
            ""
          ],
          "name": "ApprovedBy",
          "type": "String"
        }
      ]
    },
    "DocumentDatasetSelectedRow": 5
  },
  "propConfig": {
    "custom.EnableApproveDisapprove": {
      "binding": {
        "config": {
          "expression": "if(!isNull({view.params.DocumentDatasetSelectedRow}) \u0026\u0026 {view.params.DocumentDatasetSelectedRow} \u003e -1,\r\n\t{view.params.DocumentDataset}[{view.params.DocumentDatasetSelectedRow}, \u0027Status\u0027] \u003d \u0027In Review\u0027 \u0026\u0026 {view.custom.UserIsReviewer},\r\n\tFalse \r\n)"
        },
        "type": "expr"
      },
      "persistent": true
    },
    "custom.EnableReviewStatus": {
      "binding": {
        "config": {
          "expression": "if(!isNull({view.params.DocumentDatasetSelectedRow}) \u0026\u0026 {view.params.DocumentDatasetSelectedRow} \u003e -1,\r\n\t{view.params.DocumentDataset}[{view.params.DocumentDatasetSelectedRow}, \u0027Status\u0027] \u003d \u0027Draft\u0027 \u0026\u0026\r\n\t!isNull({view.params.DocumentDatasetSelectedRow}) \u0026\u0026 \r\n\t{view.params.DocumentDatasetSelectedRow} \u003e -1 \u0026\u0026\r\n\t{view.custom.UserIsReviewer},\r\n\tFalse \r\n)"
        },
        "type": "expr"
      },
      "persistent": true
    },
    "custom.EnableViewCurrent": {
      "binding": {
        "config": {
          "expression": "!isNull({view.params.DocumentDatasetSelectedRow}) \u0026\u0026 {view.params.DocumentDatasetSelectedRow} \u003e -1"
        },
        "type": "expr"
      },
      "persistent": true
    },
    "custom.SelectedDocumentID": {
      "binding": {
        "config": {
          "expression": "if(!isNull({view.params.DocumentDatasetSelectedRow}) \u0026\u0026 {view.params.DocumentDatasetSelectedRow} \u003e -1,\r\n\t{view.params.DocumentDataset}[{view.params.DocumentDatasetSelectedRow}, \u0027ID\u0027],\r\n\t-1\r\n)"
        },
        "type": "expr"
      },
      "persistent": true
    },
    "custom.UserIsReviewer": {
      "persistent": true
    },
    "params.DocumentDataset": {
      "paramDirection": "input",
      "persistent": true
    },
    "params.DocumentDatasetSelectedRow": {
      "paramDirection": "input",
      "persistent": true
    }
  },
  "props": {
    "defaultSize": {
      "height": 350,
      "width": 200
    }
  },
  "root": {
    "children": [
      {
        "children": [
          {
            "events": {
              "dom": {
                "onClick": {
                  "config": {
                    "script": "\tdocumentID \u003d self.view.custom.SelectedDocumentID\n\tmodifiedBy \u003d self.session.props.auth.user.userName\n\tstatus \u003d \u0027In Review\u0027\n\tdocumentStatusID \u003d None\n\tapprovedBy \u003d None\n\t\n\tstatusDS \u003d mes.documentManagement.sp.getDocumentStatus(status)\n\tif statusDS.getRowCount() \u003e 0:\n\t\tdocumentStatusID \u003d statusDS.getValueAt(0, \u0027ID\u0027)\n\tmes.documentManagement.sp.updateDocumentStatusID(modifiedBy, documentID, documentStatusID, approvedBy)\n\t\n\tdocumentContentDS \u003d mes.documentManagement.sp.getDocumentContent(documentID)\n\tfileName \u003d documentContentDS.getValueAt(0, \u0027Filename\u0027)\n\tencryptedText \u003d documentContentDS.getValueAt(0, \u0027Contents\u0027)\n\tfileBytes \u003d gpa.frontEnd.documentManagement.decryptDocument(encryptedText)\n\tattachmentNames \u003d [fileName]\n\tattachmentData \u003d [fileBytes]\n\t\n\tsubject \u003d fileName + \" has been set to review status by: \" + modifiedBy\n\tbody \u003d \"\u003cHTML\u003e\u003cBODY\u003e\"\n\tbody +\u003d \"\u003cH1\u003eDocument: \" + fileName + \" has been set to review status! \u003c/H1\u003e\"\n\tbody +\u003d \"\u003ch2\u003eSet by: \" + modifiedBy + \"\u003c/h2\u003e\"\n\tbody +\u003d \"\u003c/BODY\u003e\u003c/HTML\u003e\"\n\t\n\t#actual use case\n\trecipients \u003d []\n\t\n\temailDS \u003d mes.documentManagement.sp.getEmails(None, None, None)\n\tfor row in range(emailDS.getRowCount()):\n\t\temail \u003d emailDS.getValueAt(row, \u0027Email\u0027)\n\t\tif email not in recipients:\n\t\t\tvalidEmail \u003d gpa.frontEnd.documentManagement.isValidEmail(email)\n\t\t\tif validEmail:\n\t\t\t\trecipients.append(email)\n\t\n\tif len(recipients) \u003e 0:\n\t\tgpa.frontEnd.documentManagement.sendEmail(subject, body, recipients, attachmentNames, attachmentData, True)\n\t\n\tsystem.perspective.sendMessage(\"refreshDocumentReviewDocumentTable\")"
                  },
                  "scope": "G",
                  "type": "script"
                }
              }
            },
            "meta": {
              "name": "SetReviewButton"
            },
            "position": {
              "basis": "100%"
            },
            "propConfig": {
              "props.params.Enabled": {
                "binding": {
                  "config": {
                    "path": "view.custom.EnableReviewStatus"
                  },
                  "type": "property"
                }
              }
            },
            "props": {
              "params": {
                "BackgroundColor": "value",
                "Hover": true,
                "IconPath": "material/add",
                "IsSelectable": false,
                "Label": "Set Review Status",
                "Selected": true,
                "Size": "value",
                "Type": "value"
              },
              "path": "GlobalComponents/Buttons/Button"
            },
            "type": "ia.display.view"
          }
        ],
        "meta": {
          "name": "SetReview"
        },
        "position": {
          "basis": "50%",
          "grow": 1
        },
        "props": {
          "style": {
            "classes": "Global/MarginBottom Global/MarginLeft Global/MarginRight"
          }
        },
        "type": "ia.container.flex"
      },
      {
        "children": [
          {
            "events": {
              "dom": {
                "onClick": {
                  "config": {
                    "script": "\tdocumentID \u003d self.view.custom.SelectedDocumentID\n\tmodifiedBy \u003d self.session.props.auth.user.userName\n\t\n\tdocumentContentDS \u003d mes.documentManagement.sp.getDocumentContent(documentID)\n\tfileName \u003d documentContentDS.getValueAt(0, \u0027Filename\u0027)\n\tencryptedText \u003d documentContentDS.getValueAt(0, \u0027Contents\u0027)\n\tfileBytes \u003d gpa.frontEnd.documentManagement.decryptDocument(encryptedText)\n\tattachmentNames \u003d [fileName]\n\tattachmentData \u003d [fileBytes]\n\t\n\tsubject \u003d fileName + \" has been rejected by: \" + modifiedBy\n\tbody \u003d \"\u003cHTML\u003e\u003cBODY\u003e\"\n\tbody +\u003d \"\u003cH1\u003eDocument: \" + fileName + \" has been Rejected! \u003c/H1\u003e\"\n\tbody +\u003d \"\u003ch2\u003eRejected by: \" + modifiedBy + \"\u003c/h2\u003e\"\n\tbody +\u003d \"\u003c/BODY\u003e\u003c/HTML\u003e\"\n\t\n\t#actual use case\n\trecipients \u003d []\n\t\n\temailDS \u003d mes.documentManagement.sp.getEmails(None, None, None)\n\tfor row in range(emailDS.getRowCount()):\n\t\temail \u003d emailDS.getValueAt(row, \u0027Email\u0027)\n\t\tif email not in recipients:\n\t\t\tvalidEmail \u003d gpa.frontEnd.documentManagement.isValidEmail(email)\n\t\t\tif validEmail:\n\t\t\t\trecipients.append(email)\n\t\n\tgpa.frontEnd.documentManagement.deleteDocument(self, documentID)\n\tif len(recipients) \u003e 0:\n\t\tgpa.frontEnd.documentManagement.sendEmail(subject, body, recipients, attachmentNames, attachmentData, True)\n\t\n\tsystem.perspective.sendMessage(\"refreshDocumentReviewDocumentTable\")"
                  },
                  "scope": "G",
                  "type": "script"
                }
              }
            },
            "meta": {
              "name": "RejectDraftButton"
            },
            "position": {
              "basis": "100%"
            },
            "propConfig": {
              "props.params.Enabled": {
                "binding": {
                  "config": {
                    "path": "view.custom.EnableReviewStatus"
                  },
                  "type": "property"
                }
              }
            },
            "props": {
              "params": {
                "BackgroundColor": "value",
                "Hover": true,
                "IconPath": "material/close",
                "IsSelectable": false,
                "Label": "Reject Draft Document",
                "Selected": true,
                "Size": "value",
                "Type": "value"
              },
              "path": "GlobalComponents/Buttons/Button"
            },
            "type": "ia.display.view"
          }
        ],
        "meta": {
          "name": "RejectDraft"
        },
        "position": {
          "basis": "50%",
          "grow": 1
        },
        "props": {
          "style": {
            "classes": "Global/MarginBottom Global/MarginLeft Global/MarginRight"
          }
        },
        "type": "ia.container.flex"
      },
      {
        "children": [
          {
            "events": {
              "dom": {
                "onClick": {
                  "config": {
                    "script": "\tdocumentID \u003d self.view.custom.SelectedDocumentID\n\tmodifiedBy \u003d approvedBy \u003d self.session.props.auth.user.userName\n\tstatus \u003d \u0027Approved\u0027\n\tdocumentStatusID \u003d None\n\t\n\tstatusDS \u003d mes.documentManagement.sp.getDocumentStatus(status)\n\tif statusDS.getRowCount() \u003e 0:\n\t\tdocumentStatusID \u003d statusDS.getValueAt(0, \u0027ID\u0027)\n\tmes.documentManagement.sp.updateDocumentStatusID(modifiedBy, documentID, documentStatusID, approvedBy)\n\t\n\tdocumentContentDS \u003d mes.documentManagement.sp.getDocumentContent(documentID)\n\tfileName \u003d documentContentDS.getValueAt(0, \u0027Filename\u0027)\n\tencryptedText \u003d documentContentDS.getValueAt(0, \u0027Contents\u0027)\n\tfileBytes \u003d gpa.frontEnd.documentManagement.decryptDocument(encryptedText)\n\tattachmentNames \u003d [fileName]\n\tattachmentData \u003d [fileBytes]\n\t\n\tsubject \u003d fileName + \" has been Approved by: \" + modifiedBy\n\tbody \u003d \"\u003cHTML\u003e\u003cBODY\u003e\"\n\tbody +\u003d \"\u003cH1\u003eDocument: \" + fileName + \" has been Approved! \u003c/H1\u003e\"\n\tbody +\u003d \"\u003ch2\u003eApproved by: \" + modifiedBy + \"\u003c/h2\u003e\"\n\tbody +\u003d \"\u003c/BODY\u003e\u003c/HTML\u003e\"\n\t\n\t#actual use case\n\trecipients \u003d []\n\t\n\temailDS \u003d mes.documentManagement.sp.getEmails(None, None, None)\n\tfor row in range(emailDS.getRowCount()):\n\t\temail \u003d emailDS.getValueAt(row, \u0027Email\u0027)\n\t\tif email not in recipients:\n\t\t\tvalidEmail \u003d gpa.frontEnd.documentManagement.isValidEmail(email)\n\t\t\tif validEmail:\n\t\t\t\trecipients.append(email)\n\tif len(recipients) \u003e 0:\n\t\tgpa.frontEnd.documentManagement.sendEmail(subject, body, recipients, attachmentNames, attachmentData, True)\n\t\n\tsystem.perspective.sendMessage(\"refreshDocumentReviewDocumentTable\")"
                  },
                  "scope": "G",
                  "type": "script"
                }
              }
            },
            "meta": {
              "name": "ApproveButton"
            },
            "position": {
              "basis": "100%"
            },
            "propConfig": {
              "props.params.Enabled": {
                "binding": {
                  "config": {
                    "path": "view.custom.EnableApproveDisapprove"
                  },
                  "type": "property"
                }
              }
            },
            "props": {
              "params": {
                "BackgroundColor": "value",
                "Hover": true,
                "IconPath": "material/edit",
                "IsSelectable": false,
                "Label": "Approve Document",
                "Selected": true,
                "Size": "value",
                "Type": "value"
              },
              "path": "GlobalComponents/Buttons/Button"
            },
            "type": "ia.display.view"
          }
        ],
        "meta": {
          "name": "Approve"
        },
        "position": {
          "basis": "50%",
          "grow": 1
        },
        "props": {
          "style": {
            "classes": "Global/MarginBottom Global/MarginLeft Global/MarginRight"
          }
        },
        "type": "ia.container.flex"
      },
      {
        "children": [
          {
            "events": {
              "dom": {
                "onClick": {
                  "config": {
                    "script": "\tdocumentID \u003d self.view.custom.SelectedDocumentID\n\tmodifiedBy \u003d self.session.props.auth.user.userName\n\t\n\tdocumentContentDS \u003d mes.documentManagement.sp.getDocumentContent(documentID)\n\tfileName \u003d documentContentDS.getValueAt(0, \u0027Filename\u0027)\n\tencryptedText \u003d documentContentDS.getValueAt(0, \u0027Contents\u0027)\n\tfileBytes \u003d gpa.frontEnd.documentManagement.decryptDocument(encryptedText)\n\tattachmentNames \u003d [fileName]\n\tattachmentData \u003d [fileBytes]\n\t\n\tsubject \u003d fileName + \" has been Disapproved by: \" + modifiedBy\n\tbody \u003d \"\u003cHTML\u003e\u003cBODY\u003e\"\n\tbody +\u003d \"\u003cH1\u003eDocument: \" + fileName + \" has been Disapproved! \u003c/H1\u003e\"\n\tbody +\u003d \"\u003ch2\u003eDisapproved by: \" + modifiedBy + \"\u003c/h2\u003e\"\n\tbody +\u003d \"\u003c/BODY\u003e\u003c/HTML\u003e\"\n\t\n\t#actual use case\n\trecipients \u003d []\n\t\n\temailDS \u003d mes.documentManagement.sp.getEmails(None, None, None)\n\tfor row in range(emailDS.getRowCount()):\n\t\temail \u003d emailDS.getValueAt(row, \u0027Email\u0027)\n\t\tif email not in recipients:\n\t\t\tvalidEmail \u003d gpa.frontEnd.documentManagement.isValidEmail(email)\n\t\t\tif validEmail:\n\t\t\t\trecipients.append(email)\n\t\n\tgpa.frontEnd.documentManagement.deleteDocument(self, documentID)\n\tif len(recipients) \u003e 0:\n\t\tgpa.frontEnd.documentManagement.sendEmail(subject, body, recipients, attachmentNames, attachmentData, True)\n\t\n\tsystem.perspective.sendMessage(\"refreshDocumentReviewDocumentTable\")"
                  },
                  "scope": "G",
                  "type": "script"
                }
              }
            },
            "meta": {
              "name": "DisapproveButton"
            },
            "position": {
              "basis": "100%"
            },
            "propConfig": {
              "props.params.Enabled": {
                "binding": {
                  "config": {
                    "path": "view.custom.EnableApproveDisapprove"
                  },
                  "type": "property"
                }
              }
            },
            "props": {
              "params": {
                "BackgroundColor": "value",
                "Hover": true,
                "IconPath": "material/cancel",
                "IsSelectable": false,
                "Label": "Disapprove Document",
                "Selected": true,
                "Size": "value",
                "Type": "value"
              },
              "path": "GlobalComponents/Buttons/Button"
            },
            "type": "ia.display.view"
          }
        ],
        "meta": {
          "name": "Disapprove"
        },
        "position": {
          "basis": "50%",
          "grow": 1
        },
        "props": {
          "style": {
            "classes": "Global/MarginBottom Global/MarginLeft Global/MarginRight"
          }
        },
        "type": "ia.container.flex"
      },
      {
        "children": [
          {
            "events": {
              "dom": {
                "onClick": {
                  "config": {
                    "script": "\tdocumentID \u003d self.view.custom.SelectedDocumentID\n\tsystem.perspective.openPopup(id\u003d\"document-view\", view\u003d\"App/DocumentManager/DocumentReview/DocumentViewer\", params\u003d{\"ID\":documentID}, position\u003d{\"left\":\"-50px\", \"right\":\"-50px\"}, title\u003d\"View Document\", showCloseIcon\u003dTrue, resizable\u003dFalse, draggable\u003dFalse, modal\u003dTrue, overlayDismiss\u003dTrue, viewportBound\u003dTrue)"
                  },
                  "scope": "G",
                  "type": "script"
                }
              }
            },
            "meta": {
              "name": "ViewDocumentButton"
            },
            "position": {
              "basis": "100%"
            },
            "propConfig": {
              "props.params.Enabled": {
                "binding": {
                  "config": {
                    "path": "view.custom.EnableViewCurrent"
                  },
                  "type": "property"
                }
              }
            },
            "props": {
              "params": {
                "BackgroundColor": "value",
                "Hover": true,
                "IconPath": "material/preview",
                "IsSelectable": false,
                "Label": "View Current Document",
                "Selected": true,
                "Size": "value",
                "Type": "value"
              },
              "path": "GlobalComponents/Buttons/Button"
            },
            "type": "ia.display.view"
          }
        ],
        "meta": {
          "name": "ViewDocument"
        },
        "position": {
          "basis": "50%",
          "grow": 1
        },
        "props": {
          "style": {
            "classes": "Global/MarginBottom Global/MarginLeft Global/MarginRight"
          }
        },
        "type": "ia.container.flex"
      },
      {
        "children": [
          {
            "events": {
              "dom": {
                "onClick": {
                  "config": {
                    "draggable": true,
                    "id": "Email_Manager",
                    "modal": false,
                    "overlayDismiss": false,
                    "resizable": true,
                    "showCloseIcon": true,
                    "title": "Email Manager",
                    "type": "open",
                    "viewPath": "App/DocumentManager/DocumentReview/Embedded/Popups/EmailManager",
                    "viewportBound": false
                  },
                  "scope": "C",
                  "type": "popup"
                }
              }
            },
            "meta": {
              "name": "ManageEmailButton"
            },
            "position": {
              "basis": "100%"
            },
            "props": {
              "params": {
                "BackgroundColor": "value",
                "Enabled": true,
                "Hover": true,
                "IconPath": "material/contact_mail",
                "IsSelectable": false,
                "Label": "Manage Emails",
                "Selected": true,
                "Size": "value",
                "Type": "value"
              },
              "path": "GlobalComponents/Buttons/Button"
            },
            "type": "ia.display.view"
          }
        ],
        "meta": {
          "name": "ManageEmail"
        },
        "position": {
          "basis": "50%",
          "grow": 1
        },
        "props": {
          "style": {
            "classes": "Global/MarginBottom Global/MarginLeft Global/MarginRight"
          }
        },
        "type": "ia.container.flex"
      }
    ],
    "meta": {
      "name": "root"
    },
    "props": {
      "direction": "column"
    },
    "type": "ia.container.flex"
  }
}