{
  "custom": {},
  "params": {},
  "props": {
    "defaultSize": {
      "height": 408,
      "width": 506
    }
  },
  "root": {
    "children": [
      {
        "children": [
          {
            "meta": {
              "name": "Label"
            },
            "position": {
              "grow": 1
            },
            "props": {
              "style": {
                "classes": "Text/NormalText"
              },
              "text": "Select Folder",
              "textStyle": {
                "fontWeight": "bold",
                "textAlign": "center"
              }
            },
            "type": "ia.display.label"
          }
        ],
        "meta": {
          "name": "Row1"
        },
        "position": {
          "basis": "43px"
        },
        "props": {
          "style": {
            "classes": "Global/MarginBottom Global/MarginLeft Global/MarginRight"
          }
        },
        "type": "ia.container.flex"
      },
      {
        "children": [
          {
            "meta": {
              "name": "EmbeddedView"
            },
            "position": {
              "grow": 1
            },
            "props": {
              "params": {
                "ID": null,
                "SelectFolder": false
              },
              "path": "App/DocumentManager/DocumentManagement/Embedded/Folders"
            },
            "type": "ia.display.view"
          }
        ],
        "meta": {
          "name": "Row2"
        },
        "position": {
          "basis": "273px"
        },
        "props": {
          "style": {
            "classes": "Global/MarginAllLeft Global/MarginAllRight Global/MarginBottom"
          }
        },
        "type": "ia.container.flex"
      },
      {
        "children": [
          {
            "events": {
              "dom": {
                "onClick": {
                  "config": {
                    "script": "\tdocumentID \u003d self.parent.parent.getChild(\"Row2\").getChild(\"EmbeddedView\").props.params.ID\n\tgpa.frontEnd.documentManagement.changeFolder(self, documentID)"
                  },
                  "scope": "G",
                  "type": "script"
                }
              }
            },
            "meta": {
              "name": "EmbeddedView"
            },
            "position": {
              "basis": "320px",
              "grow": 1
            },
            "props": {
              "params": {
                "BackgroundColor": "value",
                "Enabled": true,
                "Hover": true,
                "IconPath": "material/check",
                "IsSelectable": false,
                "Label": "Select",
                "Selected": true,
                "Size": "value",
                "Type": "value"
              },
              "path": "GlobalComponents/Buttons/Button"
            },
            "type": "ia.display.view"
          }
        ],
        "meta": {
          "name": "Row3"
        },
        "position": {
          "basis": "36px",
          "shrink": 0
        },
        "props": {
          "style": {
            "classes": "Global/MarginAllLeft Global/MarginAllRight Global/MarginBottom"
          }
        },
        "type": "ia.container.flex"
      }
    ],
    "meta": {
      "name": "root"
    },
    "props": {
      "direction": "column",
      "style": {
        "borderRightStyle": "none",
        "classes": "Global/MarginAllEmbedded"
      }
    },
    "type": "ia.container.flex"
  }
}