{
  "custom": {
    "Data": {
      "$": [
        "ds",
        192,
        1713401531841
      ],
      "$columns": [
        {
          "data": [
            4,
            3,
            2,
            1
          ],
          "name": "id",
          "type": "Integer"
        },
        {
          "data": [
            3,
            65,
            15,
            66
          ],
          "name": "reason_id",
          "type": "Integer"
        },
        {
          "data": [
            "Glue",
            "Super Chipped",
            "Jams/Faults",
            "Normal Chip"
          ],
          "name": "reason_name",
          "type": "String"
        },
        {
          "data": [
            "Mixer 1",
            "Mixer 1",
            "Mixer 1",
            "Mixer 1"
          ],
          "name": "Line",
          "type": "String"
        },
        {
          "data": [
            "WO-20240412-22164580",
            "WO-20240412-22164580",
            "WO-20240412-22164580",
            "WO-20240404-17391117"
          ],
          "name": "planned_order",
          "type": "String"
        },
        {
          "data": [
            "BensProductCode",
            "BensProductCode",
            "BensProductCode",
            "BensProductCode"
          ],
          "name": "product_code",
          "type": "String"
        },
        {
          "data": [
            "Shift 2",
            "Shift 3",
            "Shift 1",
            "Shift 1"
          ],
          "name": "shift",
          "type": "String"
        },
        {
          "data": [
            10,
            5,
            0,
            50
          ],
          "name": "quantity",
          "type": "Double"
        },
        {
          "data": [
            1713274462326,
            1713273946055,
            1713205246421,
            1712669283453
          ],
          "name": "time_recorded",
          "type": "Date"
        }
      ]
    },
    "EndTime": null,
    "LineDropdown": [
      {
        "label": "All",
        "value": "all"
      },
      {
        "label": "Mixer 1",
        "value": 1
      },
      {
        "label": "Mixer 2",
        "value": 5
      }
    ],
    "LineID": 0,
    "PCDropdown": [
      {
        "label": "BensProductCode",
        "value": 1
      }
    ],
    "ProductCode": "",
    "ScrapPareto": {
      "$": [
        "ds",
        192,
        1713401531842
      ],
      "$columns": [
        {
          "data": [
            "Normal Chip",
            "Glue",
            "Super Chipped",
            "Jams/Faults"
          ],
          "name": "reason_name",
          "type": "String"
        },
        {
          "data": [
            50,
            10,
            5,
            0
          ],
          "name": "total_quantity",
          "type": "Double"
        }
      ]
    },
    "Shift": "",
    "Shifts": [
      {
        "label": "All",
        "value": "all"
      },
      {
        "ID": 1,
        "label": "Shift 1",
        "value": "Shift 1"
      },
      {
        "ID": 2,
        "label": "Shift 2",
        "value": "Shift 2"
      },
      {
        "ID": 3,
        "label": "Shift 3",
        "value": "Shift 3"
      }
    ],
    "StartTime": null,
    "TopSelection": 5
  },
  "params": {},
  "propConfig": {
    "custom.Data": {
      "binding": {
        "config": {
          "parameters": {
            "endTime": "try(\r   \tif({view.custom.EndTime} \u003d \u0027\u0027,\r   \t\tNULL,\r   \t\t{view.custom.EndTime}),\r   \tNULL\r   )",
            "lineID": "{view.custom.LineID}",
            "productCode": "{view.custom.ProductCode}",
            "shift": "{view.custom.Shift}",
            "startTime": "try(\r \tif({view.custom.StartTime} \u003d \u0027\u0027,\r \t\tNULL,\r \t\t{view.custom.StartTime}),\r \tNULL\r )",
            "top": "{view.custom.TopSelection}"
          },
          "queryPath": "app/Quality/getScrapTable"
        },
        "type": "query"
      },
      "persistent": true
    },
    "custom.EndTime": {
      "binding": {
        "config": {
          "path": "/root/Row1/Col5/DatePicker.props.params.datePicked"
        },
        "transforms": [
          {
            "expression": "if({value} \u003d \u0027\u0027, null, {value})",
            "type": "expression"
          }
        ],
        "type": "property"
      },
      "persistent": true
    },
    "custom.LineDropdown": {
      "binding": {
        "config": {
          "path": "session.custom.LineDropdown"
        },
        "type": "property"
      },
      "persistent": true
    },
    "custom.LineID": {
      "binding": {
        "config": {
          "expression": "if({/root/Row1/Col2/Dropdown.props.value} \u003d \u0027all\u0027, 0, toInt({/root/Row1/Col2/Dropdown.props.value}))"
        },
        "type": "expr"
      },
      "persistent": true
    },
    "custom.PCDropdown": {
      "binding": {
        "config": {
          "queryPath": "app/Schedule/getAllProductDropdowns",
          "returnFormat": "json"
        },
        "type": "query"
      },
      "persistent": true
    },
    "custom.ProductCode": {
      "binding": {
        "config": {
          "expression": "if({/root/Row1/Col3/Dropdown.props.value} \u003d \u0027all\u0027, NULL, {/root/Row1/Col3/Dropdown.props.value})"
        },
        "transforms": [
          {
            "code": "\tpcDropdown \u003d self.custom.PCDropdown\n\t\n\ttry:\n\t\tfor pc in pcDropdown:\n\t\t\tif pc[\u0027value\u0027] \u003d\u003d value:\n\t\t\t\treturn pc[\u0027label\u0027]\n\texcept Exception as e:\n\t\treturn \u0027\u0027",
            "type": "script"
          },
          {
            "expression": "coalesce({value}, \u0027\u0027)",
            "type": "expression"
          }
        ],
        "type": "expr"
      },
      "onChange": {
        "enabled": null,
        "script": "\tif previousValue !\u003d currentValue:\n\t\tself.refreshBinding(\u0027custom.Data\u0027)"
      },
      "persistent": true
    },
    "custom.ScrapPareto": {
      "binding": {
        "config": {
          "parameters": {
            "endTime": "try(\r   \tif({view.custom.EndTime} \u003d \u0027\u0027,\r   \t\tNULL,\r   \t\t{view.custom.EndTime}),\r   \tNULL\r   )",
            "lineID": "{view.custom.LineID}",
            "productCode": "{view.custom.ProductCode}",
            "shift": "{view.custom.Shift}",
            "startTime": "try(\r   \tif({view.custom.StartTime} \u003d \u0027\u0027,\r   \t\tNULL,\r   \t\t{view.custom.StartTime}),\r   \tNULL\r   )",
            "top": "{view.custom.TopSelection}"
          },
          "queryPath": "app/Quality/getScrapPareto"
        },
        "type": "query"
      },
      "persistent": true
    },
    "custom.Shift": {
      "binding": {
        "config": {
          "expression": "if({/root/Row1/Col4/Dropdown.props.value} \u003d \u0027all\u0027, \u0027\u0027, {/root/Row1/Col4/Dropdown.props.value})"
        },
        "type": "expr"
      },
      "persistent": true
    },
    "custom.Shifts": {
      "binding": {
        "config": {
          "queryPath": "app/OEE/getShiftsForSite",
          "returnFormat": "json"
        },
        "transforms": [
          {
            "code": "\tdata \u003d []\n\tdata.append({\u0027value\u0027: \u0027all\u0027, \u0027label\u0027: \u0027All\u0027}) \n\tfor v in value:\n\t    data.append(v)  \n\treturn data",
            "type": "script"
          }
        ],
        "type": "query"
      },
      "persistent": true
    },
    "custom.StartTime": {
      "binding": {
        "config": {
          "path": "/root/Row1/Col1/DatePicker.props.params.datePicked"
        },
        "transforms": [
          {
            "expression": "if({value} \u003d \u0027\u0027, null, {value})",
            "type": "expression"
          }
        ],
        "type": "property"
      },
      "persistent": true
    },
    "custom.TopSelection": {
      "binding": {
        "config": {
          "path": "/root/Row1/Col6/NumericEntryField.props.value"
        },
        "type": "property"
      },
      "persistent": true
    }
  },
  "props": {
    "defaultSize": {
      "width": 851
    }
  },
  "root": {
    "children": [
      {
        "children": [
          {
            "children": [
              {
                "meta": {
                  "name": "Label"
                },
                "props": {
                  "style": {
                    "classes": "Global/MarginRight"
                  },
                  "text": "Start Time:"
                },
                "type": "ia.display.label"
              },
              {
                "meta": {
                  "name": "DatePicker"
                },
                "position": {
                  "basis": "160px"
                },
                "props": {
                  "params": {
                    "datePicked": ""
                  },
                  "path": "GlobalComponents/Selections/DatePicker"
                },
                "type": "ia.display.view"
              }
            ],
            "meta": {
              "name": "Col1"
            },
            "position": {
              "basis": "33.33%",
              "grow": 1
            },
            "props": {
              "justify": "center",
              "style": {
                "classes": "Global/MarginRight"
              }
            },
            "type": "ia.container.flex"
          },
          {
            "children": [
              {
                "meta": {
                  "name": "Label"
                },
                "props": {
                  "style": {
                    "classes": "Global/MarginRight"
                  },
                  "text": "End Time:"
                },
                "type": "ia.display.label"
              },
              {
                "meta": {
                  "name": "DatePicker"
                },
                "position": {
                  "basis": "160px"
                },
                "props": {
                  "params": {
                    "datePicked": ""
                  },
                  "path": "GlobalComponents/Selections/DatePicker"
                },
                "type": "ia.display.view"
              }
            ],
            "meta": {
              "name": "Col5"
            },
            "position": {
              "basis": "33.33%",
              "grow": 1
            },
            "props": {
              "justify": "center",
              "style": {
                "classes": "Global/MarginRight"
              }
            },
            "type": "ia.container.flex"
          },
          {
            "children": [
              {
                "meta": {
                  "name": "Label"
                },
                "props": {
                  "style": {
                    "classes": "Global/MarginRight"
                  },
                  "text": "Line:"
                },
                "type": "ia.display.label"
              },
              {
                "meta": {
                  "name": "Dropdown"
                },
                "position": {
                  "basis": "96px"
                },
                "propConfig": {
                  "props.options": {
                    "binding": {
                      "config": {
                        "path": "view.custom.LineDropdown"
                      },
                      "type": "property"
                    }
                  }
                },
                "props": {
                  "dropdownOptionStyle": {
                    "classes": "TextFields/TextArea"
                  },
                  "style": {
                    "classes": "TextFields/TextArea"
                  },
                  "value": "all"
                },
                "type": "ia.input.dropdown"
              }
            ],
            "meta": {
              "name": "Col2"
            },
            "position": {
              "basis": "33.33%",
              "grow": 1
            },
            "props": {
              "justify": "center",
              "style": {
                "classes": "Global/MarginRight "
              }
            },
            "type": "ia.container.flex"
          },
          {
            "children": [
              {
                "meta": {
                  "name": "Label"
                },
                "position": {
                  "grow": 1
                },
                "props": {
                  "text": "Product Code:"
                },
                "type": "ia.display.label"
              },
              {
                "meta": {
                  "name": "Dropdown"
                },
                "position": {
                  "basis": "160px"
                },
                "propConfig": {
                  "props.options": {
                    "binding": {
                      "config": {
                        "path": "view.custom.PCDropdown"
                      },
                      "transforms": [
                        {
                          "code": "\tvalue.insert(0, {\u0027value\u0027: \u0027all\u0027, \u0027label\u0027: \u0027All\u0027})\n\t\t\n\treturn value",
                          "type": "script"
                        }
                      ],
                      "type": "property"
                    }
                  }
                },
                "props": {
                  "dropdownOptionStyle": {
                    "classes": "TextFields/TextArea"
                  },
                  "style": {
                    "classes": "Global/MarginLeft TextFields/TextArea"
                  },
                  "value": 2
                },
                "type": "ia.input.dropdown"
              }
            ],
            "meta": {
              "name": "Col3"
            },
            "position": {
              "basis": "33.33%",
              "grow": 1
            },
            "props": {
              "justify": "center",
              "style": {
                "classes": "Global/MarginRight"
              }
            },
            "type": "ia.container.flex"
          },
          {
            "children": [
              {
                "meta": {
                  "name": "Label"
                },
                "props": {
                  "style": {
                    "classes": "Global/MarginRight"
                  },
                  "text": "Shift:"
                },
                "type": "ia.display.label"
              },
              {
                "meta": {
                  "name": "Dropdown"
                },
                "position": {
                  "basis": "96px"
                },
                "propConfig": {
                  "props.options": {
                    "binding": {
                      "config": {
                        "path": "view.custom.Shifts"
                      },
                      "type": "property"
                    }
                  }
                },
                "props": {
                  "dropdownOptionStyle": {
                    "classes": "TextFields/TextArea"
                  },
                  "style": {
                    "classes": "TextFields/TextArea"
                  },
                  "value": "all"
                },
                "type": "ia.input.dropdown"
              }
            ],
            "meta": {
              "name": "Col4"
            },
            "position": {
              "basis": "33.33%",
              "grow": 1
            },
            "props": {
              "justify": "center",
              "style": {
                "classes": "Global/MarginRight"
              }
            },
            "type": "ia.container.flex"
          },
          {
            "children": [
              {
                "meta": {
                  "name": "Label"
                },
                "props": {
                  "style": {
                    "classes": "Global/MarginRight"
                  },
                  "text": "Top:"
                },
                "type": "ia.display.label"
              },
              {
                "meta": {
                  "name": "NumericEntryField"
                },
                "position": {
                  "basis": "65px"
                },
                "props": {
                  "containerStyle": {
                    "marginBottom": 5,
                    "marginTop": 5,
                    "overflow": "hidden",
                    "overflowX": "hidden",
                    "overflowY": "hidden"
                  },
                  "style": {
                    "classes": "TextFields/TextField",
                    "overflow": "hidden",
                    "overflowX": "hidden",
                    "overflowY": "hidden"
                  },
                  "value": 5
                },
                "type": "ia.input.numeric-entry-field"
              }
            ],
            "meta": {
              "name": "Col6"
            },
            "position": {
              "basis": "33.33%",
              "grow": 1
            },
            "props": {
              "justify": "center"
            },
            "type": "ia.container.flex"
          }
        ],
        "meta": {
          "name": "Row1"
        },
        "position": {
          "basis": "48px"
        },
        "props": {
          "alignContent": "space-around",
          "justify": "space-evenly",
          "style": {
            "classes": "Global/MarginBottom"
          }
        },
        "type": "ia.container.flex"
      },
      {
        "children": [
          {
            "meta": {
              "name": "Carousel"
            },
            "position": {
              "basis": "200px",
              "grow": 1
            },
            "propConfig": {
              "props.views[0].viewParams.Data": {
                "binding": {
                  "config": {
                    "path": "view.custom.Data"
                  },
                  "type": "property"
                }
              },
              "props.views[1].viewParams.Data": {
                "binding": {
                  "config": {
                    "path": "view.custom.ScrapPareto"
                  },
                  "type": "property"
                }
              },
              "props.views[2].viewParams.Data": {
                "binding": {
                  "config": {
                    "path": "view.custom.Data"
                  },
                  "type": "property"
                }
              }
            },
            "props": {
              "views": [
                {
                  "alignItems": "flex-start",
                  "direction": "row",
                  "justify": "flex-start",
                  "viewParams": {},
                  "viewPath": "App/Quality/QualityOverview/Embedded/ScrapTable"
                },
                {
                  "alignItems": "flex-start",
                  "direction": "row",
                  "justify": "flex-start",
                  "viewParams": {},
                  "viewPath": "App/Quality/QualityOverview/Embedded/ScrapGraph"
                },
                {
                  "alignItems": "flex-start",
                  "direction": "row",
                  "justify": "flex-start",
                  "viewParams": {},
                  "viewPath": "App/Quality/QualityOverview/Embedded/ScrapGraphPie"
                }
              ]
            },
            "type": "ia.display.carousel"
          }
        ],
        "meta": {
          "name": "Row2"
        },
        "position": {
          "basis": "200px",
          "grow": 1
        },
        "type": "ia.container.flex"
      }
    ],
    "events": {
      "dom": {
        "onClick": {
          "config": {
            "script": "\tsystem.perspective.print(self.view.custom)"
          },
          "scope": "G",
          "type": "script"
        }
      }
    },
    "meta": {
      "name": "root"
    },
    "props": {
      "direction": "column"
    },
    "type": "ia.container.flex"
  }
}