{
  "custom": {
    "EmailDataset": {
      "$": [
        "ds",
        192,
        1712841424709
      ],
      "$columns": [
        {
          "data": [
            1
          ],
          "name": "ID",
          "type": "Integer"
        },
        {
          "data": [
            "test@gmail.com"
          ],
          "name": "Email",
          "type": "String"
        },
        {
          "data": [
            false
          ],
          "name": "NotifyLowMaterials",
          "type": "Boolean"
        }
      ]
    },
    "SelectedEmailID": false,
    "UpdateDeleteEnable": false
  },
  "params": {},
  "propConfig": {
    "custom.EmailDataset": {
      "binding": {
        "config": {
          "expression": "runScript(\u0027mes.documentManagement.sp.getEmails\u0027, 0, NULL, NULL, NULL)"
        },
        "type": "expr"
      },
      "persistent": true
    },
    "custom.SelectedEmailID": {
      "binding": {
        "config": {
          "expression": "if(isNULL({/root/Column2/EmailTable.props.selection.selectedRow}),\r\n\tFalse,\r\n\t{/root/Column2/EmailTable.props.data}[{/root/Column2/EmailTable.props.selection.selectedRow}, \u0027ID\u0027]\r\n)"
        },
        "type": "expr"
      },
      "persistent": true
    },
    "custom.UpdateDeleteEnable": {
      "binding": {
        "config": {
          "expression": "if(isNULL({/root/Column2/EmailTable.props.selection.selectedRow}),\r\n\tFalse,\r\n\t{/root/Column2/EmailTable.props.selection.selectedRow} \u003e -1\r\n)"
        },
        "type": "expr"
      },
      "persistent": true
    }
  },
  "props": {
    "defaultSize": {
      "width": 1024
    }
  },
  "root": {
    "children": [
      {
        "children": [
          {
            "children": [
              {
                "events": {
                  "dom": {
                    "onClick": {
                      "config": {
                        "script": "\t################################\n\t##########REV NOTES#############\n\t# Description\n\t# Script to open AddEditEmail popup for addition of an email\n\t#\n\t# Initials ... Date ... Change #\n\t# NL ... 03/13/2024 ... Initial Creation\n\taddEmail \u003d True\n\ttitle \u003d \u0027Add Email\u0027\n\tparams \u003d {\n\t\"AddEmail\": addEmail\n\t}\n\t\n\tsystem.perspective.openPopup(\u0027addEmail\u0027, \u0027App/DocumentManager/DocumentReview/Embedded/Popups/AddEditEmail\u0027, params \u003d params, title\u003dtitle, showCloseIcon \u003d True, resizeable \u003d True, draggable \u003d True)"
                      },
                      "scope": "G",
                      "type": "script"
                    }
                  }
                },
                "meta": {
                  "name": "AddButton"
                },
                "position": {
                  "basis": "320px"
                },
                "props": {
                  "params": {
                    "BackgroundColor": "value",
                    "Enabled": true,
                    "Hover": true,
                    "IconPath": "material/add",
                    "IsSelectable": false,
                    "Label": "Add",
                    "Selected": true,
                    "Size": "value",
                    "Type": "value"
                  },
                  "path": "GlobalComponents/Buttons/Button"
                },
                "type": "ia.display.view"
              }
            ],
            "meta": {
              "name": "Add"
            },
            "position": {
              "basis": "50px"
            },
            "props": {
              "style": {
                "classes": "Global/MarginBottom Global/MarginLeft Global/MarginRight Global/MarginTop"
              }
            },
            "type": "ia.container.flex"
          },
          {
            "children": [
              {
                "events": {
                  "dom": {
                    "onClick": {
                      "config": {
                        "script": "\t################################\n\t##########REV NOTES#############\n\t# Description\n\t# Script to open AddEditEmail popup for editing an email\n\t#\n\t# Initials ... Date ... Change #\n\t# NL ... 03/13/2024 ... Initial Creation\n\temailID \u003d self.view.custom.SelectedEmailID\n\taddEmail \u003d False\n\ttitle \u003d \u0027Edit Email\u0027\n\tparams \u003d {\n\t\"AddEmail\": addEmail,\n\t\u0027EmailID\u0027: emailID\n\t}\n\t\n\tsystem.perspective.openPopup(\u0027editEmail\u0027, \u0027App/DocumentManager/DocumentReview/Embedded/Popups/AddEditEmail\u0027, params \u003d params, title\u003dtitle, showCloseIcon \u003d True, resizeable \u003d True, draggable \u003d True)"
                      },
                      "scope": "G",
                      "type": "script"
                    }
                  }
                },
                "meta": {
                  "name": "UpdateButton"
                },
                "position": {
                  "basis": "320px"
                },
                "propConfig": {
                  "props.params.Enabled": {
                    "binding": {
                      "config": {
                        "path": "view.custom.UpdateDeleteEnable"
                      },
                      "type": "property"
                    }
                  }
                },
                "props": {
                  "params": {
                    "BackgroundColor": "value",
                    "Hover": true,
                    "IconPath": "material/edit",
                    "IsSelectable": false,
                    "Label": "Update",
                    "Selected": true,
                    "Size": "value",
                    "Type": "value"
                  },
                  "path": "GlobalComponents/Buttons/Button"
                },
                "type": "ia.display.view"
              }
            ],
            "meta": {
              "name": "Update"
            },
            "position": {
              "basis": "50px"
            },
            "props": {
              "style": {
                "classes": "Global/MarginBottom Global/MarginLeft Global/MarginRight"
              }
            },
            "type": "ia.container.flex"
          },
          {
            "children": [
              {
                "events": {
                  "dom": {
                    "onClick": {
                      "config": {
                        "script": "\t################################\n\t##########REV NOTES#############\n\t# Description\n\t# Script to open DeleteCoonfirmation popup for an email\n\t#\n\t# Initials ... Date ... Change #\n\t# NL ... 03/13/2024 ... Initial Creation\n\temailID \u003d self.view.custom.SelectedEmailID\n\ttitle \u003d \u0027Delete Email\u0027\n\tparams \u003d {\n\t\u0027EmailID\u0027: emailID\n\t}\n\t\n\tsystem.perspective.openPopup(\u0027deleteEmail\u0027, \u0027App/DocumentManager/DocumentReview/Embedded/Popups/DeleteConfirmation\u0027, params \u003d params, title\u003dtitle, showCloseIcon \u003d True, resizeable \u003d True, draggable \u003d True)"
                      },
                      "scope": "G",
                      "type": "script"
                    }
                  }
                },
                "meta": {
                  "name": "DeleteButton"
                },
                "position": {
                  "basis": "320px"
                },
                "propConfig": {
                  "props.params.Enabled": {
                    "binding": {
                      "config": {
                        "path": "view.custom.UpdateDeleteEnable"
                      },
                      "type": "property"
                    }
                  }
                },
                "props": {
                  "params": {
                    "BackgroundColor": "value",
                    "Hover": true,
                    "IconPath": "material/close",
                    "IsSelectable": false,
                    "Label": "Delete",
                    "Selected": true,
                    "Size": "value",
                    "Type": "value"
                  },
                  "path": "GlobalComponents/Buttons/Button"
                },
                "type": "ia.display.view"
              }
            ],
            "meta": {
              "name": "Delete"
            },
            "position": {
              "basis": "50px"
            },
            "props": {
              "style": {
                "classes": "Global/MarginBottom Global/MarginLeft Global/MarginRight"
              }
            },
            "type": "ia.container.flex"
          },
          {
            "children": [
              {
                "events": {
                  "dom": {
                    "onClick": {
                      "config": {
                        "script": "\tsystem.perspective.closePopup(\u0027\u0027)"
                      },
                      "scope": "G",
                      "type": "script"
                    }
                  }
                },
                "meta": {
                  "name": "CloseButton"
                },
                "position": {
                  "grow": 1
                },
                "props": {
                  "params": {
                    "BackgroundColor": "value",
                    "Enabled": true,
                    "Hover": true,
                    "IconPath": "",
                    "IsSelectable": false,
                    "Label": "Close",
                    "Selected": true,
                    "Size": "value",
                    "Type": "value"
                  },
                  "path": "GlobalComponents/Buttons/Button"
                },
                "type": "ia.display.view"
              }
            ],
            "meta": {
              "name": "Close"
            },
            "position": {
              "basis": "50px"
            },
            "props": {
              "style": {
                "classes": "Global/MarginBottom Global/MarginLeft Global/MarginRight"
              }
            },
            "type": "ia.container.flex"
          }
        ],
        "meta": {
          "name": "Column1"
        },
        "props": {
          "direction": "column",
          "style": {
            "classes": "Global/MarginLeft Global/MarginRight"
          }
        },
        "type": "ia.container.flex"
      },
      {
        "children": [
          {
            "meta": {
              "name": "EmailLabel"
            },
            "position": {
              "basis": "50px"
            },
            "props": {
              "text": "Emails"
            },
            "type": "ia.display.label"
          },
          {
            "meta": {
              "name": "EmailTable"
            },
            "position": {
              "basis": "400px",
              "grow": 1
            },
            "propConfig": {
              "props.data": {
                "binding": {
                  "config": {
                    "bidirectional": true,
                    "path": "view.custom.EmailDataset"
                  },
                  "type": "property"
                }
              }
            },
            "props": {
              "columns": [
                {
                  "align": "center",
                  "boolean": "checkbox",
                  "dateFormat": "MM/DD/YYYY",
                  "editable": false,
                  "field": "ID",
                  "filter": {
                    "boolean": {
                      "condition": ""
                    },
                    "date": {
                      "condition": "",
                      "value": ""
                    },
                    "enabled": false,
                    "number": {
                      "condition": "",
                      "value": ""
                    },
                    "string": {
                      "condition": "",
                      "value": ""
                    },
                    "visible": "on-hover"
                  },
                  "footer": {
                    "align": "center",
                    "justify": "left",
                    "style": {
                      "classes": ""
                    },
                    "title": ""
                  },
                  "header": {
                    "align": "center",
                    "justify": "left",
                    "style": {
                      "classes": ""
                    },
                    "title": ""
                  },
                  "justify": "auto",
                  "nullFormat": {
                    "includeNullStrings": false,
                    "nullFormatValue": "",
                    "strict": false
                  },
                  "number": "value",
                  "numberFormat": "0,0.##",
                  "progressBar": {
                    "bar": {
                      "color": "",
                      "style": {
                        "classes": ""
                      }
                    },
                    "max": 100,
                    "min": 0,
                    "track": {
                      "color": "",
                      "style": {
                        "classes": ""
                      }
                    },
                    "value": {
                      "enabled": true,
                      "format": "0,0.##",
                      "justify": "center",
                      "style": {
                        "classes": ""
                      }
                    }
                  },
                  "render": "auto",
                  "resizable": true,
                  "sort": "none",
                  "sortable": true,
                  "strictWidth": false,
                  "style": {
                    "classes": ""
                  },
                  "toggleSwitch": {
                    "color": {
                      "selected": "",
                      "unselected": ""
                    }
                  },
                  "viewParams": {},
                  "viewPath": "",
                  "visible": false,
                  "width": ""
                },
                {
                  "align": "center",
                  "boolean": "checkbox",
                  "dateFormat": "MM/DD/YYYY",
                  "editable": false,
                  "field": "Email",
                  "filter": {
                    "boolean": {
                      "condition": ""
                    },
                    "date": {
                      "condition": "",
                      "value": ""
                    },
                    "enabled": false,
                    "number": {
                      "condition": "",
                      "value": ""
                    },
                    "string": {
                      "condition": "",
                      "value": ""
                    },
                    "visible": "on-hover"
                  },
                  "footer": {
                    "align": "center",
                    "justify": "left",
                    "style": {
                      "classes": ""
                    },
                    "title": ""
                  },
                  "header": {
                    "align": "center",
                    "justify": "left",
                    "style": {
                      "classes": ""
                    },
                    "title": ""
                  },
                  "justify": "auto",
                  "nullFormat": {
                    "includeNullStrings": false,
                    "nullFormatValue": "",
                    "strict": false
                  },
                  "number": "value",
                  "numberFormat": "0,0.##",
                  "progressBar": {
                    "bar": {
                      "color": "",
                      "style": {
                        "classes": ""
                      }
                    },
                    "max": 100,
                    "min": 0,
                    "track": {
                      "color": "",
                      "style": {
                        "classes": ""
                      }
                    },
                    "value": {
                      "enabled": true,
                      "format": "0,0.##",
                      "justify": "center",
                      "style": {
                        "classes": ""
                      }
                    }
                  },
                  "render": "auto",
                  "resizable": true,
                  "sort": "none",
                  "sortable": true,
                  "strictWidth": false,
                  "style": {
                    "classes": ""
                  },
                  "toggleSwitch": {
                    "color": {
                      "selected": "",
                      "unselected": ""
                    }
                  },
                  "viewParams": {},
                  "viewPath": "",
                  "visible": true,
                  "width": ""
                },
                {
                  "align": "center",
                  "boolean": "checkbox",
                  "dateFormat": "MM/DD/YYYY",
                  "editable": false,
                  "field": "NotifyLowMaterials",
                  "filter": {
                    "boolean": {
                      "condition": ""
                    },
                    "date": {
                      "condition": "",
                      "value": ""
                    },
                    "enabled": false,
                    "number": {
                      "condition": "",
                      "value": ""
                    },
                    "string": {
                      "condition": "",
                      "value": ""
                    },
                    "visible": "on-hover"
                  },
                  "footer": {
                    "align": "center",
                    "justify": "left",
                    "style": {
                      "classes": ""
                    },
                    "title": ""
                  },
                  "header": {
                    "align": "center",
                    "justify": "left",
                    "style": {
                      "classes": ""
                    },
                    "title": "Notify Low Materials"
                  },
                  "justify": "auto",
                  "nullFormat": {
                    "includeNullStrings": false,
                    "nullFormatValue": "",
                    "strict": false
                  },
                  "number": "value",
                  "numberFormat": "0,0.##",
                  "progressBar": {
                    "bar": {
                      "color": "",
                      "style": {
                        "classes": ""
                      }
                    },
                    "max": 100,
                    "min": 0,
                    "track": {
                      "color": "",
                      "style": {
                        "classes": ""
                      }
                    },
                    "value": {
                      "enabled": true,
                      "format": "0,0.##",
                      "justify": "center",
                      "style": {
                        "classes": ""
                      }
                    }
                  },
                  "render": "auto",
                  "resizable": true,
                  "sort": "none",
                  "sortable": true,
                  "strictWidth": false,
                  "style": {
                    "classes": ""
                  },
                  "toggleSwitch": {
                    "color": {
                      "selected": "",
                      "unselected": ""
                    }
                  },
                  "viewParams": {},
                  "viewPath": "",
                  "visible": true,
                  "width": ""
                }
              ]
            },
            "type": "ia.display.table"
          }
        ],
        "meta": {
          "name": "Column2"
        },
        "position": {
          "basis": "200px",
          "grow": 1
        },
        "props": {
          "direction": "column",
          "style": {
            "classes": "Global/MarginRight"
          }
        },
        "type": "ia.container.flex"
      }
    ],
    "meta": {
      "name": "root"
    },
    "scripts": {
      "customMethods": [],
      "extensionFunctions": null,
      "messageHandlers": [
        {
          "messageType": "refreshEmailTable",
          "pageScope": true,
          "script": "\tself.view.refreshBinding(\u0027custom.EmailDataset\u0027)",
          "sessionScope": false,
          "viewScope": false
        }
      ]
    },
    "type": "ia.container.flex"
  }
}