{
  "custom": {
    "TextColor": "white"
  },
  "params": {
    "Data": {
      "$": [
        "ds",
        192,
        1697054591972
      ],
      "$columns": [
        {
          "data": [
            390,
            389,
            388,
            387,
            386,
            380,
            379,
            376,
            375,
            373,
            372
          ],
          "name": "id",
          "type": "Integer"
        },
        {
          "data": [
            140,
            18,
            18,
            18,
            18,
            18,
            18,
            18,
            15,
            23,
            15
          ],
          "name": "reason_id",
          "type": "Integer"
        },
        {
          "data": [
            "Normal Chip",
            "Pulls Out/Falls Off",
            "Pulls Out/Falls Off",
            "Pulls Out/Falls Off",
            "Pulls Out/Falls Off",
            "Pulls Out/Falls Off",
            "Pulls Out/Falls Off",
            "Pulls Out/Falls Off",
            "Cracked",
            "Graphics",
            "Cracked"
          ],
          "name": "reason_name",
          "type": "String"
        },
        {
          "data": [
            "Oven1",
            "Oven1",
            "Oven1",
            null,
            null,
            null,
            null,
            null,
            null,
            null,
            null
          ],
          "name": "Line",
          "type": "String"
        },
        {
          "data": [
            "BigOrderNo2",
            "BigOrderNo2",
            "BigOrderNo2",
            "Testing SFN1",
            "SFN3WO1",
            "",
            "WO-8675309",
            "WO-20230627-08535022",
            "WO-20230518-18203541",
            "WO-20230606-11142572",
            "WO-20230606-11142572"
          ],
          "name": "planned_order",
          "type": "String"
        },
        {
          "data": [
            "ProductCode1",
            "ProductCode1",
            "ProductCode1",
            "HighPPM",
            "HighPPM",
            "",
            "ObviousFake",
            "HighPPM",
            "HighPPM",
            "HighPPM",
            "HighPPM"
          ],
          "name": "product_code",
          "type": "String"
        },
        {
          "data": [
            20,
            20,
            20,
            2,
            2,
            null,
            13,
            2,
            2,
            2,
            2
          ],
          "name": "product_code_id",
          "type": "Integer"
        },
        {
          "data": [
            "Shift 2",
            "Shift 2",
            "Shift 2",
            "Shift 2",
            "Shift 2",
            "Shift 2",
            "Shift 2",
            "Shift 2",
            "Shift 2",
            "Shift 2",
            "Shift 2"
          ],
          "name": "shift",
          "type": "String"
        },
        {
          "data": [
            250,
            10,
            55,
            55,
            55,
            22,
            50,
            10,
            22,
            22,
            22
          ],
          "name": "quantity",
          "type": "Double"
        },
        {
          "data": [
            1697029397132,
            1697029368223,
            1697029270851,
            1695739832122,
            1695214688616,
            1692979906735,
            1689294676682,
            1689020274422,
            1686684611374,
            1686149499770,
            1686144677504
          ],
          "name": "time_recorded",
          "type": "Date"
        }
      ]
    }
  },
  "propConfig": {
    "custom.TextColor": {
      "binding": {
        "config": {
          "expression": "if({session.props.theme} \u003d \u0027custom-dark\u0027, \u0027white\u0027, \u0027black\u0027)"
        },
        "type": "expr"
      },
      "persistent": true
    },
    "params.Data": {
      "paramDirection": "input",
      "persistent": true
    }
  },
  "props": {
    "defaultSize": {
      "width": 1316
    }
  },
  "root": {
    "children": [
      {
        "meta": {
          "name": "XYChart"
        },
        "propConfig": {
          "props.dataSources.example": {
            "binding": {
              "config": {
                "path": "view.params.Data"
              },
              "type": "property"
            }
          },
          "props.legend.labels.font.color": {
            "binding": {
              "config": {
                "path": "view.custom.TextColor"
              },
              "type": "property"
            }
          },
          "props.series[0].tooltip.text": {
            "binding": {
              "config": {
                "expression": "\u0027[/bold]WO[/]:\u0027+\u0027{planned_order}\u0027\r\n+\u0027\\n\\t\u0027+\u0027[/bold]Product Code[/]:\u0027+\u0027{product_code}\u0027\r\n+\u0027\\n\\t\u0027+\u0027[/bold]Shift[/]:\u0027+\u0027{shift}\u0027\r\n+\u0027\\n\\t\u0027+\u0027[/bold]Scrap[/]:\u0027+\u0027{quantity}\u0027\r\n"
              },
              "type": "expr"
            }
          },
          "props.series[1].line.appearance.bullets[0].fill.color": {
            "binding": {
              "config": {
                "path": "view.custom.TextColor"
              },
              "type": "property"
            }
          },
          "props.xAxes[0].appearance.labels.color": {
            "binding": {
              "config": {
                "path": "view.custom.TextColor"
              },
              "type": "property"
            }
          },
          "props.xAxes[0].date.format": {
            "binding": {
              "config": {
                "expression": "\"[{ \u0027align\u0027: [\u0027center\u0027] }]\"+\"M/d/yy\"+\r\n\"\\n\"+\"hh:mm a\"+\"[/]\""
              },
              "type": "expr"
            }
          },
          "props.xAxes[0].date.range.max": {
            "binding": {
              "config": {
                "expression": "tostr(maxDate({view.params.Data}, \u0027time_recorded\u0027))"
              },
              "type": "expr"
            }
          },
          "props.xAxes[0].date.range.min": {
            "binding": {
              "config": {
                "expression": "tostr(minDate({view.params.Data}, \u0027time_recorded\u0027))"
              },
              "type": "expr"
            }
          },
          "props.xAxes[0].label.color": {
            "binding": {
              "config": {
                "path": "view.custom.TextColor"
              },
              "type": "property"
            }
          },
          "props.yAxes[0].appearance.labels.color": {
            "binding": {
              "config": {
                "path": "view.custom.TextColor"
              },
              "type": "property"
            }
          },
          "props.yAxes[0].label.color": {
            "binding": {
              "config": {
                "path": "view.custom.TextColor"
              },
              "type": "property"
            }
          }
        },
        "props": {
          "background": {
            "render": "color"
          },
          "dataSources": {},
          "legend": {
            "labels": {
              "font": {}
            }
          },
          "series": [
            {
              "candlestick": {
                "appearance": {
                  "deriveFieldsFromData": {
                    "fill": {
                      "color": "",
                      "opacity": ""
                    },
                    "stroke": {
                      "color": "",
                      "opacity": "",
                      "width": ""
                    }
                  },
                  "fill": {
                    "color": "",
                    "opacity": 1
                  },
                  "heatRules": {
                    "dataField": "",
                    "enabled": false,
                    "max": "",
                    "min": ""
                  },
                  "stacked": false,
                  "stroke": {
                    "color": "",
                    "opacity": 1,
                    "width": 1
                  }
                },
                "high": {
                  "x": "",
                  "y": ""
                },
                "low": {
                  "x": "",
                  "y": ""
                },
                "open": {
                  "x": "",
                  "y": ""
                }
              },
              "column": {
                "appearance": {
                  "deriveFieldsFromData": {
                    "fill": {
                      "color": "",
                      "opacity": ""
                    },
                    "stroke": {
                      "color": "",
                      "opacity": "",
                      "width": ""
                    }
                  },
                  "fill": {
                    "color": "#2AAED2",
                    "opacity": 1
                  },
                  "heatRules": {
                    "dataField": "",
                    "enabled": false,
                    "max": "",
                    "min": ""
                  },
                  "height": null,
                  "stacked": false,
                  "stroke": {
                    "color": "black",
                    "opacity": 1,
                    "width": 1
                  },
                  "width": null
                },
                "open": {
                  "x": "",
                  "y": ""
                }
              },
              "data": {
                "source": "example",
                "x": "time_recorded",
                "y": "quantity"
              },
              "defaultState": {
                "visible": true
              },
              "hiddenInLegend": false,
              "label": {
                "text": "Scrap Count"
              },
              "line": {
                "appearance": {
                  "bullets": [
                    {
                      "deriveFieldsFromData": {
                        "fill": {
                          "color": "",
                          "opacity": ""
                        },
                        "rotation": "",
                        "stroke": {
                          "color": "",
                          "opacity": "",
                          "width": ""
                        }
                      },
                      "enabled": false,
                      "fill": {
                        "color": "",
                        "opacity": 1
                      },
                      "heatRules": {
                        "dataField": "",
                        "enabled": false,
                        "max": 100,
                        "min": 2
                      },
                      "height": 10,
                      "label": {
                        "position": {
                          "dx": 0,
                          "dy": 0
                        },
                        "text": "{value}"
                      },
                      "render": "circle",
                      "rotation": 0,
                      "stroke": {
                        "color": "",
                        "opacity": 1,
                        "width": 1
                      },
                      "tooltip": {
                        "background": {
                          "color": "",
                          "opacity": 1
                        },
                        "cornerRadius": 3,
                        "enabled": true,
                        "pointerLength": 4,
                        "text": "{name}: [bold]{valueY}[/]"
                      },
                      "width": 10
                    }
                  ],
                  "connect": true,
                  "fill": {
                    "color": "",
                    "opacity": 0
                  },
                  "minDistance": 0.5,
                  "stroke": {
                    "color": "",
                    "dashArray": "",
                    "opacity": 1,
                    "width": 3
                  },
                  "tensionX": 1,
                  "tensionY": 1
                },
                "open": {
                  "x": "",
                  "y": ""
                }
              },
              "name": "Scrap Count",
              "render": "column",
              "stepLine": {
                "appearance": {
                  "bullets": [
                    {
                      "deriveFieldsFromData": {
                        "fill": {
                          "color": "",
                          "opacity": ""
                        },
                        "rotation": "",
                        "stroke": {
                          "color": "",
                          "opacity": "",
                          "width": ""
                        }
                      },
                      "enabled": true,
                      "fill": {
                        "color": "",
                        "opacity": 1
                      },
                      "heatRules": {
                        "dataField": "",
                        "enabled": false,
                        "max": 100,
                        "min": 2
                      },
                      "height": 10,
                      "label": {
                        "position": {
                          "dx": 0,
                          "dy": 0
                        },
                        "text": "{value}"
                      },
                      "render": "circle",
                      "rotation": 0,
                      "stroke": {
                        "color": "",
                        "opacity": 1,
                        "width": 1
                      },
                      "tooltip": {
                        "background": {
                          "color": "",
                          "opacity": 1
                        },
                        "cornerRadius": 3,
                        "enabled": true,
                        "pointerLength": 4,
                        "text": "{name}: [bold]{valueY}[/]"
                      },
                      "width": 10
                    }
                  ],
                  "connect": true,
                  "fill": {
                    "color": "",
                    "opacity": 0
                  },
                  "minDistance": 0.5,
                  "stroke": {
                    "color": "",
                    "dashArray": "",
                    "opacity": 1,
                    "width": 3
                  },
                  "tensionX": 1,
                  "tensionY": 1
                },
                "open": {
                  "x": "",
                  "y": ""
                }
              },
              "tooltip": {
                "background": {
                  "color": "",
                  "opacity": 1
                },
                "cornerRadius": 20,
                "enabled": true,
                "pointerLength": 0
              },
              "visible": true,
              "xAxis": "time",
              "yAxis": "process temp",
              "zIndex": 0
            },
            {
              "candlestick": {
                "appearance": {
                  "deriveFieldsFromData": {
                    "fill": {
                      "color": "",
                      "opacity": ""
                    },
                    "stroke": {
                      "color": "",
                      "opacity": "",
                      "width": ""
                    }
                  },
                  "fill": {
                    "color": "",
                    "opacity": 1
                  },
                  "heatRules": {
                    "dataField": "",
                    "enabled": false,
                    "max": "",
                    "min": ""
                  },
                  "stacked": false,
                  "stroke": {
                    "color": "",
                    "opacity": 1,
                    "width": 1
                  }
                },
                "high": {
                  "x": "",
                  "y": ""
                },
                "low": {
                  "x": "",
                  "y": ""
                },
                "open": {
                  "x": "",
                  "y": ""
                }
              },
              "column": {
                "appearance": {
                  "deriveFieldsFromData": {
                    "fill": {
                      "color": "",
                      "opacity": ""
                    },
                    "stroke": {
                      "color": "",
                      "opacity": "",
                      "width": ""
                    }
                  },
                  "fill": {
                    "color": "#2AAED2",
                    "opacity": 1
                  },
                  "heatRules": {
                    "dataField": "",
                    "enabled": false,
                    "max": "",
                    "min": ""
                  },
                  "height": null,
                  "stacked": false,
                  "stroke": {
                    "color": "black",
                    "opacity": 1,
                    "width": 1
                  },
                  "width": null
                },
                "open": {
                  "x": "",
                  "y": ""
                }
              },
              "data": {
                "source": "example",
                "x": "time_recorded",
                "y": "quantity"
              },
              "defaultState": {
                "visible": true
              },
              "hiddenInLegend": true,
              "label": {
                "text": "Process Temp"
              },
              "line": {
                "appearance": {
                  "bullets": [
                    {
                      "deriveFieldsFromData": {
                        "fill": {
                          "color": "",
                          "opacity": ""
                        },
                        "rotation": "",
                        "stroke": {
                          "color": "",
                          "opacity": "",
                          "width": ""
                        }
                      },
                      "enabled": true,
                      "fill": {
                        "opacity": 1
                      },
                      "heatRules": {
                        "dataField": "",
                        "enabled": false,
                        "max": 100,
                        "min": 2
                      },
                      "height": 10,
                      "label": {
                        "position": {
                          "dx": 0,
                          "dy": -10
                        },
                        "text": "{Line}"
                      },
                      "render": "label",
                      "rotation": 0,
                      "stroke": {
                        "color": "",
                        "opacity": 1,
                        "width": 1
                      },
                      "tooltip": {
                        "background": {
                          "color": "",
                          "opacity": 1
                        },
                        "cornerRadius": 3,
                        "enabled": false,
                        "pointerLength": 4,
                        "text": "{name}: [bold]{valueY}[/]"
                      },
                      "width": 10
                    }
                  ],
                  "connect": true,
                  "fill": {
                    "color": "",
                    "opacity": 0
                  },
                  "minDistance": 0,
                  "stroke": {
                    "color": "",
                    "dashArray": "",
                    "opacity": 0,
                    "width": 0
                  },
                  "tensionX": 0,
                  "tensionY": 0
                },
                "open": {
                  "x": "",
                  "y": ""
                }
              },
              "name": "Labels",
              "render": "line",
              "stepLine": {
                "appearance": {
                  "bullets": [
                    {
                      "deriveFieldsFromData": {
                        "fill": {
                          "color": "",
                          "opacity": ""
                        },
                        "rotation": "",
                        "stroke": {
                          "color": "",
                          "opacity": "",
                          "width": ""
                        }
                      },
                      "enabled": true,
                      "fill": {
                        "color": "",
                        "opacity": 1
                      },
                      "heatRules": {
                        "dataField": "",
                        "enabled": false,
                        "max": 100,
                        "min": 2
                      },
                      "height": 10,
                      "label": {
                        "position": {
                          "dx": 0,
                          "dy": 0
                        },
                        "text": "{value}"
                      },
                      "render": "circle",
                      "rotation": 0,
                      "stroke": {
                        "color": "",
                        "opacity": 1,
                        "width": 1
                      },
                      "tooltip": {
                        "background": {
                          "color": "",
                          "opacity": 1
                        },
                        "cornerRadius": 3,
                        "enabled": true,
                        "pointerLength": 4,
                        "text": "{name}: [bold]{valueY}[/]"
                      },
                      "width": 10
                    }
                  ],
                  "connect": true,
                  "fill": {
                    "color": "",
                    "opacity": 0
                  },
                  "minDistance": 0.5,
                  "stroke": {
                    "color": "",
                    "dashArray": "",
                    "opacity": 1,
                    "width": 3
                  },
                  "tensionX": 1,
                  "tensionY": 1
                },
                "open": {
                  "x": "",
                  "y": ""
                }
              },
              "tooltip": {
                "background": {
                  "color": "",
                  "opacity": 1
                },
                "cornerRadius": 3,
                "enabled": true,
                "pointerLength": 4,
                "text": "Scrap: [bold]{valueY}[/]"
              },
              "visible": true,
              "xAxis": "time",
              "yAxis": "process temp",
              "zIndex": 0
            }
          ],
          "style": {
            "classes": "Text/SmallText",
            "overflow": "hidden"
          },
          "xAxes": [
            {
              "appearance": {
                "font": {
                  "size": "",
                  "weight": 500
                },
                "grid": {
                  "color": "",
                  "dashArray": "",
                  "minDistance": 60,
                  "opacity": 0.2,
                  "position": 0.5
                },
                "inside": false,
                "labels": {
                  "horizontalCenter": "middle",
                  "opacity": 1,
                  "rotation": 0,
                  "verticalCenter": "middle"
                },
                "opposite": false
              },
              "category": {
                "break": {
                  "enabled": false,
                  "endCategory": "",
                  "size": 0.05,
                  "startCategory": ""
                }
              },
              "date": {
                "baseInterval": {
                  "count": 1,
                  "enabled": true,
                  "skipEmptyPeriods": true,
                  "timeUnit": "minute"
                },
                "break": {
                  "enabled": false,
                  "endDate": "",
                  "size": 0.05,
                  "startDate": ""
                },
                "inputFormat": "yyyy-MM-dd hh:mm:ss:ms",
                "range": {
                  "useStrict": false
                }
              },
              "inversed": false,
              "label": {
                "enabled": true,
                "text": "Time"
              },
              "name": "time",
              "render": "date",
              "tooltip": {
                "background": {
                  "color": "",
                  "opacity": 1
                },
                "cornerRadius": 3,
                "enabled": true,
                "pointerLength": 4,
                "text": ""
              },
              "value": {
                "break": {
                  "enabled": false,
                  "endValue": 100,
                  "size": 0.05,
                  "startValue": 0
                },
                "format": "#,###.##",
                "logarithmic": false,
                "range": {
                  "max": "",
                  "min": "",
                  "useStrict": false
                }
              },
              "visible": true
            }
          ],
          "yAxes": [
            {
              "appearance": {
                "font": {
                  "size": "",
                  "weight": 500
                },
                "grid": {
                  "color": "",
                  "dashArray": "",
                  "minDistance": null,
                  "opacity": 0.2,
                  "position": 0.5
                },
                "inside": false,
                "labels": {
                  "horizontalCenter": "middle",
                  "opacity": 1,
                  "rotation": 0,
                  "verticalCenter": "middle"
                },
                "opposite": false
              },
              "category": {
                "break": {
                  "enabled": false,
                  "endCategory": "",
                  "size": 0.05,
                  "startCategory": ""
                }
              },
              "date": {
                "baseInterval": {
                  "count": 1,
                  "enabled": false,
                  "skipEmptyPeriods": false,
                  "timeUnit": "hour"
                },
                "break": {
                  "enabled": false,
                  "endDate": "",
                  "size": 0.05,
                  "startDate": ""
                },
                "format": "M/d/yyyy HH:mm:ss",
                "inputFormat": "yyyy-MM-dd kk:mm:ss",
                "range": {
                  "max": "",
                  "min": "",
                  "useStrict": false
                }
              },
              "inversed": false,
              "label": {
                "enabled": true,
                "text": "Scrap Count"
              },
              "name": "process temp",
              "render": "value",
              "tooltip": {
                "background": {
                  "color": "",
                  "opacity": 1
                },
                "cornerRadius": 3,
                "enabled": true,
                "pointerLength": 4,
                "text": ""
              },
              "value": {
                "break": {
                  "enabled": false,
                  "endValue": 100,
                  "size": 0.05,
                  "startValue": 0
                },
                "format": "#,###.##",
                "logarithmic": false,
                "range": {
                  "max": "",
                  "min": "",
                  "useStrict": false
                }
              },
              "visible": true
            }
          ]
        },
        "type": "ia.chart.xy"
      }
    ],
    "meta": {
      "name": "root"
    },
    "props": {
      "direction": "column"
    },
    "type": "ia.container.flex"
  }
}