{
  "custom": {
    "Label": ""
  },
  "params": {
    "Label": ""
  },
  "propConfig": {
    "custom.Label": {
      "binding": {
        "config": {
          "path": "view.params.Label"
        },
        "type": "property"
      },
      "persistent": true
    },
    "params.Label": {
      "paramDirection": "input",
      "persistent": true
    }
  },
  "props": {
    "defaultSize": {
      "height": 263,
      "width": 426
    }
  },
  "root": {
    "children": [
      {
        "children": [
          {
            "children": [
              {
                "meta": {
                  "name": "Title"
                },
                "position": {
                  "grow": 1
                },
                "propConfig": {
                  "meta.visible": {
                    "binding": {
                      "config": {
                        "expression": "if({...../SelectedItems/FlexContainer/PartIDEntry.props.text} \u003d \u0027\u0027 || {...../SelectedItems/FlexContainer/PartIDEntry.props.text} \u003d None || isNull({../Item Detail 1/OrderNumber.props.text}), false, true)"
                      },
                      "enabled": false,
                      "type": "expr"
                    }
                  }
                },
                "props": {
                  "alignVertical": "top",
                  "style": {
                    "classes": "Global/MarginBottom Text/Heading"
                  },
                  "text": "Product Details:",
                  "textStyle": {
                    "color": "--callToAction",
                    "textAlign": "center"
                  }
                },
                "type": "ia.display.label"
              }
            ],
            "meta": {
              "name": "Title"
            },
            "position": {
              "grow": 1
            },
            "type": "ia.container.flex"
          },
          {
            "children": [
              {
                "children": [
                  {
                    "meta": {
                      "name": "PartID"
                    },
                    "position": {
                      "basis": "30%",
                      "grow": 1
                    },
                    "props": {
                      "style": {
                        "classes": "Global/MarginBottom Global/MarginLeft TextFields/Root TextFields/TextTitle"
                      },
                      "text": "Label",
                      "textStyle": {
                        "fontWeight": "bold",
                        "textAlign": "left"
                      }
                    },
                    "type": "ia.display.label"
                  },
                  {
                    "meta": {
                      "name": "OrderNumber"
                    },
                    "position": {
                      "basis": "70%",
                      "grow": 1
                    },
                    "propConfig": {
                      "props.text": {
                        "binding": {
                          "config": {
                            "expression": "{..../Item1.custom.Item}"
                          },
                          "transforms": [
                            {
                              "code": "\tdata \u003d value\n\tvalue \u003d data.getValueAt(0, 1)\n\tvalue \u003d value if value !\u003d None else \u0027\u0027\n\t\n\treturn value",
                              "type": "script"
                            }
                          ],
                          "type": "expr"
                        }
                      }
                    },
                    "props": {
                      "style": {
                        "classes": "Global/MarginBottom Global/MarginLeft TextFields/Root TextFields/TextTitle"
                      },
                      "textStyle": {
                        "classes": "TextFields/TextTitle",
                        "textAlign": "left"
                      }
                    },
                    "type": "ia.display.label"
                  }
                ],
                "meta": {
                  "name": "Item Detail 1"
                },
                "propConfig": {
                  "position.display": {
                    "binding": {
                      "config": {
                        "expression": "if({...../SelectedItems/FlexContainer/PartIDEntry.props.text} \u003d \u0027\u0027 || isNull({...../SelectedItems/FlexContainer/PartIDEntry.props.text})|| isNull({./OrderNumber.props.text}), false, true)"
                      },
                      "enabled": false,
                      "type": "expr"
                    }
                  }
                },
                "props": {
                  "style": {
                    "classes": "Global/MarginTop"
                  }
                },
                "type": "ia.container.flex"
              },
              {
                "children": [
                  {
                    "meta": {
                      "name": "PartID"
                    },
                    "position": {
                      "basis": "30%",
                      "grow": 1
                    },
                    "props": {
                      "style": {
                        "classes": "Global/MarginBottom Global/MarginLeft TextFields/Root TextFields/TextTitle"
                      },
                      "text": "Product Code",
                      "textStyle": {
                        "fontWeight": "bold",
                        "textAlign": "left"
                      }
                    },
                    "type": "ia.display.label"
                  },
                  {
                    "meta": {
                      "name": "OrderNumber"
                    },
                    "position": {
                      "basis": "70%",
                      "grow": 1
                    },
                    "propConfig": {
                      "props.text": {
                        "binding": {
                          "config": {
                            "expression": "{..../Item1.custom.Item}"
                          },
                          "transforms": [
                            {
                              "code": "\tdata \u003d value\n\tvalue \u003d data.getValueAt(0, 3)\n\tvalue \u003d value if value !\u003d None else \u0027\u0027\n\t\n\treturn value",
                              "type": "script"
                            }
                          ],
                          "type": "expr"
                        }
                      }
                    },
                    "props": {
                      "style": {
                        "classes": "Global/MarginBottom Global/MarginLeft TextFields/Root TextFields/TextTitle"
                      },
                      "textStyle": {
                        "classes": "TextFields/TextTitle",
                        "textAlign": "left"
                      }
                    },
                    "type": "ia.display.label"
                  }
                ],
                "meta": {
                  "name": "Item Detail 2"
                },
                "propConfig": {
                  "position.display": {
                    "binding": {
                      "config": {
                        "expression": "if({...../SelectedItems/FlexContainer/PartIDEntry.props.text} \u003d \u0027\u0027 || isNull({...../SelectedItems/FlexContainer/PartIDEntry.props.text})|| isNull({./OrderNumber.props.text}), false, true)"
                      },
                      "enabled": false,
                      "type": "expr"
                    }
                  }
                },
                "type": "ia.container.flex"
              },
              {
                "children": [
                  {
                    "meta": {
                      "name": "PartID"
                    },
                    "position": {
                      "basis": "30%",
                      "grow": 1
                    },
                    "props": {
                      "style": {
                        "classes": "Global/MarginBottom Global/MarginLeft TextFields/Root TextFields/TextTitle"
                      },
                      "text": "Date Created",
                      "textStyle": {
                        "fontWeight": "bold",
                        "textAlign": "left"
                      }
                    },
                    "type": "ia.display.label"
                  },
                  {
                    "meta": {
                      "name": "OrderNumber"
                    },
                    "position": {
                      "basis": "70%",
                      "grow": 1
                    },
                    "propConfig": {
                      "props.text": {
                        "binding": {
                          "config": {
                            "expression": "{..../Item1.custom.Item}"
                          },
                          "transforms": [
                            {
                              "code": "\tdata \u003d value\n\tvalue \u003d data.getValueAt(0, 6)\n\tdatevalue \u003d system.date.format(value, \u0027MM/dd/YY h:mm:ss a\u0027)\n\treturn datevalue",
                              "type": "script"
                            }
                          ],
                          "type": "expr"
                        }
                      }
                    },
                    "props": {
                      "style": {
                        "classes": "Global/MarginBottom Global/MarginLeft TextFields/Root TextFields/TextTitle"
                      },
                      "textStyle": {
                        "classes": "TextFields/TextTitle",
                        "textAlign": "left"
                      }
                    },
                    "type": "ia.display.label"
                  }
                ],
                "meta": {
                  "name": "Item Detail 3"
                },
                "position": {
                  "display": false,
                  "grow": 1
                },
                "propConfig": {
                  "position.display": {
                    "binding": {
                      "config": {
                        "expression": "if({...../SelectedItems/FlexContainer/PartIDEntry.props.text} \u003d \u0027\u0027 || isNull({...../SelectedItems/FlexContainer/PartIDEntry.props.text})|| isNull({./OrderNumber.props.text}), false, true)"
                      },
                      "enabled": false,
                      "type": "expr"
                    }
                  }
                },
                "type": "ia.container.flex"
              },
              {
                "children": [
                  {
                    "meta": {
                      "name": "PartID"
                    },
                    "position": {
                      "basis": "30%",
                      "grow": 1
                    },
                    "props": {
                      "style": {
                        "classes": "Global/MarginBottom Global/MarginLeft TextFields/Root TextFields/TextTitle"
                      },
                      "text": "Work Order",
                      "textStyle": {
                        "fontWeight": "bold",
                        "textAlign": "left"
                      }
                    },
                    "type": "ia.display.label"
                  },
                  {
                    "meta": {
                      "name": "OrderNumber"
                    },
                    "position": {
                      "basis": "70%",
                      "grow": 1
                    },
                    "propConfig": {
                      "props.text": {
                        "binding": {
                          "config": {
                            "expression": "{..../Item1.custom.Item}"
                          },
                          "transforms": [
                            {
                              "code": "\tdata \u003d value\n\tvalue \u003d data.getValueAt(0, 10)\n\tvalue \u003d value if value !\u003d None else \u0027\u0027\n\t\n\treturn value",
                              "type": "script"
                            }
                          ],
                          "type": "expr"
                        }
                      }
                    },
                    "props": {
                      "style": {
                        "classes": "Global/MarginBottom Global/MarginLeft TextFields/Root TextFields/TextTitle"
                      },
                      "textStyle": {
                        "classes": "TextFields/TextTitle",
                        "textAlign": "left"
                      }
                    },
                    "type": "ia.display.label"
                  }
                ],
                "meta": {
                  "name": "Item Detail 4"
                },
                "propConfig": {
                  "position.display": {
                    "binding": {
                      "config": {
                        "expression": "if({...../SelectedItems/FlexContainer/PartIDEntry.props.text} \u003d \u0027\u0027 || isNull({...../SelectedItems/FlexContainer/PartIDEntry.props.text})|| isNull({./OrderNumber.props.text}), false, true)"
                      },
                      "enabled": false,
                      "type": "expr"
                    }
                  }
                },
                "type": "ia.container.flex"
              },
              {
                "children": [
                  {
                    "meta": {
                      "name": "PartID"
                    },
                    "position": {
                      "basis": "30%",
                      "grow": 1
                    },
                    "props": {
                      "style": {
                        "classes": "Global/MarginBottom Global/MarginLeft TextFields/Root TextFields/TextTitle"
                      },
                      "text": "Accumulator",
                      "textStyle": {
                        "fontWeight": "bold",
                        "textAlign": "left"
                      }
                    },
                    "type": "ia.display.label"
                  },
                  {
                    "meta": {
                      "name": "OrderNumber"
                    },
                    "position": {
                      "basis": "70%",
                      "grow": 1
                    },
                    "propConfig": {
                      "props.text": {
                        "binding": {
                          "config": {
                            "expression": "{..../Item1.custom.Item}"
                          },
                          "transforms": [
                            {
                              "code": "\tdata \u003d value\n\tvalue \u003d data.getValueAt(0, 9)\n\tvalue \u003d value if value !\u003d None else \u0027\u0027\n\t\n\treturn value",
                              "type": "script"
                            }
                          ],
                          "type": "expr"
                        }
                      }
                    },
                    "props": {
                      "style": {
                        "classes": "Global/MarginBottom Global/MarginLeft TextFields/Root TextFields/TextTitle"
                      },
                      "textStyle": {
                        "classes": "TextFields/TextTitle",
                        "textAlign": "left"
                      }
                    },
                    "type": "ia.display.label"
                  }
                ],
                "meta": {
                  "name": "Item Detail 6"
                },
                "propConfig": {
                  "position.display": {
                    "binding": {
                      "config": {
                        "expression": "if({...../SelectedItems/FlexContainer/PartIDEntry.props.text} \u003d \u0027\u0027 || isNull({...../SelectedItems/FlexContainer/PartIDEntry.props.text})|| isNull({./OrderNumber.props.text}), false, true)"
                      },
                      "enabled": false,
                      "type": "expr"
                    }
                  }
                },
                "type": "ia.container.flex"
              },
              {
                "children": [
                  {
                    "meta": {
                      "name": "PartID"
                    },
                    "position": {
                      "basis": "30%",
                      "grow": 1
                    },
                    "props": {
                      "style": {
                        "classes": "Global/MarginBottom Global/MarginLeft TextFields/Root TextFields/TextTitle"
                      },
                      "text": "Inventory",
                      "textStyle": {
                        "fontWeight": "bold",
                        "textAlign": "left"
                      }
                    },
                    "type": "ia.display.label"
                  },
                  {
                    "meta": {
                      "name": "OrderNumber"
                    },
                    "position": {
                      "basis": "70%",
                      "grow": 1
                    },
                    "propConfig": {
                      "props.text": {
                        "binding": {
                          "config": {
                            "expression": "{..../Item1.custom.Item}"
                          },
                          "transforms": [
                            {
                              "code": "\tdata \u003d value\n\tvalue \u003d data.getValueAt(0, 5)\n\tvalue \u003d value if value !\u003d None else \u0027\u0027\n\t\n\treturn value",
                              "type": "script"
                            }
                          ],
                          "type": "expr"
                        }
                      }
                    },
                    "props": {
                      "style": {
                        "classes": "Global/MarginBottom Global/MarginLeft TextFields/Root TextFields/TextTitle"
                      },
                      "textStyle": {
                        "classes": "TextFields/TextTitle",
                        "textAlign": "left"
                      }
                    },
                    "type": "ia.display.label"
                  }
                ],
                "meta": {
                  "name": "Item Detail 7"
                },
                "propConfig": {
                  "position.display": {
                    "binding": {
                      "config": {
                        "expression": "if({...../SelectedItems/FlexContainer/PartIDEntry.props.text} \u003d \u0027\u0027 || isNull({...../SelectedItems/FlexContainer/PartIDEntry.props.text})|| isNull({./OrderNumber.props.text}), false, true)"
                      },
                      "enabled": false,
                      "type": "expr"
                    }
                  }
                },
                "type": "ia.container.flex"
              },
              {
                "children": [
                  {
                    "meta": {
                      "name": "PartID"
                    },
                    "position": {
                      "basis": "30%",
                      "grow": 1
                    },
                    "props": {
                      "style": {
                        "classes": "Global/MarginBottom Global/MarginLeft TextFields/Root TextFields/TextTitle"
                      },
                      "text": "Location",
                      "textStyle": {
                        "fontWeight": "bold",
                        "textAlign": "left"
                      }
                    },
                    "type": "ia.display.label"
                  },
                  {
                    "meta": {
                      "name": "OrderNumber"
                    },
                    "position": {
                      "basis": "70%",
                      "grow": 1
                    },
                    "propConfig": {
                      "props.text": {
                        "binding": {
                          "config": {
                            "expression": "{..../Item1.custom.Item}"
                          },
                          "transforms": [
                            {
                              "code": "\tdata \u003d value\n\tvalue \u003d data.getValueAt(0, 6)\n\tvalue \u003d value if value !\u003d None else \u0027\u0027\n\t\n\treturn value",
                              "type": "script"
                            }
                          ],
                          "type": "expr"
                        }
                      }
                    },
                    "props": {
                      "style": {
                        "classes": "Global/MarginBottom Global/MarginLeft TextFields/Root TextFields/TextTitle"
                      },
                      "textStyle": {
                        "classes": "TextFields/TextTitle",
                        "textAlign": "left"
                      }
                    },
                    "type": "ia.display.label"
                  }
                ],
                "meta": {
                  "name": "Item Detail 8"
                },
                "propConfig": {
                  "position.display": {
                    "binding": {
                      "config": {
                        "expression": "if({...../SelectedItems/FlexContainer/PartIDEntry.props.text} \u003d \u0027\u0027 || isNull({...../SelectedItems/FlexContainer/PartIDEntry.props.text})|| isNull({./OrderNumber.props.text}), false, true)"
                      },
                      "enabled": false,
                      "type": "expr"
                    }
                  }
                },
                "type": "ia.container.flex"
              }
            ],
            "meta": {
              "name": "Item1"
            },
            "position": {
              "grow": 1
            },
            "propConfig": {
              "custom.Item": {
                "binding": {
                  "config": {
                    "expression": "runScript(\"mes.trace.sp.getParts\", 0, None, None, {view.custom.Label}, True, None, None, None, None, False, False)\r\n///(StartTime \u003d None, EndTime \u003d None, Label \u003d None, LabelExactMatch \u003d False, ProductCodeID \u003d None, Workorder \u003d None, InventoryID \u003d None, AccumulatorID \u003d None, GetCompletedOnly \u003d False, GetWIPOnly \u003d False):\r\n"
                  },
                  "type": "expr"
                }
              },
              "position.display": {
                "binding": {
                  "config": {
                    "path": "view.custom.Label"
                  },
                  "transforms": [
                    {
                      "expression": "if({value} !\u003d \u0027\u0027, true, false)",
                      "type": "expression"
                    }
                  ],
                  "type": "property"
                }
              }
            },
            "props": {
              "direction": "column",
              "justify": "center"
            },
            "type": "ia.container.flex"
          },
          {
            "events": {
              "dom": {
                "onClick": {
                  "config": {
                    "draggable": true,
                    "id": "VzGFUqXq",
                    "modal": true,
                    "overlayDismiss": true,
                    "resizable": true,
                    "showCloseIcon": true,
                    "type": "open",
                    "viewPath": "App/TrackAndTrace/History/Embedded/FilterPopup",
                    "viewportBound": false
                  },
                  "scope": "C",
                  "type": "popup"
                }
              }
            },
            "meta": {
              "name": "SelectPart"
            },
            "position": {
              "basis": "42px"
            },
            "props": {
              "params": {
                "BackgroundColor": "value",
                "DisabledPopup": {
                  "message": "Please sign in as quarterback to proceed.",
                  "messageType": "",
                  "payload": {},
                  "title": "Invalid Permissions"
                },
                "Enabled": true,
                "Hover": true,
                "IconPath": "material/check_box",
                "IsSelectable": false,
                "Label": "Select Part",
                "Selected": true,
                "Size": "value",
                "Type": ""
              },
              "path": "GlobalComponents/Buttons/Button",
              "style": {
                "classes": "Global/MarginAllTop Global/MarginBottom Global/MarginLeft Global/MarginRight"
              }
            },
            "type": "ia.display.view"
          }
        ],
        "meta": {
          "name": "Left"
        },
        "props": {
          "direction": "column",
          "style": {
            "classes": "Global/MarginAll"
          }
        },
        "type": "ia.container.flex"
      }
    ],
    "meta": {
      "name": "root"
    },
    "props": {
      "direction": "column"
    },
    "type": "ia.container.flex"
  }
}