{
  "custom": {},
  "params": {
    "SiteId": "value"
  },
  "propConfig": {
    "params.SiteId": {
      "paramDirection": "input",
      "persistent": true
    }
  },
  "props": {
    "defaultSize": {
      "width": 1135
    }
  },
  "root": {
    "children": [
      {
        "children": [
          {
            "meta": {
              "name": "EmbeddedView"
            },
            "position": {
              "basis": "320px",
              "grow": 1
            },
            "props": {
              "path": "App/TrackAndTrace/Accumulators/Embedded/AccumulatorsTree"
            },
            "type": "ia.display.view"
          }
        ],
        "meta": {
          "name": "AccumulatorsTree"
        },
        "position": {
          "basis": "220px"
        },
        "props": {
          "direction": "column"
        },
        "type": "ia.container.flex"
      },
      {
        "children": [
          {
            "custom": {
              "SelectedSite": "value"
            },
            "meta": {
              "name": "EmbeddedView"
            },
            "position": {
              "basis": "320px",
              "grow": 1
            },
            "props": {
              "params": {
                "EqPath": "value",
                "HideTitle": false,
                "Icon": "",
                "IconDisplay": true,
                "Params": {
                  "State": "value"
                },
                "Path": "App/TrackAndTrace/Accumulators/Embedded/AccumulatorsTable",
                "Provider": "value",
                "SizeBasis": "value",
                "TagPath": "value",
                "Title": "QATesting - 0 Parts",
                "Type": "value",
                "useDefaultHeight": false,
                "useDefaultWidth": false
              },
              "path": "GlobalComponents/Cards/Card",
              "style": {
                "classes": "Global/MarginAllRight Global/MarginAllTop Global/MarginBottom Global/MarginLeft"
              }
            },
            "scripts": {
              "customMethods": [],
              "extensionFunctions": null,
              "messageHandlers": [
                {
                  "messageType": "changedInventory",
                  "pageScope": true,
                  "script": "\tself.props.params.Title \u003d payload[\"label\"]",
                  "sessionScope": false,
                  "viewScope": false
                }
              ]
            },
            "type": "ia.display.view"
          }
        ],
        "meta": {
          "name": "Details"
        },
        "position": {
          "basis": "200px",
          "grow": 1
        },
        "props": {
          "style": {
            "marginRight": "8px"
          }
        },
        "type": "ia.container.flex"
      }
    ],
    "meta": {
      "name": "root"
    },
    "type": "ia.container.flex"
  }
}