{
  "custom": {
    "Instances": null,
    "MetadataObject": null
  },
  "params": {
    "value": {}
  },
  "propConfig": {
    "custom.Instances": {
      "binding": {
        "config": {
          "path": "view.custom.MetadataObject"
        },
        "transforms": [
          {
            "code": "\timport json\n\tif value is None:\n\t\tsystem.perspective.print(\"fail\")\n\telse:\n\n\t\n\t\tinstances \u003d []\n\t\tJSON \u003d json.loads(value)\n\t\t\n\t\t\n\t\tfor key in JSON:\n\t\t\tinstances.append({\n\t\t\t\t\"instanceStyle\": {\"classes\": \"\"},\n\t\t\t\t\"instancePosition\": {},\n\t\t\t\t\"Key\": key,\n\t\t\t\t\"Value\": JSON[key]\n\t\t\t})\n\t\t\n\t\treturn instances",
            "type": "script"
          }
        ],
        "type": "property"
      },
      "persistent": true
    },
    "custom.MetadataObject": {
      "binding": {
        "config": {
          "path": "view.params.value"
        },
        "transforms": [
          {
            "code": "\treturn value.Metadata",
            "type": "script"
          }
        ],
        "type": "property"
      },
      "persistent": true
    },
    "params.value": {
      "paramDirection": "input",
      "persistent": true
    }
  },
  "props": {
    "defaultSize": {
      "height": 40,
      "width": 340
    }
  },
  "root": {
    "children": [
      {
        "meta": {
          "name": "Instances"
        },
        "position": {
          "basis": "320px",
          "grow": 1
        },
        "propConfig": {
          "props.instances": {
            "binding": {
              "config": {
                "path": "view.custom.Instances"
              },
              "type": "property"
            }
          }
        },
        "props": {
          "path": "App/TrackAndTrace/History/Embedded/MetadataView",
          "wrap": "wrap"
        },
        "type": "ia.display.flex-repeater"
      }
    ],
    "meta": {
      "name": "root"
    },
    "props": {
      "direction": "column"
    },
    "type": "ia.container.flex"
  }
}