{
  "custom": {
    "TagPath": "value"
  },
  "params": {
    "CellID": "",
    "CellOrder": "value",
    "Disable": "value",
    "KeyCell": "value",
    "LineName": "value",
    "StartingPath": "[GatewayHealth]Gateways/Tag1/",
    "TimeStamp": "value"
  },
  "propConfig": {
    "custom.TagPath": {
      "persistent": true
    },
    "params.CellID": {
      "paramDirection": "input",
      "persistent": true
    },
    "params.CellOrder": {
      "paramDirection": "input",
      "persistent": true
    },
    "params.Disable": {
      "paramDirection": "input",
      "persistent": true
    },
    "params.KeyCell": {
      "paramDirection": "input",
      "persistent": true
    },
    "params.LineName": {
      "paramDirection": "input",
      "persistent": true
    },
    "params.StartingPath": {
      "paramDirection": "input",
      "persistent": true
    },
    "params.TimeStamp": {
      "paramDirection": "input",
      "persistent": true
    }
  },
  "props": {
    "defaultSize": {
      "height": 135,
      "width": 354
    }
  },
  "root": {
    "children": [
      {
        "children": [
          {
            "meta": {
              "name": "Value"
            },
            "position": {
              "shrink": 0
            },
            "propConfig": {
              "props.text": {
                "binding": {
                  "config": {
                    "path": "view.params.LineName"
                  },
                  "type": "property"
                }
              }
            },
            "props": {
              "style": {
                "classes": "Cards/Common/CardTitle"
              }
            },
            "type": "ia.display.label"
          }
        ],
        "meta": {
          "name": "Name"
        },
        "position": {
          "shrink": 0
        },
        "props": {
          "style": {
            "classes": "Cards/Common/CardTitleBorder",
            "overflow": "visible"
          },
          "wrap": "wrap"
        },
        "type": "ia.container.flex"
      },
      {
        "children": [
          {
            "meta": {
              "name": "Label"
            },
            "position": {
              "grow": 1
            },
            "props": {
              "style": {
                "classes": "Cards/Common/CardText"
              },
              "text": "Cell Order"
            },
            "type": "ia.display.label"
          },
          {
            "meta": {
              "name": "Value"
            },
            "propConfig": {
              "props.text": {
                "binding": {
                  "config": {
                    "path": "view.params.CellOrder"
                  },
                  "type": "property"
                }
              }
            },
            "props": {
              "style": {
                "classes": "Cards/Common/CardValue",
                "textAlign": "center"
              }
            },
            "type": "ia.display.label"
          }
        ],
        "meta": {
          "name": "CellOrder"
        },
        "position": {
          "grow": 1
        },
        "props": {
          "style": {
            "overflow": "visible"
          },
          "wrap": "wrap"
        },
        "type": "ia.container.flex"
      },
      {
        "children": [
          {
            "meta": {
              "name": "Label"
            },
            "position": {
              "grow": 1
            },
            "props": {
              "style": {
                "classes": "Cards/Common/CardText"
              },
              "text": "Disable"
            },
            "type": "ia.display.label"
          },
          {
            "meta": {
              "name": "Value"
            },
            "propConfig": {
              "props.text": {
                "binding": {
                  "config": {
                    "path": "view.params.Disable"
                  },
                  "type": "property"
                }
              }
            },
            "props": {
              "style": {
                "classes": "Cards/Common/CardValue",
                "textAlign": "center"
              }
            },
            "type": "ia.display.label"
          }
        ],
        "meta": {
          "name": "Disable"
        },
        "position": {
          "grow": 1
        },
        "props": {
          "style": {
            "classes": "TextFields/TextFieldAlternate",
            "overflow": "visible"
          },
          "wrap": "wrap"
        },
        "type": "ia.container.flex"
      },
      {
        "children": [
          {
            "meta": {
              "name": "Label"
            },
            "position": {
              "grow": 1
            },
            "props": {
              "style": {
                "classes": "Cards/Common/CardText"
              },
              "text": "Key Cell"
            },
            "type": "ia.display.label"
          },
          {
            "meta": {
              "name": "Value"
            },
            "propConfig": {
              "props.text": {
                "binding": {
                  "config": {
                    "path": "view.params.KeyCell"
                  },
                  "type": "property"
                }
              }
            },
            "props": {
              "style": {
                "classes": "Cards/Common/CardValue",
                "textAlign": "center"
              }
            },
            "type": "ia.display.label"
          }
        ],
        "meta": {
          "name": "KeyCell"
        },
        "position": {
          "grow": 1
        },
        "props": {
          "style": {
            "overflow": "visible"
          },
          "wrap": "wrap"
        },
        "type": "ia.container.flex"
      },
      {
        "children": [
          {
            "meta": {
              "name": "Label"
            },
            "position": {
              "grow": 1
            },
            "props": {
              "style": {
                "classes": "Cards/Common/CardText"
              },
              "text": "Time Stamp"
            },
            "type": "ia.display.label"
          },
          {
            "meta": {
              "name": "Value"
            },
            "propConfig": {
              "props.text": {
                "binding": {
                  "config": {
                    "path": "view.params.TimeStamp"
                  },
                  "transforms": [
                    {
                      "formatType": "datetime",
                      "formatValue": {
                        "date": "medium",
                        "time": "medium"
                      },
                      "type": "format"
                    }
                  ],
                  "type": "property"
                }
              }
            },
            "props": {
              "style": {
                "classes": "Cards/Common/CardValue",
                "textAlign": "center"
              }
            },
            "type": "ia.display.label"
          }
        ],
        "meta": {
          "name": "Timestamp"
        },
        "position": {
          "grow": 1
        },
        "props": {
          "style": {
            "classes": "TextFields/TextFieldAlternate",
            "overflow": "visible"
          },
          "wrap": "wrap"
        },
        "type": "ia.container.flex"
      },
      {
        "meta": {
          "name": "Spacer"
        },
        "position": {
          "basis": "5px",
          "shrink": 0
        },
        "type": "ia.display.label"
      }
    ],
    "meta": {
      "name": "root"
    },
    "props": {
      "direction": "column"
    },
    "type": "ia.container.flex"
  }
}