{
  "custom": {
    "Dataset": null,
    "DeleteLabel": "Are you sure you wish to Delete ?",
    "ID": "",
    "Name": null,
    "deleteLabel": "Are you sure you wish to Delete ?"
  },
  "params": {
    "IDDataset": ""
  },
  "propConfig": {
    "custom.Dataset": {
      "binding": {
        "config": {
          "expression": "{view.params.IDDataset}"
        },
        "transforms": [
          {
            "code": "\t################################\n\t##########REV NOTES#############\n\t# Description\n\t# Script to set initial value from idDataset\n\t#\n\t# Initials ... Date ... Change #\n\t# NL ... 01/22/2024 ... Initial Creation\n\t\n\tif value not in [None, \u0027\u0027]:\n\t\tif value.getRowCount() \u003e 0:\n\t\t\tdocument_id \u003d value.getValueAt(0, \"ID\")\n\t\t\tname \u003d value.getValueAt(0, \"Name\")\n\t\t\t\n\t\t\tself.custom.ID \u003d document_id\n\t\t\tself.custom.Name \u003d name\n\telse:\n\t\treturn None",
            "type": "script"
          }
        ],
        "type": "expr"
      },
      "persistent": true
    },
    "custom.DeleteLabel": {
      "binding": {
        "config": {
          "expression": "\"Are you sure you wish to Delete \" + toStr({view.custom.Name}) + \"?\""
        },
        "type": "expr"
      },
      "persistent": true
    },
    "custom.ID": {
      "persistent": true
    },
    "custom.Name": {
      "persistent": true
    },
    "params.IDDataset": {
      "paramDirection": "input",
      "persistent": true
    }
  },
  "props": {
    "defaultSize": {
      "height": 260,
      "width": 380
    }
  },
  "root": {
    "children": [
      {
        "children": [
          {
            "meta": {
              "name": "Label"
            },
            "position": {
              "basis": "61px",
              "grow": 1
            },
            "propConfig": {
              "props.text": {
                "binding": {
                  "config": {
                    "path": "view.custom.DeleteLabel"
                  },
                  "type": "property"
                }
              }
            },
            "props": {
              "textStyle": {
                "fontWeight": "bold",
                "text-align": "center"
              }
            },
            "type": "ia.display.label"
          }
        ],
        "meta": {
          "name": "Row1"
        },
        "position": {
          "basis": "100px"
        },
        "props": {
          "style": {
            "classes": "Global/MarginBottom Global/MarginLeft Global/MarginRight"
          }
        },
        "type": "ia.container.flex"
      },
      {
        "children": [
          {
            "meta": {
              "name": "Label_0"
            },
            "position": {
              "basis": "61px",
              "grow": 1
            },
            "props": {
              "text": "WARNING: This will delete the file completely from the system. Feel free to download the latest before deletion.",
              "textStyle": {
                "color": "#FF0000",
                "fontWeight": "bold",
                "text-align": "center"
              }
            },
            "type": "ia.display.label"
          }
        ],
        "meta": {
          "name": "Row2"
        },
        "position": {
          "basis": "200px"
        },
        "props": {
          "style": {
            "classes": "Global/MarginBottom Global/MarginLeft Global/MarginRight"
          }
        },
        "type": "ia.container.flex"
      },
      {
        "children": [
          {
            "children": [
              {
                "events": {
                  "dom": {
                    "onClick": {
                      "config": {
                        "script": "\t################################\n\t##########REV NOTES#############\n\t# Description\n\t# Script to call delete all versions\n\t#\n\t# Initials ... Date ... Change #\n\t# NL ... 01/23/2024 ... Initial Creation\n\tdocumentID \u003d self.view.custom.ID\n\tgpa.frontEnd.documentManagement.deleteAllDocuments(self, documentID)"
                      },
                      "scope": "G",
                      "type": "script"
                    }
                  }
                },
                "meta": {
                  "name": "ConfirmButton"
                },
                "position": {
                  "basis": "320px"
                },
                "props": {
                  "params": {
                    "BackgroundColor": "value",
                    "Enabled": true,
                    "Hover": true,
                    "IconPath": "material/check",
                    "IsSelectable": false,
                    "Label": "Yes",
                    "Selected": true,
                    "Size": "value",
                    "Type": "value"
                  },
                  "path": "GlobalComponents/Buttons/Button"
                },
                "type": "ia.display.view"
              }
            ],
            "meta": {
              "name": "Confirm"
            },
            "position": {
              "basis": "33.3%",
              "grow": 1
            },
            "props": {
              "style": {
                "classes": "Global/MarginRight"
              }
            },
            "type": "ia.container.flex"
          },
          {
            "children": [
              {
                "events": {
                  "dom": {
                    "onClick": {
                      "config": {
                        "script": "\tsystem.perspective.closePopup(\u0027\u0027)"
                      },
                      "scope": "G",
                      "type": "script"
                    }
                  }
                },
                "meta": {
                  "name": "CancelButton"
                },
                "position": {
                  "basis": "320px"
                },
                "props": {
                  "params": {
                    "BackgroundColor": "value",
                    "Enabled": true,
                    "Hover": true,
                    "IconPath": "material/close",
                    "IsSelectable": false,
                    "Label": "No",
                    "Selected": true,
                    "Size": "value",
                    "Type": "value"
                  },
                  "path": "GlobalComponents/Buttons/Button"
                },
                "type": "ia.display.view"
              }
            ],
            "meta": {
              "name": "Cancel"
            },
            "position": {
              "basis": "33.3%",
              "grow": 1
            },
            "props": {
              "style": {
                "classes": "Global/MarginRight"
              }
            },
            "type": "ia.container.flex"
          },
          {
            "children": [
              {
                "events": {
                  "dom": {
                    "onClick": {
                      "config": {
                        "script": "\tdocumentID \u003d self.session.custom.SelectedDocumentID\n\tgpa.frontEnd.documentManagement.downloadFile(documentID)"
                      },
                      "scope": "G",
                      "type": "script"
                    }
                  }
                },
                "meta": {
                  "name": "DownloadButton"
                },
                "position": {
                  "basis": "320px"
                },
                "props": {
                  "params": {
                    "BackgroundColor": "value",
                    "Enabled": true,
                    "Hover": true,
                    "IconPath": "material/cloud_download",
                    "IsSelectable": false,
                    "Label": "Download",
                    "Selected": true,
                    "Size": "value",
                    "Type": "value"
                  },
                  "path": "GlobalComponents/Buttons/Button"
                },
                "type": "ia.display.view"
              }
            ],
            "meta": {
              "name": "Download"
            },
            "position": {
              "basis": "33.3%",
              "grow": 1
            },
            "type": "ia.container.flex"
          }
        ],
        "meta": {
          "name": "Row3"
        },
        "position": {
          "basis": "80px"
        },
        "props": {
          "justify": "space-around",
          "style": {
            "classes": "Global/MarginBottom Global/MarginLeft Global/MarginRight"
          }
        },
        "type": "ia.container.flex"
      }
    ],
    "meta": {
      "name": "root"
    },
    "props": {
      "direction": "column",
      "justify": "space-evenly",
      "style": {
        "classes": "Global/MarginAllEmbedded"
      }
    },
    "type": "ia.container.flex"
  }
}