{
  "custom": {},
  "params": {
    "selectedAccumulator": 0
  },
  "propConfig": {
    "params.selectedAccumulator": {
      "paramDirection": "input",
      "persistent": true
    }
  },
  "props": {
    "defaultSize": {
      "width": 808
    }
  },
  "root": {
    "children": [
      {
        "children": [
          {
            "children": [
              {
                "meta": {
                  "name": "EmbeddedView"
                },
                "position": {
                  "grow": 1
                },
                "props": {
                  "path": "App/TrackAndTrace/Accumulators/Embedded/ProductCodes"
                },
                "type": "ia.display.view"
              }
            ],
            "meta": {
              "name": "FlexContainer"
            },
            "position": {
              "basis": "322px",
              "display": false,
              "grow": 1,
              "shrink": 0
            },
            "props": {
              "direction": "column"
            },
            "type": "ia.container.flex"
          },
          {
            "children": [
              {
                "custom": {
                  "RotateTimestamp": {
                    "$": [
                      "ts",
                      192,
                      1710973323587
                    ],
                    "$ts": 1710973323587
                  }
                },
                "events": {
                  "dom": {
                    "onClick": {
                      "config": {
                        "script": "\tself.parent.parent.parent.getChild(\"Table/Table\").refreshBinding(\"props.data\")\n\tself.custom.RotateTrigger \u003d True\n\tself.custom.RotateTimestamp \u003d system.date.now()"
                      },
                      "scope": "G",
                      "type": "script"
                    }
                  }
                },
                "meta": {
                  "name": "Refresh",
                  "tooltip": {
                    "enabled": true,
                    "text": "Refresh Dashboard"
                  }
                },
                "position": {
                  "basis": "30px"
                },
                "propConfig": {
                  "custom.RotateTrigger": {
                    "binding": {
                      "config": {
                        "expression": "if(({this.custom.RotateTimestamp} + 500) \u003e now(500), true, false)"
                      },
                      "type": "expr"
                    }
                  },
                  "meta.domId": {
                    "binding": {
                      "config": {
                        "path": "this.custom.RotateTrigger"
                      },
                      "transforms": [
                        {
                          "fallback": "",
                          "inputType": "scalar",
                          "mappings": [
                            {
                              "input": false,
                              "output": ""
                            },
                            {
                              "input": true,
                              "output": "rotating-icon"
                            }
                          ],
                          "outputType": "scalar",
                          "type": "map"
                        }
                      ],
                      "type": "property"
                    }
                  }
                },
                "props": {
                  "color": "white",
                  "path": "material/refresh",
                  "style": {
                    "classes": "Global/MarginRight",
                    "overflow": "hidden",
                    "overflowX": "hidden",
                    "overflowY": "hidden"
                  }
                },
                "type": "ia.display.icon"
              },
              {
                "events": {
                  "dom": {
                    "onClick": [
                      {
                        "config": {
                          "draggable": true,
                          "id": "gNa3CelJ",
                          "modal": true,
                          "overlayDismiss": true,
                          "resizable": true,
                          "showCloseIcon": true,
                          "title": "Add Product",
                          "type": "toggle",
                          "viewParams": {
                            "buttonIcon": "material/add",
                            "buttonText": "Add",
                            "modalId": "gNa3CelJ",
                            "path": "App/TrackAndTrace/Accumulators/Embedded/AddModal",
                            "showHeader": "False"
                          },
                          "viewPath": "GlobalComponents/Modals/MainModal",
                          "viewportBound": true
                        },
                        "enabled": false,
                        "scope": "C",
                        "type": "popup"
                      },
                      {
                        "config": {
                          "draggable": true,
                          "id": "addAccumulators",
                          "modal": true,
                          "overlayDismiss": true,
                          "resizable": true,
                          "showCloseIcon": true,
                          "title": "Add Accumulator",
                          "type": "open",
                          "viewParams": {
                            "ModalName": "addAccumulators"
                          },
                          "viewPath": "App/TrackAndTrace/Accumulators/Embedded/AddModal",
                          "viewportBound": false
                        },
                        "scope": "C",
                        "type": "popup"
                      }
                    ]
                  }
                },
                "meta": {
                  "name": "Add",
                  "tooltip": {
                    "enabled": true,
                    "text": "Add"
                  }
                },
                "position": {
                  "basis": "29px",
                  "shrink": 0
                },
                "props": {
                  "path": "material/add",
                  "style": {
                    "classes": "",
                    "marginRight": 8
                  }
                },
                "type": "ia.display.icon"
              },
              {
                "events": {
                  "dom": {
                    "onClick": {
                      "config": {
                        "draggable": true,
                        "id": "LbOvabCh",
                        "modal": true,
                        "overlayDismiss": true,
                        "position": {
                          "relativeLocation": "bottom-right"
                        },
                        "positionType": "relative",
                        "resizable": true,
                        "showCloseIcon": true,
                        "type": "toggle",
                        "viewPath": "StyleGuide/Modals/SideModal",
                        "viewportBound": true
                      },
                      "scope": "C",
                      "type": "popup"
                    }
                  }
                },
                "meta": {
                  "name": "Edit"
                },
                "position": {
                  "basis": "24px",
                  "display": false,
                  "shrink": 0
                },
                "propConfig": {
                  "props.style.cursor": {
                    "binding": {
                      "config": {
                        "path": ".../Table.props.selection.selectedRow"
                      },
                      "transforms": [
                        {
                          "fallback": "pointer",
                          "inputType": "expression",
                          "mappings": [
                            {
                              "input": "None",
                              "output": "auto"
                            }
                          ],
                          "outputType": "scalar",
                          "type": "map"
                        }
                      ],
                      "type": "property"
                    }
                  }
                },
                "props": {
                  "path": "material/create",
                  "style": {
                    "classes": "",
                    "marginRight": 8
                  }
                },
                "type": "ia.display.icon"
              },
              {
                "events": {
                  "dom": {
                    "onClick": {
                      "config": {
                        "script": "\tselectedRowData \u003d self.parent.parent.parent.getChild(\"Table/Table\").props.selection.data\n\tselectedInventory \u003d self.parent.parent.parent.getChild(\"Table/Table\").custom.selectedAccumulator\n\tlabel \u003d \u0027\u0027\n\tif len(selectedRowData) \u003e 0: label \u003d selectedRowData[0][\u0027Label\u0027]\n\n\terrorParams \u003d {\n\t\t\"ModalName\": \"ErrorModal\",\n\t\t\"ErrorMessage\": \"Please select a row first!\"\n\t}\n\t\n\n\tif len(selectedRowData) \u003e 0:\n\t\tsystem.perspective.openPopup(\n\t\t\t\t\u0027RemovePart\u0027, \n\t\t\t\t\u0027App/TrackAndTrace/Accumulators/Embedded/AddRemovePart\u0027, \n\t\t\t\tparams \u003d {\u0027label\u0027: label, \u0027selectedInventory\u0027: selectedInventory},\n\t\t\t\ttitle\u003d\u0027Remove Part\u0027,\n\t\t\t\tmodal\u003dTrue,\n\t\t\t\toverlayDismiss\u003dTrue)\n\telse:\n\t\tsystem.perspective.openPopup(\"ErrorModal\", \"GlobalComponents/Modals/ErrorModal\", errorParams, modal\u003dFalse, overlayDismiss\u003dTrue)"
                      },
                      "scope": "G",
                      "type": "script"
                    }
                  }
                },
                "meta": {
                  "name": "Delete",
                  "tooltip": {
                    "text": "Remove"
                  }
                },
                "position": {
                  "basis": "27px",
                  "shrink": 0
                },
                "propConfig": {
                  "meta.visible": {
                    "binding": {
                      "config": {
                        "path": "session.custom.accessLevel"
                      },
                      "transforms": [
                        {
                          "code": "\tif value \u003d\u003d \u0027Readonly\u0027:\n\t\treturn False\n\telse:\n\t\treturn True",
                          "type": "script"
                        }
                      ],
                      "type": "property"
                    }
                  },
                  "props.style.cursor": {
                    "binding": {
                      "config": {
                        "path": "..../Table/Table.props.selection.selectedRow"
                      },
                      "transforms": [
                        {
                          "fallback": "pointer",
                          "inputType": "expression",
                          "mappings": [
                            {
                              "input": "None",
                              "output": "auto"
                            }
                          ],
                          "outputType": "scalar",
                          "type": "map"
                        }
                      ],
                      "type": "property"
                    }
                  }
                },
                "props": {
                  "path": "material/delete",
                  "style": {
                    "classes": "",
                    "marginRight": 8
                  }
                },
                "type": "ia.display.icon"
              },
              {
                "events": {
                  "dom": {
                    "onClick": {
                      "config": {
                        "script": "\teditParams \u003d {\n\t\t\"projectId\":  self.view.params.projectId,\n\t\t\"loopTypeName\": self.parent.parent.getChild(\"Table\").custom.loopTypeName,\n\t\t\"loopTypeId\": self.parent.parent.getChild(\"Table\").custom.loopTypeId,\n\t\t\"loopId\":     self.parent.parent.getChild(\"Table\").custom.loopId,\n\t\t\"loopName\":   self.parent.parent.getChild(\"Table\").custom.loopName,\n\t\t\"functionalAreaId\": self.parent.parent.getChild(\"Table\").custom.areaId,\n\t\t\"functionalAreaName\": self.parent.parent.getChild(\"Table\").custom.areaName,\n\t\t\"subAreaId\":  self.parent.parent.getChild(\"Table\").custom.subAreaId,\n\t\t\"projectName\":  self.view.params.projectName,\n\t\t\"loopAlert\": self.parent.parent.getChild(\"Table\").custom.loopAlert,\n\t\t\"loopStatusKey\": self.parent.parent.getChild(\"Table\").custom.loopStatusKey\n\t}\n\t\n\tsystem.perspective.navigate(view\u003d\u0027ConfigTool/LoopConfigs/LoopConfig\u0027, params\u003deditParams)"
                      },
                      "scope": "G",
                      "type": "script"
                    }
                  }
                },
                "meta": {
                  "name": "Rename"
                },
                "position": {
                  "basis": "24px",
                  "display": false,
                  "shrink": 0
                },
                "propConfig": {
                  "props.color": {
                    "binding": {
                      "config": {
                        "path": ".../Table.props.selection.selectedRow"
                      },
                      "transforms": [
                        {
                          "fallback": "#5A5A5A",
                          "inputType": "expression",
                          "mappings": [
                            {
                              "input": "None",
                              "output": "#C9C9C9"
                            }
                          ],
                          "outputType": "scalar",
                          "type": "map"
                        }
                      ],
                      "type": "property"
                    }
                  },
                  "props.style.cursor": {
                    "binding": {
                      "config": {
                        "path": ".../Table.props.selection.selectedRow"
                      },
                      "transforms": [
                        {
                          "fallback": "pointer",
                          "inputType": "expression",
                          "mappings": [
                            {
                              "input": "None",
                              "output": "auto"
                            }
                          ],
                          "outputType": "scalar",
                          "type": "map"
                        }
                      ],
                      "type": "property"
                    }
                  }
                },
                "props": {
                  "path": "material/contact_mail",
                  "style": {
                    "classes": "",
                    "marginRight": 8
                  }
                },
                "type": "ia.display.icon"
              }
            ],
            "meta": {
              "name": "Icons"
            },
            "position": {
              "basis": "450px",
              "grow": 1,
              "shrink": 0
            },
            "props": {
              "justify": "flex-end",
              "style": {
                "overflow": "hidden"
              },
              "wrap": "wrap"
            },
            "type": "ia.container.flex"
          }
        ],
        "meta": {
          "name": "Search"
        },
        "props": {
          "style": {
            "marginRight": "28px"
          }
        },
        "type": "ia.container.flex"
      },
      {
        "children": [
          {
            "custom": {
              "filterCode": "",
              "selectedAccumulator": 0
            },
            "events": {
              "component": {
                "onRowDoubleClick": {
                  "config": {
                    "script": "\tLabel \u003d self.props.selection.data[0].Label\n\tsystem.perspective.navigate(\u0027/trackandtrace/history/\u0027+str(Label))"
                  },
                  "scope": "G",
                  "type": "script"
                }
              }
            },
            "meta": {
              "name": "Table"
            },
            "position": {
              "grow": 1
            },
            "propConfig": {
              "props.data": {
                "binding": {
                  "config": {
                    "path": "this.custom.selectedAccumulator"
                  },
                  "transforms": [
                    {
                      "code": "\tres \u003d []\n\tID \u003d value\n\t#filterCode \u003d self.custom.filterCode\n\t\n\tif value \u003d\u003d \"value\" or value \u003d\u003d \"\" or value \u003d\u003d \"All\":\n\t\tvalue \u003d 0\n\t\n\tres \u003d mes.trace.sp.getParts(AccumulatorID \u003d value)\n\treturn res",
                      "type": "script"
                    }
                  ],
                  "type": "property"
                }
              },
              "props.filter.text": {
                "binding": {
                  "config": {
                    "path": "this.custom.filterCode"
                  },
                  "enabled": false,
                  "transforms": [
                    {
                      "code": "\tif value \u003d\u003d \"All\":\n\t\treturn \"\"\n\telse:\n\t\treturn value",
                      "type": "script"
                    }
                  ],
                  "type": "property"
                }
              }
            },
            "props": {
              "cells": {
                "style": {
                  "marginLeft": "5px",
                  "marginRight": "5p"
                }
              },
              "columns": [
                {
                  "align": "center",
                  "boolean": "checkbox",
                  "dateFormat": "MM/DD/YYYY",
                  "editable": false,
                  "field": "ID",
                  "filter": {
                    "boolean": {
                      "condition": ""
                    },
                    "date": {
                      "condition": "",
                      "value": ""
                    },
                    "enabled": false,
                    "number": {
                      "condition": "",
                      "value": ""
                    },
                    "string": {
                      "condition": "",
                      "value": ""
                    },
                    "visible": "on-hover"
                  },
                  "footer": {
                    "align": "center",
                    "justify": "left",
                    "style": {
                      "classes": ""
                    },
                    "title": ""
                  },
                  "header": {
                    "align": "center",
                    "justify": "left",
                    "style": {
                      "classes": ""
                    },
                    "title": "ID"
                  },
                  "justify": "auto",
                  "number": "value",
                  "numberFormat": "0,0.##",
                  "progressBar": {
                    "bar": {
                      "color": "",
                      "style": {
                        "classes": ""
                      }
                    },
                    "max": 100,
                    "min": 0,
                    "track": {
                      "color": "",
                      "style": {
                        "classes": ""
                      }
                    },
                    "value": {
                      "enabled": true,
                      "format": "0,0.##",
                      "justify": "center",
                      "style": {
                        "classes": ""
                      }
                    }
                  },
                  "render": "auto",
                  "resizable": true,
                  "sort": "none",
                  "sortable": true,
                  "strictWidth": false,
                  "style": {
                    "classes": ""
                  },
                  "toggleSwitch": {
                    "color": {
                      "selected": "",
                      "unselected": ""
                    }
                  },
                  "viewParams": {},
                  "viewPath": "",
                  "visible": false,
                  "width": ""
                },
                {
                  "align": "center",
                  "boolean": "checkbox",
                  "dateFormat": "MM/DD/YYYY",
                  "editable": false,
                  "field": "Label",
                  "filter": {
                    "boolean": {
                      "condition": ""
                    },
                    "date": {
                      "condition": "",
                      "value": ""
                    },
                    "enabled": false,
                    "number": {
                      "condition": "",
                      "value": ""
                    },
                    "string": {
                      "condition": "",
                      "value": ""
                    },
                    "visible": "on-hover"
                  },
                  "footer": {
                    "align": "center",
                    "justify": "left",
                    "style": {
                      "classes": ""
                    },
                    "title": ""
                  },
                  "header": {
                    "align": "center",
                    "justify": "left",
                    "style": {
                      "classes": ""
                    },
                    "title": "Label"
                  },
                  "justify": "auto",
                  "number": "value",
                  "numberFormat": "0,0.##",
                  "progressBar": {
                    "bar": {
                      "color": "",
                      "style": {
                        "classes": ""
                      }
                    },
                    "max": 100,
                    "min": 0,
                    "track": {
                      "color": "",
                      "style": {
                        "classes": ""
                      }
                    },
                    "value": {
                      "enabled": true,
                      "format": "0,0.##",
                      "justify": "center",
                      "style": {
                        "classes": ""
                      }
                    }
                  },
                  "render": "auto",
                  "resizable": true,
                  "sort": "none",
                  "sortable": true,
                  "strictWidth": false,
                  "style": {
                    "classes": ""
                  },
                  "toggleSwitch": {
                    "color": {
                      "selected": "",
                      "unselected": ""
                    }
                  },
                  "viewParams": {},
                  "viewPath": "",
                  "visible": true,
                  "width": ""
                },
                {
                  "align": "center",
                  "boolean": "checkbox",
                  "dateFormat": "MM/DD/YYYY",
                  "editable": false,
                  "field": "ProductCode",
                  "filter": {
                    "boolean": {
                      "condition": ""
                    },
                    "date": {
                      "condition": "",
                      "value": ""
                    },
                    "enabled": false,
                    "number": {
                      "condition": "",
                      "value": ""
                    },
                    "string": {
                      "condition": "",
                      "value": ""
                    },
                    "visible": "on-hover"
                  },
                  "footer": {
                    "align": "center",
                    "justify": "left",
                    "style": {
                      "classes": ""
                    },
                    "title": ""
                  },
                  "header": {
                    "align": "center",
                    "justify": "left",
                    "style": {
                      "classes": ""
                    },
                    "title": "Product Code"
                  },
                  "justify": "auto",
                  "number": "value",
                  "numberFormat": "0,0.##",
                  "progressBar": {
                    "bar": {
                      "color": "",
                      "style": {
                        "classes": ""
                      }
                    },
                    "max": 100,
                    "min": 0,
                    "track": {
                      "color": "",
                      "style": {
                        "classes": ""
                      }
                    },
                    "value": {
                      "enabled": true,
                      "format": "0,0.##",
                      "justify": "center",
                      "style": {
                        "classes": ""
                      }
                    }
                  },
                  "render": "auto",
                  "resizable": true,
                  "sort": "none",
                  "sortable": true,
                  "strictWidth": false,
                  "style": {
                    "classes": ""
                  },
                  "toggleSwitch": {
                    "color": {
                      "selected": "",
                      "unselected": ""
                    }
                  },
                  "viewParams": {},
                  "viewPath": "",
                  "visible": true,
                  "width": ""
                },
                {
                  "align": "center",
                  "boolean": "checkbox",
                  "dateFormat": "MM/DD/YYYY HH:mm:ss",
                  "editable": false,
                  "field": "CreationTime",
                  "filter": {
                    "boolean": {
                      "condition": ""
                    },
                    "date": {
                      "condition": "",
                      "value": ""
                    },
                    "enabled": false,
                    "number": {
                      "condition": "",
                      "value": ""
                    },
                    "string": {
                      "condition": "",
                      "value": ""
                    },
                    "visible": "on-hover"
                  },
                  "footer": {
                    "align": "center",
                    "justify": "left",
                    "style": {
                      "classes": ""
                    },
                    "title": ""
                  },
                  "header": {
                    "align": "center",
                    "justify": "left",
                    "style": {
                      "classes": ""
                    },
                    "title": "Creation Time"
                  },
                  "justify": "auto",
                  "number": "value",
                  "numberFormat": "0,0.##",
                  "progressBar": {
                    "bar": {
                      "color": "",
                      "style": {
                        "classes": ""
                      }
                    },
                    "max": 100,
                    "min": 0,
                    "track": {
                      "color": "",
                      "style": {
                        "classes": ""
                      }
                    },
                    "value": {
                      "enabled": true,
                      "format": "0,0.##",
                      "justify": "center",
                      "style": {
                        "classes": ""
                      }
                    }
                  },
                  "render": "date",
                  "resizable": true,
                  "sort": "none",
                  "sortable": true,
                  "strictWidth": false,
                  "style": {
                    "classes": ""
                  },
                  "toggleSwitch": {
                    "color": {
                      "selected": "",
                      "unselected": ""
                    }
                  },
                  "viewParams": {},
                  "viewPath": "",
                  "visible": true,
                  "width": ""
                },
                {
                  "align": "center",
                  "boolean": "checkbox",
                  "dateFormat": "MM/DD/YYYY",
                  "editable": false,
                  "field": "Accumulator",
                  "filter": {
                    "boolean": {
                      "condition": ""
                    },
                    "date": {
                      "condition": "",
                      "value": ""
                    },
                    "enabled": false,
                    "number": {
                      "condition": "",
                      "value": ""
                    },
                    "string": {
                      "condition": "",
                      "value": ""
                    },
                    "visible": "on-hover"
                  },
                  "footer": {
                    "align": "center",
                    "justify": "left",
                    "style": {
                      "classes": ""
                    },
                    "title": ""
                  },
                  "header": {
                    "align": "center",
                    "justify": "left",
                    "style": {
                      "classes": ""
                    },
                    "title": ""
                  },
                  "justify": "auto",
                  "nullFormat": {
                    "includeNullStrings": true,
                    "nullFormatValue": "",
                    "strict": false
                  },
                  "number": "value",
                  "numberFormat": "0,0.##",
                  "progressBar": {
                    "bar": {
                      "color": "",
                      "style": {
                        "classes": ""
                      }
                    },
                    "max": 100,
                    "min": 0,
                    "track": {
                      "color": "",
                      "style": {
                        "classes": ""
                      }
                    },
                    "value": {
                      "enabled": true,
                      "format": "0,0.##",
                      "justify": "center",
                      "style": {
                        "classes": ""
                      }
                    }
                  },
                  "render": "auto",
                  "resizable": true,
                  "sort": "none",
                  "sortable": true,
                  "strictWidth": false,
                  "style": {
                    "classes": ""
                  },
                  "toggleSwitch": {
                    "color": {
                      "selected": "",
                      "unselected": ""
                    }
                  },
                  "viewParams": {},
                  "viewPath": "",
                  "visible": true,
                  "width": ""
                }
              ],
              "filter": {
                "enabled": true,
                "style": {
                  "display": "inline"
                }
              },
              "nullFormat": {
                "includeNullStrings": true
              }
            },
            "scripts": {
              "customMethods": [],
              "extensionFunctions": null,
              "messageHandlers": [
                {
                  "messageType": "changedAccumulator",
                  "pageScope": true,
                  "script": "\t# implement your handler here\n\tself.custom.selectedAccumulator \u003d payload[\"id\"]\n",
                  "sessionScope": false,
                  "viewScope": false
                },
                {
                  "messageType": "changedProductCode",
                  "pageScope": true,
                  "script": "\tself.custom.filterCode \u003d payload",
                  "sessionScope": false,
                  "viewScope": false
                }
              ]
            },
            "type": "ia.display.table"
          }
        ],
        "meta": {
          "name": "Table"
        },
        "position": {
          "basis": "400px",
          "grow": 1
        },
        "type": "ia.container.flex"
      }
    ],
    "meta": {
      "name": "root"
    },
    "props": {
      "direction": "column"
    },
    "scripts": {
      "customMethods": [],
      "extensionFunctions": null,
      "messageHandlers": [
        {
          "messageType": "TestingRefresh",
          "pageScope": true,
          "script": "\tself.getChild(\"Table\").getChild(\"Table\").refreshBindings(\"props.data\")",
          "sessionScope": true,
          "viewScope": true
        }
      ]
    },
    "type": "ia.container.flex"
  }
}