{
  "custom": {
    "Date": {
      "Enabled": true,
      "EndTime": {
        "$": [
          "ts",
          192,
          1685976350459
        ],
        "$ts": 1685976316776
      },
      "StartTime": null
    },
    "Label": "",
    "ProductCode": "",
    "SelectedLabel": null,
    "Workorder": ""
  },
  "params": {},
  "propConfig": {
    "custom.Date": {
      "persistent": true
    },
    "custom.Label": {
      "persistent": true
    },
    "custom.ProductCode": {
      "persistent": true
    },
    "custom.SelectedLabel": {
      "binding": {
        "config": {
          "path": "/root/Right/Table.props.selection.data[0].Label"
        },
        "type": "property"
      },
      "persistent": true
    },
    "custom.Workorder": {
      "persistent": true
    }
  },
  "props": {
    "defaultSize": {
      "height": 589,
      "width": 1031
    }
  },
  "root": {
    "children": [
      {
        "children": [
          {
            "children": [
              {
                "events": {
                  "component": {
                    "onActionPerformed": {
                      "config": {
                        "script": "\tstate \u003d self.props.selected\n\tif state:\n\t\tself.getSibling(\"StartDate\").props.enabled \u003d False\n\t\tself.getSibling(\"EndDate\").props.enabled \u003d False\n\t\tself.view.custom.Date.Enabled \u003d False\n\telse:\n\t\tself.getSibling(\"StartDate\").props.enabled \u003d True\n\t\tself.getSibling(\"EndDate\").props.enabled \u003d True\n\t\tself.view.custom.Date.Enabled \u003d True"
                      },
                      "scope": "G",
                      "type": "script"
                    }
                  }
                },
                "meta": {
                  "name": "DateCheckbox"
                },
                "position": {
                  "basis": "119px",
                  "display": false
                },
                "props": {
                  "style": {
                    "classes": "Global/MarginBottom Global/MarginLeft "
                  },
                  "text": "Disable Date Filter"
                },
                "type": "ia.input.checkbox"
              },
              {
                "meta": {
                  "name": "Selected Case"
                },
                "position": {
                  "grow": 1
                },
                "props": {
                  "alignVertical": "top",
                  "style": {
                    "classes": "Text/Heading"
                  },
                  "text": "Filters:",
                  "textStyle": {
                    "color": "--callToAction",
                    "textAlign": "center"
                  }
                },
                "type": "ia.display.label"
              },
              {
                "meta": {
                  "name": "PartID"
                },
                "position": {
                  "grow": 1
                },
                "props": {
                  "style": {
                    "classes": "Global/MarginBottom Global/MarginLeft TextFields/Root TextFields/TextTitle"
                  },
                  "text": "SKU/Part Number",
                  "textStyle": {
                    "fontWeight": "bold",
                    "textAlign": "left"
                  }
                },
                "type": "ia.display.label"
              },
              {
                "children": [
                  {
                    "meta": {
                      "name": "PartIDEntry"
                    },
                    "position": {
                      "grow": 1
                    },
                    "props": {
                      "placeholder": "Please Enter Part Number",
                      "style": {
                        "classes": "TextFields/TextField"
                      }
                    },
                    "type": "ia.input.text-field"
                  }
                ],
                "meta": {
                  "name": "FlexContainer"
                },
                "position": {
                  "basis": "42px",
                  "grow": 1
                },
                "type": "ia.container.flex"
              },
              {
                "meta": {
                  "name": "OrderNumber"
                },
                "position": {
                  "grow": 1
                },
                "props": {
                  "style": {
                    "classes": "Global/MarginBottom Global/MarginLeft TextFields/Root TextFields/TextTitle"
                  },
                  "text": "Order Number",
                  "textStyle": {
                    "classes": "TextFields/TextTitle",
                    "textAlign": "left"
                  }
                },
                "type": "ia.display.label"
              },
              {
                "meta": {
                  "name": "OrderEntry"
                },
                "position": {
                  "basis": "35px",
                  "grow": 1
                },
                "propConfig": {
                  "props.enabled": {
                    "binding": {
                      "config": {
                        "expression": "if({parent.custom.edit} \u003d 1, true, false)"
                      },
                      "type": "expr"
                    }
                  }
                },
                "props": {
                  "placeholder": "Please Enter Order Number...",
                  "style": {
                    "classes": "TextFields/TextField"
                  }
                },
                "type": "ia.input.text-field"
              },
              {
                "meta": {
                  "name": "OrderNumber_0"
                },
                "position": {
                  "grow": 1
                },
                "props": {
                  "style": {
                    "classes": "Global/MarginBottom Global/MarginLeft TextFields/Root TextFields/TextTitle"
                  },
                  "text": "Product Code",
                  "textStyle": {
                    "classes": "TextFields/TextTitle",
                    "textAlign": "left"
                  }
                },
                "type": "ia.display.label"
              },
              {
                "custom": {
                  "selectedCode": "Select..."
                },
                "meta": {
                  "name": "Dropdown"
                },
                "position": {
                  "basis": "35px",
                  "grow": 1
                },
                "propConfig": {
                  "props.options": {
                    "binding": {
                      "config": {
                        "expression": "runScript(\"mes.config.sp.getProductCodes\", 0)"
                      },
                      "transforms": [
                        {
                          "code": "\toptions \u003d [{ \"label\": \"All\", \"value\": \"\"  }]\n#\toptions \u003d []\n\tpydata \u003d system.dataset.toPyDataSet(value)\n\t\n\tfor row in pydata:\n\t\tlabel \u003d row[\"label\"]\n\t\tvalue \u003d row[\"value\"]\n\t\toptions.append({ \"label\": label, \"value\": value })\n\t\t\n\treturn options\n\t\t",
                          "type": "script"
                        }
                      ],
                      "type": "expr"
                    }
                  }
                },
                "props": {
                  "placeholder": {
                    "icon": {
                      "path": "material/search"
                    },
                    "text": ""
                  },
                  "style": {
                    "classes": "TextFields/Dropdown",
                    "marginBottom": "10px",
                    "marginTop": "10px",
                    "overflow": "hidden"
                  }
                },
                "type": "ia.input.dropdown"
              },
              {
                "meta": {
                  "name": "StartDateLabel"
                },
                "position": {
                  "grow": 1
                },
                "props": {
                  "style": {
                    "classes": "Global/MarginBottom Global/MarginLeft TextFields/Root TextFields/TextTitle"
                  },
                  "text": "Start Date",
                  "textStyle": {
                    "classes": "TextFields/TextTitle",
                    "textAlign": "left"
                  }
                },
                "type": "ia.display.label"
              },
              {
                "events": {
                  "component": {
                    "onActionPerformed": {
                      "config": {
                        "script": "\tstartTime \u003d self.props.value\n\t\t\n#\tself.view.params.StartTime \u003d startTime\n#\tself.view.custom.Date.StartTime \u003d startTime"
                      },
                      "scope": "G",
                      "type": "script"
                    }
                  }
                },
                "meta": {
                  "name": "StartDate"
                },
                "position": {
                  "basis": "35px",
                  "grow": 1
                },
                "propConfig": {
                  "props.value": {
                    "binding": {
                      "config": {
                        "expression": "addDays(now(100000), -1)"
                      },
                      "enabled": false,
                      "type": "expr"
                    }
                  }
                },
                "props": {
                  "formattedValue": null,
                  "inputProps": {
                    "style": {
                      "classes": "TextFields/DateSelector"
                    }
                  },
                  "modalStyle": {
                    "classes": "TextFields/TextArea"
                  },
                  "style": {
                    "classes": "Global/MarginBottom TextFields/TextArea",
                    "marginLeft": "5px",
                    "marginRight": "5px"
                  }
                },
                "type": "ia.input.date-time-input"
              },
              {
                "meta": {
                  "name": "EndDateLabel"
                },
                "position": {
                  "grow": 1
                },
                "props": {
                  "style": {
                    "classes": "Global/MarginBottom Global/MarginLeft TextFields/Root TextFields/TextTitle"
                  },
                  "text": "End Date",
                  "textStyle": {
                    "classes": "TextFields/TextTitle",
                    "textAlign": "left"
                  }
                },
                "type": "ia.display.label"
              },
              {
                "events": {
                  "component": {
                    "onActionPerformed": {
                      "config": {
                        "script": "\tendTime \u003d self.props.value\n\t\n#\tself.view.params.EndTime \u003d endTime\n\tself.view.custom.Date.EndTime \u003d endTime"
                      },
                      "enabled": false,
                      "scope": "G",
                      "type": "script"
                    }
                  }
                },
                "meta": {
                  "name": "EndDate"
                },
                "position": {
                  "basis": "35px",
                  "grow": 1
                },
                "propConfig": {
                  "props.value": {
                    "binding": {
                      "config": {
                        "expression": "now(100000)"
                      },
                      "type": "expr"
                    }
                  }
                },
                "props": {
                  "formattedValue": "Jan 5, 2024 9:53 AM",
                  "inputProps": {
                    "style": {
                      "classes": "TextFields/DateSelector"
                    }
                  },
                  "modalStyle": {
                    "classes": "TextFields/TextArea"
                  },
                  "style": {
                    "classes": "Global/MarginBottom TextFields/TextArea",
                    "marginLeft": "5px",
                    "marginRight": "5px"
                  }
                },
                "type": "ia.input.date-time-input"
              },
              {
                "events": {
                  "dom": {
                    "onClick": {
                      "config": {
                        "script": " \tstartDate \u003d self.getSibling(\"StartDate\").props.value\n\tendDate \u003d self.getSibling(\"EndDate\").props.value\n\tpartID \u003d self.parent.getChild(\"FlexContainer\").getChild(\"PartIDEntry\").props.text\n\torderNumber \u003d self.getSibling(\"OrderEntry\").props.text\n\tproductcode \u003d self.getSibling(\"Dropdown\").props.value\n\t\n\tself.view.custom.Date.StartTime \u003d startDate\n\tself.view.custom.Date.EndTime \u003d endDate\n\tself.view.custom.Label \u003d partID\n\tself.view.custom.Workorder \u003d orderNumber\n\tself.view.custom.ProductCode \u003d productcode\n\t\n\t\n\t\t\t\n\n#\tif partID is \"\":\n#\t\tpartID \u003d None\n#\t\t\n#\tif label is \"\":\n#\t\tlabel \u003d None\n\t\n#\tif partID !\u003d \"\" or label !\u003d \"\":\n#\t\tself.view.params.startTime \u003d startDate\n#\t\tself.view.params.endTime \u003d endDate\n#\t\tself.view.params.partId \u003d partID\n#\t\tself.view.params.label \u003d label\t\n#\t\t"
                      },
                      "scope": "G",
                      "type": "script"
                    }
                  }
                },
                "meta": {
                  "name": "RunReportBtn"
                },
                "position": {
                  "basis": "42px",
                  "grow": 1
                },
                "props": {
                  "params": {
                    "BackgroundColor": "value",
                    "DisabledPopup": {
                      "message": "Please sign in as quarterback to proceed.",
                      "messageType": "",
                      "payload": {},
                      "title": "Invalid Permissions"
                    },
                    "Enabled": true,
                    "Hover": true,
                    "IconPath": "material/article",
                    "IsSelectable": false,
                    "Label": "Update Filters",
                    "Selected": true,
                    "Size": "value",
                    "Type": ""
                  },
                  "path": "GlobalComponents/Buttons/Button",
                  "style": {
                    "classes": "Global/MarginAllTop Global/MarginLeft Global/MarginRight"
                  }
                },
                "type": "ia.display.view"
              }
            ],
            "custom": {
              "edit": 1
            },
            "meta": {
              "name": "SelectedItems"
            },
            "position": {
              "basis": "300px"
            },
            "props": {
              "direction": "column",
              "style": {
                "classes": "Global/MarginAll"
              }
            },
            "type": "ia.container.flex"
          }
        ],
        "meta": {
          "name": "Left"
        },
        "position": {
          "basis": "250.6px"
        },
        "type": "ia.container.flex"
      },
      {
        "children": [
          {
            "meta": {
              "name": "Table"
            },
            "position": {
              "grow": 1
            },
            "propConfig": {
              "props.data": {
                "binding": {
                  "config": {
                    "expression": "runScript(\"mes.trace.sp.getParts\", 0, \r\n\tif({view.custom.Date.StartTime} \u003d \"\", None, {view.custom.Date.StartTime}), // Start Date\r\n\tif({view.custom.Date.EndTime} \u003d \"\", None, {view.custom.Date.EndTime}), // End Date\r\n\tif({view.custom.Label} \u003d \"\" || {view.custom.Label} \u003d \"None\", None, {view.custom.Label}), // Label\r\n\tFalse, //Label Exact Match\r\n\tif({view.custom.ProductCode} \u003d \"\" || {view.custom.ProductCode} \u003d \"None\", None, {view.custom.ProductCode}),//Product Code ID\r\n\tif({view.custom.Workorder} \u003d \"\" || {view.custom.Workorder} \u003d \"None\", None, {view.custom.Workorder}), //Workorder\r\n\tNone, // InventoryID\r\n\tNone, /// Accumulator ID\r\n\tFalse, //Get Completed Only\r\n\tFalse) /// Get WIP Only\r\n\r\n///getParts(StartTime \u003d None, EndTime \u003d None, Label \u003d None, LabelExactMatch \u003d False, ProductCodeID \u003d None, Workorder \u003d None, InventoryID \u003d None, AccumulatorID \u003d None, GetCompletedOnly \u003d False, GetWIPOnly \u003d False):\r\n\t"
                  },
                  "type": "expr"
                }
              }
            },
            "props": {
              "columns": [
                {
                  "align": "center",
                  "boolean": "checkbox",
                  "dateFormat": "MM/DD/YYYY",
                  "editable": false,
                  "field": "ID",
                  "filter": {
                    "boolean": {
                      "condition": ""
                    },
                    "date": {
                      "condition": "",
                      "value": ""
                    },
                    "enabled": false,
                    "number": {
                      "condition": "",
                      "value": ""
                    },
                    "string": {
                      "condition": "",
                      "value": ""
                    },
                    "visible": "on-hover"
                  },
                  "footer": {
                    "align": "center",
                    "justify": "left",
                    "style": {
                      "classes": ""
                    },
                    "title": ""
                  },
                  "header": {
                    "align": "center",
                    "justify": "left",
                    "style": {
                      "classes": ""
                    },
                    "title": ""
                  },
                  "justify": "auto",
                  "nullFormat": {
                    "includeNullStrings": false,
                    "nullFormatValue": "",
                    "strict": false
                  },
                  "number": "value",
                  "numberFormat": "0,0.##",
                  "progressBar": {
                    "bar": {
                      "color": "",
                      "style": {
                        "classes": ""
                      }
                    },
                    "max": 100,
                    "min": 0,
                    "track": {
                      "color": "",
                      "style": {
                        "classes": ""
                      }
                    },
                    "value": {
                      "enabled": true,
                      "format": "0,0.##",
                      "justify": "center",
                      "style": {
                        "classes": ""
                      }
                    }
                  },
                  "render": "auto",
                  "resizable": true,
                  "sort": "none",
                  "sortable": true,
                  "strictWidth": false,
                  "style": {
                    "classes": ""
                  },
                  "toggleSwitch": {
                    "color": {
                      "selected": "",
                      "unselected": ""
                    }
                  },
                  "viewParams": {},
                  "viewPath": "",
                  "visible": false,
                  "width": ""
                },
                {
                  "align": "center",
                  "boolean": "checkbox",
                  "dateFormat": "MM/DD/YYYY",
                  "editable": false,
                  "field": "Label",
                  "filter": {
                    "boolean": {
                      "condition": ""
                    },
                    "date": {
                      "condition": "",
                      "value": ""
                    },
                    "enabled": false,
                    "number": {
                      "condition": "",
                      "value": ""
                    },
                    "string": {
                      "condition": "",
                      "value": ""
                    },
                    "visible": "on-hover"
                  },
                  "footer": {
                    "align": "center",
                    "justify": "left",
                    "style": {
                      "classes": ""
                    },
                    "title": ""
                  },
                  "header": {
                    "align": "center",
                    "justify": "left",
                    "style": {
                      "classes": ""
                    },
                    "title": "Label"
                  },
                  "justify": "auto",
                  "nullFormat": {
                    "includeNullStrings": false,
                    "nullFormatValue": "",
                    "strict": false
                  },
                  "number": "value",
                  "numberFormat": "0,0.##",
                  "progressBar": {
                    "bar": {
                      "color": "",
                      "style": {
                        "classes": ""
                      }
                    },
                    "max": 100,
                    "min": 0,
                    "track": {
                      "color": "",
                      "style": {
                        "classes": ""
                      }
                    },
                    "value": {
                      "enabled": true,
                      "format": "0,0.##",
                      "justify": "center",
                      "style": {
                        "classes": ""
                      }
                    }
                  },
                  "render": "auto",
                  "resizable": true,
                  "sort": "none",
                  "sortable": true,
                  "strictWidth": false,
                  "style": {
                    "classes": ""
                  },
                  "toggleSwitch": {
                    "color": {
                      "selected": "",
                      "unselected": ""
                    }
                  },
                  "viewParams": {},
                  "viewPath": "",
                  "visible": true,
                  "width": ""
                },
                {
                  "align": "center",
                  "boolean": "checkbox",
                  "dateFormat": "MM/DD/YYYY",
                  "editable": false,
                  "field": "ProductCodeID",
                  "filter": {
                    "boolean": {
                      "condition": ""
                    },
                    "date": {
                      "condition": "",
                      "value": ""
                    },
                    "enabled": false,
                    "number": {
                      "condition": "",
                      "value": ""
                    },
                    "string": {
                      "condition": "",
                      "value": ""
                    },
                    "visible": "on-hover"
                  },
                  "footer": {
                    "align": "center",
                    "justify": "left",
                    "style": {
                      "classes": ""
                    },
                    "title": ""
                  },
                  "header": {
                    "align": "center",
                    "justify": "left",
                    "style": {
                      "classes": ""
                    },
                    "title": ""
                  },
                  "justify": "auto",
                  "nullFormat": {
                    "includeNullStrings": false,
                    "nullFormatValue": "",
                    "strict": false
                  },
                  "number": "value",
                  "numberFormat": "0,0.##",
                  "progressBar": {
                    "bar": {
                      "color": "",
                      "style": {
                        "classes": ""
                      }
                    },
                    "max": 100,
                    "min": 0,
                    "track": {
                      "color": "",
                      "style": {
                        "classes": ""
                      }
                    },
                    "value": {
                      "enabled": true,
                      "format": "0,0.##",
                      "justify": "center",
                      "style": {
                        "classes": ""
                      }
                    }
                  },
                  "render": "auto",
                  "resizable": true,
                  "sort": "none",
                  "sortable": true,
                  "strictWidth": false,
                  "style": {
                    "classes": ""
                  },
                  "toggleSwitch": {
                    "color": {
                      "selected": "",
                      "unselected": ""
                    }
                  },
                  "viewParams": {},
                  "viewPath": "",
                  "visible": false,
                  "width": ""
                },
                {
                  "align": "center",
                  "boolean": "checkbox",
                  "dateFormat": "MM/DD/YYYY",
                  "editable": false,
                  "field": "ProductCode",
                  "filter": {
                    "boolean": {
                      "condition": ""
                    },
                    "date": {
                      "condition": "",
                      "value": ""
                    },
                    "enabled": false,
                    "number": {
                      "condition": "",
                      "value": ""
                    },
                    "string": {
                      "condition": "",
                      "value": ""
                    },
                    "visible": "on-hover"
                  },
                  "footer": {
                    "align": "center",
                    "justify": "left",
                    "style": {
                      "classes": ""
                    },
                    "title": ""
                  },
                  "header": {
                    "align": "center",
                    "justify": "left",
                    "style": {
                      "classes": ""
                    },
                    "title": "Product Code"
                  },
                  "justify": "auto",
                  "nullFormat": {
                    "includeNullStrings": false,
                    "nullFormatValue": "",
                    "strict": false
                  },
                  "number": "value",
                  "numberFormat": "0,0.##",
                  "progressBar": {
                    "bar": {
                      "color": "",
                      "style": {
                        "classes": ""
                      }
                    },
                    "max": 100,
                    "min": 0,
                    "track": {
                      "color": "",
                      "style": {
                        "classes": ""
                      }
                    },
                    "value": {
                      "enabled": true,
                      "format": "0,0.##",
                      "justify": "center",
                      "style": {
                        "classes": ""
                      }
                    }
                  },
                  "render": "auto",
                  "resizable": true,
                  "sort": "none",
                  "sortable": true,
                  "strictWidth": false,
                  "style": {
                    "classes": ""
                  },
                  "toggleSwitch": {
                    "color": {
                      "selected": "",
                      "unselected": ""
                    }
                  },
                  "viewParams": {},
                  "viewPath": "",
                  "visible": true,
                  "width": ""
                },
                {
                  "align": "center",
                  "boolean": "checkbox",
                  "dateFormat": "MM/DD/YYYY",
                  "editable": false,
                  "field": "InventoryID",
                  "filter": {
                    "boolean": {
                      "condition": ""
                    },
                    "date": {
                      "condition": "",
                      "value": ""
                    },
                    "enabled": false,
                    "number": {
                      "condition": "",
                      "value": ""
                    },
                    "string": {
                      "condition": "",
                      "value": ""
                    },
                    "visible": "on-hover"
                  },
                  "footer": {
                    "align": "center",
                    "justify": "left",
                    "style": {
                      "classes": ""
                    },
                    "title": ""
                  },
                  "header": {
                    "align": "center",
                    "justify": "left",
                    "style": {
                      "classes": ""
                    },
                    "title": ""
                  },
                  "justify": "auto",
                  "nullFormat": {
                    "includeNullStrings": false,
                    "nullFormatValue": "",
                    "strict": false
                  },
                  "number": "value",
                  "numberFormat": "0,0.##",
                  "progressBar": {
                    "bar": {
                      "color": "",
                      "style": {
                        "classes": ""
                      }
                    },
                    "max": 100,
                    "min": 0,
                    "track": {
                      "color": "",
                      "style": {
                        "classes": ""
                      }
                    },
                    "value": {
                      "enabled": true,
                      "format": "0,0.##",
                      "justify": "center",
                      "style": {
                        "classes": ""
                      }
                    }
                  },
                  "render": "auto",
                  "resizable": true,
                  "sort": "none",
                  "sortable": true,
                  "strictWidth": false,
                  "style": {
                    "classes": ""
                  },
                  "toggleSwitch": {
                    "color": {
                      "selected": "",
                      "unselected": ""
                    }
                  },
                  "viewParams": {},
                  "viewPath": "",
                  "visible": false,
                  "width": ""
                },
                {
                  "align": "center",
                  "boolean": "checkbox",
                  "dateFormat": "MM/DD/YYYY",
                  "editable": false,
                  "field": "AccumulatorID",
                  "filter": {
                    "boolean": {
                      "condition": ""
                    },
                    "date": {
                      "condition": "",
                      "value": ""
                    },
                    "enabled": false,
                    "number": {
                      "condition": "",
                      "value": ""
                    },
                    "string": {
                      "condition": "",
                      "value": ""
                    },
                    "visible": "on-hover"
                  },
                  "footer": {
                    "align": "center",
                    "justify": "left",
                    "style": {
                      "classes": ""
                    },
                    "title": ""
                  },
                  "header": {
                    "align": "center",
                    "justify": "left",
                    "style": {
                      "classes": ""
                    },
                    "title": ""
                  },
                  "justify": "auto",
                  "nullFormat": {
                    "includeNullStrings": false,
                    "nullFormatValue": "",
                    "strict": false
                  },
                  "number": "value",
                  "numberFormat": "0,0.##",
                  "progressBar": {
                    "bar": {
                      "color": "",
                      "style": {
                        "classes": ""
                      }
                    },
                    "max": 100,
                    "min": 0,
                    "track": {
                      "color": "",
                      "style": {
                        "classes": ""
                      }
                    },
                    "value": {
                      "enabled": true,
                      "format": "0,0.##",
                      "justify": "center",
                      "style": {
                        "classes": ""
                      }
                    }
                  },
                  "render": "auto",
                  "resizable": true,
                  "sort": "none",
                  "sortable": true,
                  "strictWidth": false,
                  "style": {
                    "classes": ""
                  },
                  "toggleSwitch": {
                    "color": {
                      "selected": "",
                      "unselected": ""
                    }
                  },
                  "viewParams": {},
                  "viewPath": "",
                  "visible": false,
                  "width": ""
                },
                {
                  "align": "center",
                  "boolean": "checkbox",
                  "dateFormat": "MM/DD/YYYY",
                  "editable": false,
                  "field": "Accumulator",
                  "filter": {
                    "boolean": {
                      "condition": ""
                    },
                    "date": {
                      "condition": "",
                      "value": ""
                    },
                    "enabled": false,
                    "number": {
                      "condition": "",
                      "value": ""
                    },
                    "string": {
                      "condition": "",
                      "value": ""
                    },
                    "visible": "on-hover"
                  },
                  "footer": {
                    "align": "center",
                    "justify": "left",
                    "style": {
                      "classes": ""
                    },
                    "title": ""
                  },
                  "header": {
                    "align": "center",
                    "justify": "left",
                    "style": {
                      "classes": ""
                    },
                    "title": "Accumulator"
                  },
                  "justify": "auto",
                  "nullFormat": {
                    "includeNullStrings": true,
                    "nullFormatValue": "",
                    "strict": true
                  },
                  "number": "value",
                  "numberFormat": "0,0.##",
                  "progressBar": {
                    "bar": {
                      "color": "",
                      "style": {
                        "classes": ""
                      }
                    },
                    "max": 100,
                    "min": 0,
                    "track": {
                      "color": "",
                      "style": {
                        "classes": ""
                      }
                    },
                    "value": {
                      "enabled": true,
                      "format": "0,0.##",
                      "justify": "center",
                      "style": {
                        "classes": ""
                      }
                    }
                  },
                  "render": "auto",
                  "resizable": true,
                  "sort": "none",
                  "sortable": true,
                  "strictWidth": false,
                  "style": {
                    "classes": ""
                  },
                  "toggleSwitch": {
                    "color": {
                      "selected": "",
                      "unselected": ""
                    }
                  },
                  "viewParams": {},
                  "viewPath": "",
                  "visible": true,
                  "width": ""
                },
                {
                  "align": "center",
                  "boolean": "checkbox",
                  "dateFormat": "MM/DD/YYYY",
                  "editable": false,
                  "field": "WorkOrder",
                  "filter": {
                    "boolean": {
                      "condition": ""
                    },
                    "date": {
                      "condition": "",
                      "value": ""
                    },
                    "enabled": false,
                    "number": {
                      "condition": "",
                      "value": ""
                    },
                    "string": {
                      "condition": "",
                      "value": ""
                    },
                    "visible": "on-hover"
                  },
                  "footer": {
                    "align": "center",
                    "justify": "left",
                    "style": {
                      "classes": ""
                    },
                    "title": ""
                  },
                  "header": {
                    "align": "center",
                    "justify": "left",
                    "style": {
                      "classes": ""
                    },
                    "title": "Work Order"
                  },
                  "justify": "auto",
                  "nullFormat": {
                    "includeNullStrings": false,
                    "nullFormatValue": "",
                    "strict": false
                  },
                  "number": "value",
                  "numberFormat": "0,0.##",
                  "progressBar": {
                    "bar": {
                      "color": "",
                      "style": {
                        "classes": ""
                      }
                    },
                    "max": 100,
                    "min": 0,
                    "track": {
                      "color": "",
                      "style": {
                        "classes": ""
                      }
                    },
                    "value": {
                      "enabled": true,
                      "format": "0,0.##",
                      "justify": "center",
                      "style": {
                        "classes": ""
                      }
                    }
                  },
                  "render": "auto",
                  "resizable": true,
                  "sort": "none",
                  "sortable": true,
                  "strictWidth": false,
                  "style": {
                    "classes": ""
                  },
                  "toggleSwitch": {
                    "color": {
                      "selected": "",
                      "unselected": ""
                    }
                  },
                  "viewParams": {},
                  "viewPath": "",
                  "visible": true,
                  "width": ""
                },
                {
                  "align": "center",
                  "boolean": "checkbox",
                  "dateFormat": "MM/DD/YYYY",
                  "editable": false,
                  "field": "Inventory",
                  "filter": {
                    "boolean": {
                      "condition": ""
                    },
                    "date": {
                      "condition": "",
                      "value": ""
                    },
                    "enabled": false,
                    "number": {
                      "condition": "",
                      "value": ""
                    },
                    "string": {
                      "condition": "",
                      "value": ""
                    },
                    "visible": "on-hover"
                  },
                  "footer": {
                    "align": "center",
                    "justify": "left",
                    "style": {
                      "classes": ""
                    },
                    "title": ""
                  },
                  "header": {
                    "align": "center",
                    "justify": "left",
                    "style": {
                      "classes": ""
                    },
                    "title": "Inventory"
                  },
                  "justify": "auto",
                  "nullFormat": {
                    "includeNullStrings": true,
                    "nullFormatValue": "",
                    "strict": true
                  },
                  "number": "value",
                  "numberFormat": "0,0.##",
                  "progressBar": {
                    "bar": {
                      "color": "",
                      "style": {
                        "classes": ""
                      }
                    },
                    "max": 100,
                    "min": 0,
                    "track": {
                      "color": "",
                      "style": {
                        "classes": ""
                      }
                    },
                    "value": {
                      "enabled": true,
                      "format": "0,0.##",
                      "justify": "center",
                      "style": {
                        "classes": ""
                      }
                    }
                  },
                  "render": "auto",
                  "resizable": true,
                  "sort": "none",
                  "sortable": true,
                  "strictWidth": false,
                  "style": {
                    "classes": ""
                  },
                  "toggleSwitch": {
                    "color": {
                      "selected": "",
                      "unselected": ""
                    }
                  },
                  "viewParams": {},
                  "viewPath": "",
                  "visible": true,
                  "width": ""
                },
                {
                  "align": "center",
                  "boolean": "checkbox",
                  "dateFormat": "MM/DD/YYYY",
                  "editable": false,
                  "field": "CreationTime",
                  "filter": {
                    "boolean": {
                      "condition": ""
                    },
                    "date": {
                      "condition": "",
                      "value": ""
                    },
                    "enabled": false,
                    "number": {
                      "condition": "",
                      "value": ""
                    },
                    "string": {
                      "condition": "",
                      "value": ""
                    },
                    "visible": "on-hover"
                  },
                  "footer": {
                    "align": "center",
                    "justify": "left",
                    "style": {
                      "classes": ""
                    },
                    "title": ""
                  },
                  "header": {
                    "align": "center",
                    "justify": "left",
                    "style": {
                      "classes": ""
                    },
                    "title": "Creation Time"
                  },
                  "justify": "auto",
                  "nullFormat": {
                    "includeNullStrings": false,
                    "nullFormatValue": "",
                    "strict": false
                  },
                  "number": "value",
                  "numberFormat": "0,0.##",
                  "progressBar": {
                    "bar": {
                      "color": "",
                      "style": {
                        "classes": ""
                      }
                    },
                    "max": 100,
                    "min": 0,
                    "track": {
                      "color": "",
                      "style": {
                        "classes": ""
                      }
                    },
                    "value": {
                      "enabled": true,
                      "format": "0,0.##",
                      "justify": "center",
                      "style": {
                        "classes": ""
                      }
                    }
                  },
                  "render": "auto",
                  "resizable": true,
                  "sort": "none",
                  "sortable": true,
                  "strictWidth": false,
                  "style": {
                    "classes": ""
                  },
                  "toggleSwitch": {
                    "color": {
                      "selected": "",
                      "unselected": ""
                    }
                  },
                  "viewParams": {},
                  "viewPath": "",
                  "visible": true,
                  "width": ""
                }
              ],
              "filter": {
                "enabled": true
              }
            },
            "type": "ia.display.table"
          },
          {
            "children": [
              {
                "children": [
                  {
                    "meta": {
                      "name": "PartID"
                    },
                    "props": {
                      "style": {
                        "classes": "Global/MarginBottom Global/MarginLeft TextFields/Root TextFields/TextTitle"
                      },
                      "text": "Please click on any row above to select a part number...",
                      "textStyle": {
                        "fontWeight": "bold",
                        "textAlign": "left"
                      }
                    },
                    "type": "ia.display.label"
                  }
                ],
                "meta": {
                  "name": "FlexContainer_0"
                },
                "propConfig": {
                  "position.display": {
                    "binding": {
                      "config": {
                        "expression": "if(len({.../Table.props.selection.data}) \u003e 0, false, true)"
                      },
                      "type": "expr"
                    }
                  }
                },
                "type": "ia.container.flex"
              },
              {
                "children": [
                  {
                    "meta": {
                      "name": "PartID"
                    },
                    "props": {
                      "style": {
                        "classes": "Global/MarginBottom Global/MarginLeft TextFields/Root TextFields/TextTitle"
                      },
                      "text": "Selected Part:",
                      "textStyle": {
                        "fontWeight": "bold",
                        "textAlign": "left"
                      }
                    },
                    "type": "ia.display.label"
                  },
                  {
                    "meta": {
                      "name": "OrderNumber"
                    },
                    "position": {
                      "grow": 1
                    },
                    "propConfig": {
                      "props.text": {
                        "binding": {
                          "config": {
                            "path": "..../Table.props.selection.data[0].Label"
                          },
                          "type": "property"
                        }
                      }
                    },
                    "props": {
                      "style": {
                        "classes": "Global/MarginBottom Global/MarginLeft TextFields/Root TextFields/TextTitle"
                      },
                      "textStyle": {
                        "classes": "TextFields/TextTitle",
                        "textAlign": "left"
                      }
                    },
                    "type": "ia.display.label"
                  }
                ],
                "meta": {
                  "name": "FlexContainer"
                },
                "propConfig": {
                  "position.display": {
                    "binding": {
                      "config": {
                        "expression": "if(len({.../Table.props.selection.data}) \u003e 0, true, false)"
                      },
                      "type": "expr"
                    }
                  }
                },
                "type": "ia.container.flex"
              },
              {
                "children": [
                  {
                    "children": [
                      {
                        "events": {
                          "dom": {
                            "onClick": {
                              "config": {
                                "script": "\tSelectedLabel \u003d self.view.custom.SelectedLabel\n\tsystem.perspective.closePopup(\"\")\n\tsystem.perspective.navigate(view \u003d \u0027App/TrackAndTrace/History/FullView\u0027, params \u003d {\u0027Label\u0027:SelectedLabel})"
                              },
                              "scope": "G",
                              "type": "script"
                            }
                          }
                        },
                        "meta": {
                          "name": "SaveButton"
                        },
                        "position": {
                          "grow": 1
                        },
                        "propConfig": {
                          "position.display": {
                            "binding": {
                              "config": {
                                "expression": "if(len({...../Table.props.selection.data}) \u003e 0, true, false)"
                              },
                              "type": "expr"
                            }
                          }
                        },
                        "props": {
                          "params": {
                            "Label": "Select Part",
                            "backgroundColor": "value",
                            "disabledPopup": {
                              "message": "Please sign in as quarterback to proceed.",
                              "messageType": "",
                              "payload": {},
                              "title": "Invalid Permissions"
                            },
                            "enabled": true,
                            "hover": true,
                            "iconPath": "material/add",
                            "isSelectable": false,
                            "label": "Add",
                            "selected": true,
                            "size": "142px",
                            "type": "normalsuccess"
                          },
                          "path": "GlobalComponents/Buttons/Button",
                          "style": {
                            "marginRight": "8px"
                          }
                        },
                        "type": "ia.display.view"
                      }
                    ],
                    "meta": {
                      "name": "Save"
                    },
                    "position": {
                      "basis": "50%",
                      "grow": 1
                    },
                    "type": "ia.container.flex"
                  },
                  {
                    "children": [
                      {
                        "events": {
                          "dom": {
                            "onClick": {
                              "config": {
                                "script": "\tsystem.perspective.closePopup(\"\")"
                              },
                              "scope": "G",
                              "type": "script"
                            }
                          }
                        },
                        "meta": {
                          "name": "CancelButton"
                        },
                        "position": {
                          "grow": 1
                        },
                        "props": {
                          "params": {
                            "IconPath": "material/cancel",
                            "Label": "Cancel",
                            "backgroundColor": "value",
                            "disabledPopup": {
                              "message": "Please sign in as quarterback to proceed.",
                              "messageType": "",
                              "payload": {},
                              "title": "Invalid Permissions"
                            },
                            "enabled": true,
                            "hover": true,
                            "isSelectable": false,
                            "label": "Cancel",
                            "selected": true,
                            "size": "value",
                            "type": "normalfail"
                          },
                          "path": "GlobalComponents/Buttons/Button"
                        },
                        "type": "ia.display.view"
                      }
                    ],
                    "meta": {
                      "name": "Cancel"
                    },
                    "position": {
                      "basis": "50%",
                      "grow": 1
                    },
                    "props": {
                      "direction": "column"
                    },
                    "type": "ia.container.flex"
                  }
                ],
                "meta": {
                  "name": "Footer"
                },
                "position": {
                  "grow": 1
                },
                "type": "ia.container.flex"
              }
            ],
            "meta": {
              "name": "FlexContainer"
            },
            "props": {
              "direction": "column",
              "style": {
                "classes": "Global/MarginTop"
              }
            },
            "type": "ia.container.flex"
          }
        ],
        "meta": {
          "name": "Right"
        },
        "position": {
          "grow": 1
        },
        "props": {
          "direction": "column",
          "style": {
            "classes": "Global/MarginAll"
          }
        },
        "type": "ia.container.flex"
      }
    ],
    "meta": {
      "name": "root"
    },
    "type": "ia.container.flex"
  }
}