{
  "custom": {
    "InventoryName": {
      "$": [
        "ds",
        192,
        1702583724011
      ],
      "$columns": [
        {
          "data": [
            1
          ],
          "name": "ID",
          "type": "Integer"
        },
        {
          "data": [
            "QA Test Accumulator"
          ],
          "name": "Name",
          "type": "String"
        },
        {
          "data": [
            2
          ],
          "name": "NoOfParts",
          "type": "Integer"
        }
      ]
    },
    "SelectedInventory": "QA Test Accumulator",
    "SiteId": 9
  },
  "params": {
    "InventoryID": 1,
    "ModalName": "value"
  },
  "propConfig": {
    "custom.InventoryName": {
      "binding": {
        "config": {
          "expression": "runscript(\u0027mes.trace.sp.getAccumulators\u0027,0 ,{view.custom.SiteId})"
        },
        "type": "expr"
      },
      "persistent": true
    },
    "custom.SelectedInventory": {
      "binding": {
        "config": {
          "path": "view.custom.InventoryName"
        },
        "transforms": [
          {
            "code": "# Convert the value to a PyDataSet if it\u0027s not already\n\t\tvalue \u003d system.dataset.toPyDataSet(value)\n\t\t\n\t\t# Iterate through the rows in the dataset\n\t\tfor row in value:\n\t\t    # Check if the \u0027ID\u0027 column matches the \u0027InventoryID\u0027 parameter\n\t\t    if row[\u0027ID\u0027] \u003d\u003d self.params.InventoryID:\n\t\t        # Return the \u0027NAME\u0027 column value for the matching row\n\t\t        return row[\u0027NAME\u0027]\n\t\t\n\t\t# If no matching row is found, you can return a default value or handle it as needed\n\t\treturn \"No matching InventoryID found\"",
            "type": "script"
          }
        ],
        "type": "property"
      },
      "persistent": true
    },
    "custom.SiteId": {
      "binding": {
        "config": {
          "path": "session.custom.SelectedSite"
        },
        "type": "property"
      },
      "persistent": true
    },
    "params.InventoryID": {
      "paramDirection": "input",
      "persistent": true
    },
    "params.ModalName": {
      "paramDirection": "input",
      "persistent": true
    }
  },
  "props": {
    "defaultSize": {
      "height": 172,
      "width": 427
    }
  },
  "root": {
    "children": [
      {
        "children": [
          {
            "children": [
              {
                "meta": {
                  "name": "Label"
                },
                "position": {
                  "grow": 1
                },
                "props": {
                  "style": {
                    "classes": "Global/MarginBottom"
                  },
                  "text": "Do you wish to delete the following inventory?",
                  "textStyle": {
                    "fontWeight": "bold",
                    "textAlign": "center"
                  }
                },
                "type": "ia.display.label"
              }
            ],
            "meta": {
              "name": "Title"
            },
            "props": {
              "style": {
                "overflow": "hidden"
              }
            },
            "type": "ia.container.flex"
          },
          {
            "children": [
              {
                "children": [
                  {
                    "events": {
                      "dom": {
                        "onClick": {
                          "config": {
                            "script": "\tself.props.style.classes \u003d gpa.frontEnd.localUI.Constants.TEXT_NORMAL\n\tself.getSibling(\"ValidationIcon\").position.display \u003d False\n\tself.parent.parent.getChild(\"ErrorValidation\").position.display \u003d False"
                          },
                          "enabled": false,
                          "scope": "G",
                          "type": "script"
                        }
                      }
                    },
                    "meta": {
                      "name": "TextField"
                    },
                    "position": {
                      "basis": "150px",
                      "grow": 1
                    },
                    "propConfig": {
                      "props.text": {
                        "binding": {
                          "config": {
                            "path": "view.custom.SelectedInventory"
                          },
                          "type": "property"
                        },
                        "onChange": {
                          "enabled": null,
                          "script": "\tif previousValue !\u003d currentValue:\n\t\t\tself.parent.parent.getChild(\"ErrorValidation\").position.display \u003d False\t"
                        }
                      }
                    },
                    "props": {
                      "enabled": false,
                      "placeholder": "...",
                      "style": {
                        "classes": "TextFields/TextField"
                      }
                    },
                    "type": "ia.input.text-field"
                  },
                  {
                    "meta": {
                      "name": "ValidationIcon"
                    },
                    "position": {
                      "basis": "25px",
                      "display": false
                    },
                    "props": {
                      "params": {
                        "Icon": "material/error",
                        "Type": "fail"
                      },
                      "path": "GlobalComponents/Icons/IconMain"
                    },
                    "type": "ia.display.view"
                  }
                ],
                "meta": {
                  "name": "Content"
                },
                "position": {
                  "basis": "40px",
                  "shrink": 0
                },
                "type": "ia.container.flex"
              },
              {
                "children": [
                  {
                    "meta": {
                      "name": "Label"
                    },
                    "position": {
                      "basis": "419px",
                      "display": false
                    },
                    "props": {
                      "style": {
                        "classes": "TextFields/ErrorText"
                      },
                      "text": "Please check for valid input"
                    },
                    "type": "ia.display.label"
                  }
                ],
                "meta": {
                  "name": "ErrorValidation"
                },
                "position": {
                  "basis": "40px",
                  "display": false,
                  "grow": 1
                },
                "type": "ia.container.flex"
              }
            ],
            "meta": {
              "name": "Input"
            },
            "position": {
              "basis": "58.6px"
            },
            "propConfig": {
              "position.display": {
                "binding": {
                  "config": {
                    "path": "view.params.type"
                  },
                  "transforms": [
                    {
                      "fallback": true,
                      "inputType": "scalar",
                      "mappings": [
                        {
                          "input": "add",
                          "output": true
                        },
                        {
                          "input": "remove",
                          "output": false
                        }
                      ],
                      "outputType": "scalar",
                      "type": "map"
                    }
                  ],
                  "type": "property"
                }
              }
            },
            "props": {
              "direction": "column"
            },
            "type": "ia.container.flex"
          }
        ],
        "meta": {
          "name": "Label"
        },
        "position": {
          "grow": 1
        },
        "props": {
          "direction": "column"
        },
        "type": "ia.container.flex"
      },
      {
        "children": [
          {
            "children": [
              {
                "events": {
                  "dom": {
                    "onClick": {
                      "config": {
                        "script": "\ttry:\n\t    # Grabs values from inputs\n\t    inventoryID \u003d self.view.params.InventoryID\n\t    \n\t    if inventoryID \u003c\u003d 0: raise Exception(\u0027Accumulator is Empty Please try again\u0027)\n\t        \n\t    if inventoryID \u003e 0:\n\t\t\tres \u003d mes.trace.sp.RemoveAccumulator(inventoryID)\n\t\t\tsystem.perspective.print(res)\n\t\t\tsystem.perspective.print(\"sending data\")\n\t\t\tsystem.perspective.closePopup(self.view.params.ModalName)\n\t\n\t    messageType \u003d \u0027refreshTable\u0027\n\t    payload \u003d {}\n\t    system.perspective.sendMessage(messageType, payload, scope \u003d \u0027session\u0027)\n\t    system.perspective.sendMessage(\u0027refreshInventoryTree\u0027, payload, scope \u003d \u0027session\u0027)\n\texcept Exception as e:\n\t    raise e"
                      },
                      "scope": "G",
                      "type": "script"
                    }
                  }
                },
                "meta": {
                  "name": "SaveButton"
                },
                "position": {
                  "grow": 1
                },
                "props": {
                  "params": {
                    "Label": "Delete Inventory",
                    "backgroundColor": "value",
                    "disabledPopup": {
                      "message": "Please sign in as quarterback to proceed.",
                      "messageType": "",
                      "payload": {},
                      "title": "Invalid Permissions"
                    },
                    "enabled": true,
                    "hover": true,
                    "iconPath": "material/add",
                    "isSelectable": false,
                    "label": "Add",
                    "selected": true,
                    "size": "142px",
                    "type": "normalsuccess"
                  },
                  "path": "GlobalComponents/Buttons/Button",
                  "style": {
                    "marginRight": "8px"
                  }
                },
                "type": "ia.display.view"
              }
            ],
            "meta": {
              "name": "Save"
            },
            "position": {
              "basis": "50%",
              "grow": 1
            },
            "type": "ia.container.flex"
          },
          {
            "children": [
              {
                "events": {
                  "dom": {
                    "onClick": {
                      "config": {
                        "script": "\tsystem.perspective.closePopup(self.view.params.ModalName)"
                      },
                      "scope": "G",
                      "type": "script"
                    }
                  }
                },
                "meta": {
                  "name": "CancelButton"
                },
                "position": {
                  "grow": 1
                },
                "props": {
                  "params": {
                    "IconPath": "material/cancel",
                    "Label": "Cancel",
                    "backgroundColor": "value",
                    "disabledPopup": {
                      "message": "Please sign in as quarterback to proceed.",
                      "messageType": "",
                      "payload": {},
                      "title": "Invalid Permissions"
                    },
                    "enabled": true,
                    "hover": true,
                    "isSelectable": false,
                    "label": "Cancel",
                    "selected": true,
                    "size": "value",
                    "type": "normalfail"
                  },
                  "path": "GlobalComponents/Buttons/Button"
                },
                "type": "ia.display.view"
              }
            ],
            "meta": {
              "name": "Cancel"
            },
            "position": {
              "basis": "50%",
              "grow": 1
            },
            "props": {
              "direction": "column"
            },
            "type": "ia.container.flex"
          }
        ],
        "meta": {
          "name": "Footer"
        },
        "position": {
          "basis": "42px"
        },
        "type": "ia.container.flex"
      }
    ],
    "events": {
      "dom": {
        "onClick": {
          "config": {
            "script": "\tsystem.perspective.print(self.view.params)"
          },
          "scope": "G",
          "type": "script"
        }
      }
    },
    "meta": {
      "name": "root"
    },
    "props": {
      "direction": "column",
      "style": {
        "classes": "Global/MarginAll"
      }
    },
    "type": "ia.container.flex"
  }
}