{
  "custom": {
    "RolesDataset": {
      "$": [
        "ds",
        192,
        1713557781445
      ],
      "$columns": [
        {
          "data": [
            4,
            3
          ],
          "name": "ID",
          "type": "Integer"
        },
        {
          "data": [
            "Administrator",
            "Manager"
          ],
          "name": "Role",
          "type": "String"
        },
        {
          "data": [
            true,
            true
          ],
          "name": "ViewAccess",
          "type": "Boolean"
        },
        {
          "data": [
            true,
            false
          ],
          "name": "AddUpdateAccess",
          "type": "Boolean"
        },
        {
          "data": [
            true,
            false
          ],
          "name": "DeleteAccess",
          "type": "Boolean"
        },
        {
          "data": [
            false,
            false
          ],
          "name": "Reviewer",
          "type": "Boolean"
        },
        {
          "data": [
            1713458175000,
            1713229114000
          ],
          "name": "RowUpdated",
          "type": "Date"
        }
      ]
    },
    "UserDataset": {
      "$": [
        "ds",
        192,
        1713557781437
      ],
      "$columns": [
        {
          "data": [
            2,
            7,
            4
          ],
          "name": "ID",
          "type": "Integer"
        },
        {
          "data": [
            "nleonard",
            "Test1",
            "tturner"
          ],
          "name": "Username",
          "type": "String"
        },
        {
          "data": [
            false,
            false,
            true
          ],
          "name": "ViewAccess",
          "type": "Boolean"
        },
        {
          "data": [
            false,
            false,
            true
          ],
          "name": "AddUpdateAccess",
          "type": "Boolean"
        },
        {
          "data": [
            false,
            false,
            true
          ],
          "name": "DeleteAccess",
          "type": "Boolean"
        },
        {
          "data": [
            true,
            false,
            true
          ],
          "name": "Reviewer",
          "type": "Boolean"
        },
        {
          "data": [
            1712794810000,
            1713555028000,
            1712557380000
          ],
          "name": "RowUpdated",
          "type": "Date"
        }
      ]
    },
    "UserRoleID": -1
  },
  "params": {
    "SelectedRow": null,
    "TableDataset": {
      "$": [
        "ds",
        192,
        1713557781445
      ],
      "$columns": [
        {
          "data": [
            4,
            3
          ],
          "name": "ID",
          "type": "Integer"
        },
        {
          "data": [
            "Administrator",
            "Manager"
          ],
          "name": "Role",
          "type": "String"
        },
        {
          "data": [
            true,
            true
          ],
          "name": "ViewAccess",
          "type": "Boolean"
        },
        {
          "data": [
            true,
            false
          ],
          "name": "AddUpdateAccess",
          "type": "Boolean"
        },
        {
          "data": [
            true,
            false
          ],
          "name": "DeleteAccess",
          "type": "Boolean"
        },
        {
          "data": [
            false,
            false
          ],
          "name": "Reviewer",
          "type": "Boolean"
        },
        {
          "data": [
            1713458175000,
            1713229114000
          ],
          "name": "RowUpdated",
          "type": "Date"
        }
      ]
    },
    "UserView": false
  },
  "propConfig": {
    "custom.RolesDataset": {
      "binding": {
        "config": {
          "expression": "runScript(\u0027mes.documentManagement.sp.getRolesAccess\u0027, 600000, NULL, NULL, NULL, NULL, NULL, NULL)"
        },
        "type": "expr"
      },
      "persistent": true
    },
    "custom.UserDataset": {
      "binding": {
        "config": {
          "expression": "runScript(\u0027mes.documentManagement.sp.getUsersAccess\u0027, 600000, NULL, NULL, NULL, NULL, NULL, NULL)"
        },
        "type": "expr"
      },
      "persistent": true
    },
    "custom.UserRoleID": {
      "binding": {
        "config": {
          "expression": "if({view.params.UserView},\t\r\n\tif (!isNull({view.custom.UserDataset}) \u0026\u0026 !isNull({view.params.SelectedRow}),\r\n\t\t{view.custom.UserDataset}[{view.params.SelectedRow}, \u0027ID\u0027],\r\n\t\t-1\r\n\t),\r\n\tif (!isNull({view.custom.RolesDataset}) \u0026\u0026 !isNull({view.params.SelectedRow}),\r\n\t\t{view.custom.RolesDataset}[{view.params.SelectedRow}, \u0027ID\u0027],\r\n\t\t-1\r\n\t)\r\n)"
        },
        "type": "expr"
      },
      "persistent": true
    },
    "params.SelectedRow": {
      "binding": {
        "config": {
          "bidirectional": true,
          "path": "/root/Table.props.selection.selectedRow"
        },
        "type": "property"
      },
      "paramDirection": "output",
      "persistent": true
    },
    "params.TableDataset": {
      "binding": {
        "config": {
          "bidirectional": true,
          "path": "/root/Table.props.data"
        },
        "type": "property"
      },
      "paramDirection": "output",
      "persistent": true
    },
    "params.UserView": {
      "paramDirection": "input",
      "persistent": true
    }
  },
  "props": {
    "defaultSize": {
      "width": 600
    }
  },
  "root": {
    "children": [
      {
        "children": [
          {
            "children": [
              {
                "events": {
                  "dom": {
                    "onClick": {
                      "config": {
                        "script": "\tuserView \u003d self.view.params.UserView\n\tif userView:\n\t\tparams \u003d {\u0027AddUser\u0027: True}\n\t\ttitle \u003d \u0027Add User\u0027\n\t\t\n\t\tsystem.perspective.openPopup(\u0027editRole\u0027, \u0027App/AccessManager/AccessControl/Embedded/Popups/AddEditUserAccess\u0027, params \u003d params, title\u003dtitle, showCloseIcon \u003d True, resizeable \u003d True, draggable \u003d True)\n\telse:\n\t\tparams \u003d {\u0027AddRole\u0027: True}\n\t\ttitle \u003d \u0027Add Role\u0027\n\t\t\n\t\tsystem.perspective.openPopup(\u0027editRole\u0027, \u0027App/AccessManager/AccessControl/Embedded/Popups/AddEditRoleAccess\u0027, params \u003d params, title\u003dtitle, showCloseIcon \u003d True, resizeable \u003d True, draggable \u003d True)"
                      },
                      "scope": "G",
                      "type": "script"
                    }
                  }
                },
                "meta": {
                  "name": "AddButton"
                },
                "position": {
                  "basis": "100%"
                },
                "propConfig": {
                  "props.params.Label": {
                    "binding": {
                      "config": {
                        "expression": "if({view.params.UserView},\r\n\t\u0027Add User\u0027,\r\n\t\u0027Add Role\u0027\r\n)"
                      },
                      "type": "expr"
                    }
                  }
                },
                "props": {
                  "params": {
                    "BackgroundColor": "value",
                    "Enabled": true,
                    "Hover": true,
                    "IconPath": "material/add",
                    "IsSelectable": false,
                    "Selected": true,
                    "Size": "value",
                    "Type": "value"
                  },
                  "path": "GlobalComponents/Buttons/Button"
                },
                "type": "ia.display.view"
              }
            ],
            "meta": {
              "name": "AddRole"
            },
            "position": {
              "basis": "50%",
              "grow": 1
            },
            "props": {
              "style": {
                "classes": "Global/MarginBottom Global/MarginLeft Global/MarginRight"
              }
            },
            "type": "ia.container.flex"
          },
          {
            "children": [
              {
                "events": {
                  "dom": {
                    "onClick": {
                      "config": {
                        "script": "\tuserView \u003d self.view.params.UserView\n\tif userView:\n\t\tuserID \u003d self.view.custom.UserRoleID\n\t\tparams \u003d {\u0027AddUser\u0027: False, \u0027UserID\u0027: userID}\n\t\ttitle \u003d \u0027Edit User\u0027\n\t\t\n\t\tsystem.perspective.openPopup(\u0027editRole\u0027, \u0027App/AccessManager/AccessControl/Embedded/Popups/AddEditUserAccess\u0027, params \u003d params, title\u003dtitle, showCloseIcon \u003d True, resizeable \u003d True, draggable \u003d True)\n\telse:\n\t\troleID \u003d self.view.custom.UserRoleID\n\t\tparams \u003d {\u0027AddRole\u0027: False, \u0027RoleID\u0027: roleID}\n\t\ttitle \u003d \u0027Edit Role\u0027\n\t\t\n\t\tsystem.perspective.openPopup(\u0027editRole\u0027, \u0027App/AccessManager/AccessControl/Embedded/Popups/AddEditRoleAccess\u0027, params \u003d params, title\u003dtitle, showCloseIcon \u003d True, resizeable \u003d True, draggable \u003d True)"
                      },
                      "scope": "G",
                      "type": "script"
                    }
                  }
                },
                "meta": {
                  "name": "EditButton"
                },
                "position": {
                  "basis": "100%"
                },
                "propConfig": {
                  "props.params.Enabled": {
                    "binding": {
                      "config": {
                        "expression": "!isNull({view.params.SelectedRow}) \u0026\u0026 {view.params.SelectedRow} \u003e -1"
                      },
                      "type": "expr"
                    }
                  },
                  "props.params.Label": {
                    "binding": {
                      "config": {
                        "expression": "if({view.params.UserView},\r\n\t\u0027Edit User\u0027,\r\n\t\u0027Edit Role\u0027\r\n)"
                      },
                      "type": "expr"
                    }
                  }
                },
                "props": {
                  "params": {
                    "BackgroundColor": "value",
                    "Hover": true,
                    "IconPath": "material/edit",
                    "IsSelectable": false,
                    "Selected": true,
                    "Size": "value",
                    "Type": "value"
                  },
                  "path": "GlobalComponents/Buttons/Button"
                },
                "type": "ia.display.view"
              }
            ],
            "meta": {
              "name": "EditRole"
            },
            "position": {
              "basis": "50%",
              "grow": 1
            },
            "props": {
              "style": {
                "classes": "Global/MarginBottom Global/MarginLeft Global/MarginRight"
              }
            },
            "type": "ia.container.flex"
          },
          {
            "children": [
              {
                "events": {
                  "dom": {
                    "onClick": {
                      "config": {
                        "script": "\tuserView \u003d self.view.params.UserView\n\tif userView:\n\t\tuserRoleID \u003d self.view.custom.UserRoleID\n\t\tparams \u003d {\u0027UserRoleID\u0027: userRoleID, \u0027UserView\u0027: True}\n\t\ttitle \u003d \u0027Link User\u0027\n\t\t\n\t\tsystem.perspective.openPopup(\u0027linkUser\u0027, \u0027App/AccessManager/AccessControl/Embedded/Popups/DocumentLink\u0027, params \u003d params, title\u003dtitle, showCloseIcon \u003d True, resizeable \u003d True, draggable \u003d True)\n\telse:\n\t\tuserRoleID \u003d self.view.custom.UserRoleID\n\t\tparams \u003d {\u0027UserRoleID\u0027: userRoleID, \u0027UserView\u0027: False}\n\t\ttitle \u003d \u0027Link Role\u0027\n\t\t\n\t\tsystem.perspective.openPopup(\u0027linkRole\u0027, \u0027App/AccessManager/AccessControl/Embedded/Popups/DocumentLink\u0027, params \u003d params, title\u003dtitle, showCloseIcon \u003d True, resizeable \u003d True, draggable \u003d True)"
                      },
                      "scope": "G",
                      "type": "script"
                    }
                  }
                },
                "meta": {
                  "name": "LinkButton"
                },
                "position": {
                  "basis": "100%"
                },
                "propConfig": {
                  "props.params.Enabled": {
                    "binding": {
                      "config": {
                        "expression": "!isNull({view.params.SelectedRow}) \u0026\u0026 {view.params.SelectedRow} \u003e -1"
                      },
                      "type": "expr"
                    }
                  },
                  "props.params.Label": {
                    "binding": {
                      "config": {
                        "expression": "if({view.params.UserView},\r\n\t\u0027Link User\u0027,\r\n\t\u0027Link Role\u0027\r\n)"
                      },
                      "type": "expr"
                    }
                  }
                },
                "props": {
                  "params": {
                    "BackgroundColor": "value",
                    "Hover": true,
                    "IconPath": "material/link",
                    "IsSelectable": false,
                    "Selected": true,
                    "Size": "value",
                    "Type": "value"
                  },
                  "path": "GlobalComponents/Buttons/Button"
                },
                "type": "ia.display.view"
              }
            ],
            "meta": {
              "name": "LinkRole"
            },
            "position": {
              "basis": "50%",
              "grow": 1
            },
            "props": {
              "style": {
                "classes": "Global/MarginBottom Global/MarginLeft Global/MarginRight"
              }
            },
            "type": "ia.container.flex"
          },
          {
            "children": [
              {
                "events": {
                  "dom": {
                    "onClick": {
                      "config": {
                        "script": "\tuserView \u003d self.view.params.UserView\n\tif userView:\n\t\tuserID \u003d self.view.custom.UserRoleID\n\t\tparams \u003d {\u0027UserRoleID\u0027: userID, \u0027isUser\u0027: True}\n\t\ttitle \u003d \u0027Delete User\u0027\n\t\t\n\t\tsystem.perspective.openPopup(\u0027deleteUser\u0027, \u0027App/AccessManager/AccessControl/Embedded/Popups/DeleteConfirmation\u0027, params \u003d params, title\u003dtitle, showCloseIcon \u003d True, resizeable \u003d True, draggable \u003d True)\n\telse:\n\t\troleID \u003d self.view.custom.UserRoleID\n\t\tparams \u003d {\u0027UserRoleID\u0027: roleID, \u0027isUser\u0027: False}\n\t\ttitle \u003d \u0027Delete Role\u0027\n\t\t\n\t\tsystem.perspective.openPopup(\u0027deleteRole\u0027, \u0027App/AccessManager/AccessControl/Embedded/Popups/DeleteConfirmation\u0027, params \u003d params, title\u003dtitle, showCloseIcon \u003d True, resizeable \u003d True, draggable \u003d True)"
                      },
                      "scope": "G",
                      "type": "script"
                    }
                  }
                },
                "meta": {
                  "name": "DeleteButton"
                },
                "position": {
                  "basis": "100%"
                },
                "propConfig": {
                  "props.params.Enabled": {
                    "binding": {
                      "config": {
                        "expression": "!isNull({view.params.SelectedRow}) \u0026\u0026 {view.params.SelectedRow} \u003e -1"
                      },
                      "type": "expr"
                    }
                  },
                  "props.params.Label": {
                    "binding": {
                      "config": {
                        "expression": "if({view.params.UserView},\r\n\t\u0027Delete User\u0027,\r\n\t\u0027Delete Role\u0027\r\n)"
                      },
                      "type": "expr"
                    }
                  }
                },
                "props": {
                  "params": {
                    "BackgroundColor": "value",
                    "Hover": true,
                    "IconPath": "material/close",
                    "IsSelectable": false,
                    "Selected": true,
                    "Size": "value",
                    "Type": "value"
                  },
                  "path": "GlobalComponents/Buttons/Button"
                },
                "type": "ia.display.view"
              }
            ],
            "meta": {
              "name": "DeleteRole"
            },
            "position": {
              "basis": "50%",
              "grow": 1
            },
            "props": {
              "style": {
                "classes": "Global/MarginBottom Global/MarginLeft Global/MarginRight"
              }
            },
            "type": "ia.container.flex"
          }
        ],
        "meta": {
          "name": "rowButtons",
          "visible": false
        },
        "position": {
          "basis": "0px"
        },
        "type": "ia.container.flex"
      },
      {
        "meta": {
          "name": "Table"
        },
        "position": {
          "basis": "400px"
        },
        "propConfig": {
          "props.columns[1].field": {
            "binding": {
              "config": {
                "expression": "if({view.params.UserView},\r\n\t\"Username\",\r\n\t\"Role\"\r\n)"
              },
              "type": "expr"
            }
          },
          "props.data": {
            "binding": {
              "config": {
                "expression": "if({view.params.UserView},\r\n\t{view.custom.UserDataset},\r\n\t{view.custom.RolesDataset}\r\n)"
              },
              "type": "expr"
            }
          }
        },
        "props": {
          "columns": [
            {
              "align": "center",
              "boolean": "checkbox",
              "dateFormat": "MM/DD/YYYY",
              "editable": false,
              "field": "ID",
              "filter": {
                "boolean": {
                  "condition": ""
                },
                "date": {
                  "condition": "",
                  "value": ""
                },
                "enabled": false,
                "number": {
                  "condition": "",
                  "value": ""
                },
                "string": {
                  "condition": "",
                  "value": ""
                },
                "visible": "on-hover"
              },
              "footer": {
                "align": "center",
                "justify": "left",
                "style": {
                  "classes": ""
                },
                "title": ""
              },
              "header": {
                "align": "center",
                "justify": "left",
                "style": {
                  "classes": ""
                },
                "title": ""
              },
              "justify": "auto",
              "nullFormat": {
                "includeNullStrings": false,
                "nullFormatValue": "",
                "strict": false
              },
              "number": "value",
              "numberFormat": "0,0.##",
              "progressBar": {
                "bar": {
                  "color": "",
                  "style": {
                    "classes": ""
                  }
                },
                "max": 100,
                "min": 0,
                "track": {
                  "color": "",
                  "style": {
                    "classes": ""
                  }
                },
                "value": {
                  "enabled": true,
                  "format": "0,0.##",
                  "justify": "center",
                  "style": {
                    "classes": ""
                  }
                }
              },
              "render": "auto",
              "resizable": true,
              "sort": "none",
              "sortable": true,
              "strictWidth": false,
              "style": {
                "classes": ""
              },
              "toggleSwitch": {
                "color": {
                  "selected": "",
                  "unselected": ""
                }
              },
              "viewParams": {},
              "viewPath": "",
              "visible": false,
              "width": ""
            },
            {
              "align": "center",
              "boolean": "checkbox",
              "dateFormat": "MM/DD/YYYY",
              "editable": false,
              "filter": {
                "boolean": {
                  "condition": ""
                },
                "date": {
                  "condition": "",
                  "value": ""
                },
                "enabled": false,
                "number": {
                  "condition": "",
                  "value": ""
                },
                "string": {
                  "condition": "",
                  "value": ""
                },
                "visible": "on-hover"
              },
              "footer": {
                "align": "center",
                "justify": "left",
                "style": {
                  "classes": ""
                },
                "title": ""
              },
              "header": {
                "align": "center",
                "justify": "left",
                "style": {
                  "classes": ""
                },
                "title": ""
              },
              "justify": "auto",
              "nullFormat": {
                "includeNullStrings": false,
                "nullFormatValue": "",
                "strict": false
              },
              "number": "value",
              "numberFormat": "0,0.##",
              "progressBar": {
                "bar": {
                  "color": "",
                  "style": {
                    "classes": ""
                  }
                },
                "max": 100,
                "min": 0,
                "track": {
                  "color": "",
                  "style": {
                    "classes": ""
                  }
                },
                "value": {
                  "enabled": true,
                  "format": "0,0.##",
                  "justify": "center",
                  "style": {
                    "classes": ""
                  }
                }
              },
              "render": "auto",
              "resizable": true,
              "sort": "none",
              "sortable": true,
              "strictWidth": false,
              "style": {
                "classes": ""
              },
              "toggleSwitch": {
                "color": {
                  "selected": "",
                  "unselected": ""
                }
              },
              "viewParams": {},
              "viewPath": "",
              "visible": true,
              "width": ""
            },
            {
              "align": "center",
              "boolean": "checkbox",
              "dateFormat": "MM/DD/YYYY",
              "editable": false,
              "field": "ViewAccess",
              "filter": {
                "boolean": {
                  "condition": ""
                },
                "date": {
                  "condition": "",
                  "value": ""
                },
                "enabled": false,
                "number": {
                  "condition": "",
                  "value": ""
                },
                "string": {
                  "condition": "",
                  "value": ""
                },
                "visible": "on-hover"
              },
              "footer": {
                "align": "center",
                "justify": "left",
                "style": {
                  "classes": ""
                },
                "title": ""
              },
              "header": {
                "align": "center",
                "justify": "left",
                "style": {
                  "classes": ""
                },
                "title": "View Access"
              },
              "justify": "auto",
              "nullFormat": {
                "includeNullStrings": false,
                "nullFormatValue": "",
                "strict": false
              },
              "number": "value",
              "numberFormat": "0,0.##",
              "progressBar": {
                "bar": {
                  "color": "",
                  "style": {
                    "classes": ""
                  }
                },
                "max": 100,
                "min": 0,
                "track": {
                  "color": "",
                  "style": {
                    "classes": ""
                  }
                },
                "value": {
                  "enabled": true,
                  "format": "0,0.##",
                  "justify": "center",
                  "style": {
                    "classes": ""
                  }
                }
              },
              "render": "auto",
              "resizable": true,
              "sort": "none",
              "sortable": true,
              "strictWidth": false,
              "style": {
                "classes": ""
              },
              "toggleSwitch": {
                "color": {
                  "selected": "",
                  "unselected": ""
                }
              },
              "viewParams": {},
              "viewPath": "",
              "visible": true,
              "width": ""
            },
            {
              "align": "center",
              "boolean": "checkbox",
              "dateFormat": "MM/DD/YYYY",
              "editable": false,
              "field": "AddUpdateAccess",
              "filter": {
                "boolean": {
                  "condition": ""
                },
                "date": {
                  "condition": "",
                  "value": ""
                },
                "enabled": false,
                "number": {
                  "condition": "",
                  "value": ""
                },
                "string": {
                  "condition": "",
                  "value": ""
                },
                "visible": "on-hover"
              },
              "footer": {
                "align": "center",
                "justify": "left",
                "style": {
                  "classes": ""
                },
                "title": ""
              },
              "header": {
                "align": "center",
                "justify": "left",
                "style": {
                  "classes": ""
                },
                "title": "Add/Update Access"
              },
              "justify": "auto",
              "nullFormat": {
                "includeNullStrings": false,
                "nullFormatValue": "",
                "strict": false
              },
              "number": "value",
              "numberFormat": "0,0.##",
              "progressBar": {
                "bar": {
                  "color": "",
                  "style": {
                    "classes": ""
                  }
                },
                "max": 100,
                "min": 0,
                "track": {
                  "color": "",
                  "style": {
                    "classes": ""
                  }
                },
                "value": {
                  "enabled": true,
                  "format": "0,0.##",
                  "justify": "center",
                  "style": {
                    "classes": ""
                  }
                }
              },
              "render": "auto",
              "resizable": true,
              "sort": "none",
              "sortable": true,
              "strictWidth": false,
              "style": {
                "classes": ""
              },
              "toggleSwitch": {
                "color": {
                  "selected": "",
                  "unselected": ""
                }
              },
              "viewParams": {},
              "viewPath": "",
              "visible": true,
              "width": ""
            },
            {
              "align": "center",
              "boolean": "checkbox",
              "dateFormat": "MM/DD/YYYY",
              "editable": false,
              "field": "DeleteAccess",
              "filter": {
                "boolean": {
                  "condition": ""
                },
                "date": {
                  "condition": "",
                  "value": ""
                },
                "enabled": false,
                "number": {
                  "condition": "",
                  "value": ""
                },
                "string": {
                  "condition": "",
                  "value": ""
                },
                "visible": "on-hover"
              },
              "footer": {
                "align": "center",
                "justify": "left",
                "style": {
                  "classes": ""
                },
                "title": ""
              },
              "header": {
                "align": "center",
                "justify": "left",
                "style": {
                  "classes": ""
                },
                "title": "Delete Access"
              },
              "justify": "auto",
              "nullFormat": {
                "includeNullStrings": false,
                "nullFormatValue": "",
                "strict": false
              },
              "number": "value",
              "numberFormat": "0,0.##",
              "progressBar": {
                "bar": {
                  "color": "",
                  "style": {
                    "classes": ""
                  }
                },
                "max": 100,
                "min": 0,
                "track": {
                  "color": "",
                  "style": {
                    "classes": ""
                  }
                },
                "value": {
                  "enabled": true,
                  "format": "0,0.##",
                  "justify": "center",
                  "style": {
                    "classes": ""
                  }
                }
              },
              "render": "auto",
              "resizable": true,
              "sort": "none",
              "sortable": true,
              "strictWidth": false,
              "style": {
                "classes": ""
              },
              "toggleSwitch": {
                "color": {
                  "selected": "",
                  "unselected": ""
                }
              },
              "viewParams": {},
              "viewPath": "",
              "visible": true,
              "width": ""
            },
            {
              "align": "center",
              "boolean": "checkbox",
              "dateFormat": "MM/DD/YYYY HH:mm:ss",
              "editable": false,
              "field": "RowUpdated",
              "filter": {
                "boolean": {
                  "condition": ""
                },
                "date": {
                  "condition": "",
                  "value": ""
                },
                "enabled": false,
                "number": {
                  "condition": "",
                  "value": ""
                },
                "string": {
                  "condition": "",
                  "value": ""
                },
                "visible": "on-hover"
              },
              "footer": {
                "align": "center",
                "justify": "left",
                "style": {
                  "classes": ""
                },
                "title": ""
              },
              "header": {
                "align": "center",
                "justify": "left",
                "style": {
                  "classes": ""
                },
                "title": ""
              },
              "justify": "auto",
              "nullFormat": {
                "includeNullStrings": false,
                "nullFormatValue": "",
                "strict": false
              },
              "number": "value",
              "numberFormat": "0,0.##",
              "progressBar": {
                "bar": {
                  "color": "",
                  "style": {
                    "classes": ""
                  }
                },
                "max": 100,
                "min": 0,
                "track": {
                  "color": "",
                  "style": {
                    "classes": ""
                  }
                },
                "value": {
                  "enabled": true,
                  "format": "0,0.##",
                  "justify": "center",
                  "style": {
                    "classes": ""
                  }
                }
              },
              "render": "auto",
              "resizable": true,
              "sort": "none",
              "sortable": true,
              "strictWidth": false,
              "style": {
                "classes": ""
              },
              "toggleSwitch": {
                "color": {
                  "selected": "",
                  "unselected": ""
                }
              },
              "viewParams": {},
              "viewPath": "",
              "visible": false,
              "width": ""
            },
            {
              "align": "center",
              "boolean": "checkbox",
              "dateFormat": "MM/DD/YYYY",
              "editable": false,
              "field": "Reviewer",
              "filter": {
                "boolean": {
                  "condition": ""
                },
                "date": {
                  "condition": "",
                  "value": ""
                },
                "enabled": false,
                "number": {
                  "condition": "",
                  "value": ""
                },
                "string": {
                  "condition": "",
                  "value": ""
                },
                "visible": "on-hover"
              },
              "footer": {
                "align": "center",
                "justify": "left",
                "style": {
                  "classes": ""
                },
                "title": ""
              },
              "header": {
                "align": "center",
                "justify": "left",
                "style": {
                  "classes": ""
                },
                "title": ""
              },
              "justify": "auto",
              "nullFormat": {
                "includeNullStrings": false,
                "nullFormatValue": "",
                "strict": false
              },
              "number": "value",
              "numberFormat": "0,0.##",
              "progressBar": {
                "bar": {
                  "color": "",
                  "style": {
                    "classes": ""
                  }
                },
                "max": 100,
                "min": 0,
                "track": {
                  "color": "",
                  "style": {
                    "classes": ""
                  }
                },
                "value": {
                  "enabled": true,
                  "format": "0,0.##",
                  "justify": "center",
                  "style": {
                    "classes": ""
                  }
                }
              },
              "render": "auto",
              "resizable": true,
              "sort": "none",
              "sortable": true,
              "strictWidth": false,
              "style": {
                "classes": ""
              },
              "toggleSwitch": {
                "color": {
                  "selected": "",
                  "unselected": ""
                }
              },
              "viewParams": {},
              "viewPath": "",
              "visible": true,
              "width": ""
            }
          ]
        },
        "type": "ia.display.table"
      }
    ],
    "meta": {
      "name": "root"
    },
    "props": {
      "direction": "column"
    },
    "scripts": {
      "customMethods": [],
      "extensionFunctions": null,
      "messageHandlers": [
        {
          "messageType": "refreshUserRolesTable",
          "pageScope": true,
          "script": "\tself.view.refreshBinding(\"custom.RolesDataset\")\n\tself.view.refreshBinding(\"custom.UserDataset\")\n\tself.view.refreshBinding(\"params.TableDataset\")",
          "sessionScope": false,
          "viewScope": false
        }
      ]
    },
    "type": "ia.container.flex"
  }
}