{
  "custom": {
    "Instances": [
      {
        "AttributeID": 4,
        "AttributeName": "TestingNameChange",
        "BoolValue": true,
        "Datatype": "Boolean",
        "DateCreated": {
          "$": [
            "ts",
            192,
            1696597779800
          ],
          "$ts": 1685726514967
        },
        "FloatValue": null,
        "Hi": 650,
        "HiHi": 800,
        "IntValue": null,
        "Lo": 324,
        "LoLo": 324,
        "SavedValue": true,
        "StringValue": null,
        "Target": 220,
        "TestAttributeDataTypeID": 3,
        "ValidEndDate": {
          "$": [
            "ts",
            192,
            1696597779800
          ],
          "$ts": 1687838400000
        },
        "ValidStartDate": {
          "$": [
            "ts",
            192,
            1696597779800
          ],
          "$ts": 1682913600000
        },
        "instancePosition": {},
        "instanceStyle": {
          "classes": ""
        }
      },
      {
        "AttributeID": 7,
        "AttributeName": "Test",
        "BoolValue": null,
        "Datatype": "Float",
        "DateCreated": {
          "$": [
            "ts",
            192,
            1696597779800
          ],
          "$ts": 1685726514967
        },
        "FloatValue": 37,
        "Hi": 70,
        "HiHi": 80,
        "IntValue": null,
        "Lo": 50,
        "LoLo": 40,
        "SavedValue": 37,
        "StringValue": null,
        "Target": 60,
        "TestAttributeDataTypeID": 2,
        "ValidEndDate": {
          "$": [
            "ts",
            192,
            1696597779800
          ],
          "$ts": 1688097600000
        },
        "ValidStartDate": {
          "$": [
            "ts",
            192,
            1696597779800
          ],
          "$ts": 1685592000000
        },
        "instancePosition": {},
        "instanceStyle": {
          "classes": ""
        }
      },
      {
        "AttributeID": 9,
        "AttributeName": "AnotherOne",
        "BoolValue": null,
        "Datatype": "String",
        "DateCreated": {
          "$": [
            "ts",
            192,
            1696597779800
          ],
          "$ts": 1685726514967
        },
        "FloatValue": null,
        "Hi": 51,
        "HiHi": 61,
        "IntValue": null,
        "Lo": 31,
        "LoLo": 21,
        "SavedValue": "abc",
        "StringValue": "abc",
        "Target": 41,
        "TestAttributeDataTypeID": 4,
        "ValidEndDate": {
          "$": [
            "ts",
            192,
            1696597779800
          ],
          "$ts": 1688097600000
        },
        "ValidStartDate": {
          "$": [
            "ts",
            192,
            1696597779800
          ],
          "$ts": 1685592000000
        },
        "instancePosition": {},
        "instanceStyle": {
          "classes": ""
        }
      },
      {
        "AttributeID": 11,
        "AttributeName": "StringTwo",
        "BoolValue": null,
        "Datatype": "String",
        "DateCreated": {
          "$": [
            "ts",
            192,
            1696597779800
          ],
          "$ts": 1685726514967
        },
        "FloatValue": null,
        "Hi": 500,
        "HiHi": 900,
        "IntValue": null,
        "Lo": 300,
        "LoLo": 200,
        "SavedValue": "def",
        "StringValue": "def",
        "Target": 400,
        "TestAttributeDataTypeID": 4,
        "ValidEndDate": {
          "$": [
            "ts",
            192,
            1696597779800
          ],
          "$ts": 1687320000000
        },
        "ValidStartDate": {
          "$": [
            "ts",
            192,
            1696597779800
          ],
          "$ts": 1682913600000
        },
        "instancePosition": {},
        "instanceStyle": {
          "classes": ""
        }
      },
      {
        "AttributeID": 13,
        "AttributeName": "Test",
        "BoolValue": null,
        "Datatype": "Integer",
        "DateCreated": {
          "$": [
            "ts",
            192,
            1696597779800
          ],
          "$ts": 1685726514967
        },
        "FloatValue": null,
        "Hi": 12,
        "HiHi": 23,
        "IntValue": 7,
        "Lo": 2,
        "LoLo": 1,
        "SavedValue": 7,
        "StringValue": null,
        "Target": 4,
        "TestAttributeDataTypeID": 1,
        "ValidEndDate": {
          "$": [
            "ts",
            192,
            1696597779800
          ],
          "$ts": 1688097600000
        },
        "ValidStartDate": {
          "$": [
            "ts",
            192,
            1696597779800
          ],
          "$ts": 1685592000000
        },
        "instancePosition": {},
        "instanceStyle": {
          "classes": ""
        }
      }
    ],
    "OutputValues": {
      "$": [
        "ds",
        192,
        1696597791450
      ],
      "$columns": [
        {
          "data": [
            "4",
            "7",
            "9",
            "11",
            "13"
          ],
          "name": "TestAttributeID",
          "type": "String"
        },
        {
          "data": [
            "TestingNameChange",
            "Test",
            "AnotherOne",
            "StringTwo",
            "Test"
          ],
          "name": "AttributeName",
          "type": "String"
        },
        {
          "data": [
            "3",
            "2",
            "4",
            "4",
            "1"
          ],
          "name": "TestAttributeDataTypeID",
          "type": "String"
        },
        {
          "data": [
            "Boolean",
            "Float",
            "String",
            "String",
            "Integer"
          ],
          "name": "TestAttributeDataType",
          "type": "String"
        },
        {
          "data": [
            "false",
            "37.632",
            "abc",
            "def",
            "7"
          ],
          "name": "Saved Value",
          "type": "String"
        },
        {
          "data": [
            null,
            null,
            null,
            null,
            "7"
          ],
          "name": "IntValue",
          "type": "String"
        },
        {
          "data": [
            null,
            "37.632",
            null,
            null,
            null
          ],
          "name": "FloatValue",
          "type": "String"
        },
        {
          "data": [
            "true",
            null,
            null,
            null,
            null
          ],
          "name": "BoolValue",
          "type": "String"
        },
        {
          "data": [
            null,
            null,
            "abc",
            "def",
            null
          ],
          "name": "StringValue",
          "type": "String"
        },
        {
          "data": [
            "800.0",
            "80.0",
            "61.0",
            "900.0",
            "23.0"
          ],
          "name": "HiHiLimit",
          "type": "String"
        },
        {
          "data": [
            "650.0",
            "70.0",
            "51.0",
            "500.0",
            "12.0"
          ],
          "name": "HiLimit",
          "type": "String"
        },
        {
          "data": [
            "220.0",
            "60.0",
            "41.0",
            "400.0",
            "4.0"
          ],
          "name": "TargetValue",
          "type": "String"
        },
        {
          "data": [
            "324.0",
            "50.0",
            "31.0",
            "300.0",
            "2.0"
          ],
          "name": "LoLimit",
          "type": "String"
        },
        {
          "data": [
            "324.0",
            "40.0",
            "21.0",
            "200.0",
            "1.0"
          ],
          "name": "LoLoLimit",
          "type": "String"
        },
        {
          "data": [
            "2023-06-02 13:21:54.967",
            "2023-06-02 13:21:54.967",
            "2023-06-02 13:21:54.967",
            "2023-06-02 13:21:54.967",
            "2023-06-02 13:21:54.967"
          ],
          "name": "DateCreated",
          "type": "String"
        },
        {
          "data": [
            "2023-05-01 00:00:00.000",
            "2023-06-01 00:00:00.000",
            "2023-06-01 00:00:00.000",
            "2023-05-01 00:00:00.000",
            "2023-06-01 00:00:00.000"
          ],
          "name": "ValidStartDate",
          "type": "String"
        },
        {
          "data": [
            "2023-06-27 00:00:00.000",
            "2023-06-30 00:00:00.000",
            "2023-06-30 00:00:00.000",
            "2023-06-21 00:00:00.000",
            "2023-06-30 00:00:00.000"
          ],
          "name": "ValidEndDate",
          "type": "String"
        }
      ]
    }
  },
  "params": {
    "Dataset": {
      "$": [
        "ds",
        192,
        1685985482908
      ],
      "$columns": [
        {
          "data": [
            4,
            7,
            9,
            11,
            13
          ],
          "name": "TestAttributeID",
          "type": "Integer"
        },
        {
          "data": [
            "TestingNameChange",
            "Test",
            "AnotherOne",
            "StringTwo",
            "Test"
          ],
          "name": "AttributeName",
          "type": "String"
        },
        {
          "data": [
            3,
            2,
            4,
            4,
            1
          ],
          "name": "TestAttributeDataTypeID",
          "type": "Integer"
        },
        {
          "data": [
            "Boolean",
            "Float",
            "String",
            "String",
            "Integer"
          ],
          "name": "TestAttributeDataType",
          "type": "String"
        },
        {
          "data": [
            null,
            null,
            null,
            null,
            7
          ],
          "name": "IntValue",
          "type": "Integer"
        },
        {
          "data": [
            null,
            37,
            null,
            null,
            null
          ],
          "name": "FloatValue",
          "type": "Double"
        },
        {
          "data": [
            true,
            null,
            null,
            null,
            null
          ],
          "name": "BoolValue",
          "type": "Boolean"
        },
        {
          "data": [
            null,
            null,
            "abc",
            "def",
            null
          ],
          "name": "StringValue",
          "type": "String"
        },
        {
          "data": [
            800,
            80,
            61,
            900,
            23
          ],
          "name": "HiHiLimit",
          "type": "Double"
        },
        {
          "data": [
            650,
            70,
            51,
            500,
            12
          ],
          "name": "HiLimit",
          "type": "Double"
        },
        {
          "data": [
            220,
            60,
            41,
            400,
            4
          ],
          "name": "TargetValue",
          "type": "Double"
        },
        {
          "data": [
            324,
            50,
            31,
            300,
            2
          ],
          "name": "LoLimit",
          "type": "Double"
        },
        {
          "data": [
            324,
            40,
            21,
            200,
            1
          ],
          "name": "LoLoLimit",
          "type": "Double"
        },
        {
          "data": [
            1685726514967,
            1685726514967,
            1685726514967,
            1685726514967,
            1685726514967
          ],
          "name": "DateCreated",
          "type": "Date"
        },
        {
          "data": [
            1682913600000,
            1685592000000,
            1685592000000,
            1682913600000,
            1685592000000
          ],
          "name": "ValidStartDate",
          "type": "Date"
        },
        {
          "data": [
            1687838400000,
            1688097600000,
            1688097600000,
            1687320000000,
            1688097600000
          ],
          "name": "ValidEndDate",
          "type": "Date"
        }
      ]
    },
    "OutputValues": {
      "$": [
        "ds",
        192,
        1696597791450
      ],
      "$columns": [
        {
          "data": [
            "4",
            "7",
            "9",
            "11",
            "13"
          ],
          "name": "TestAttributeID",
          "type": "String"
        },
        {
          "data": [
            "TestingNameChange",
            "Test",
            "AnotherOne",
            "StringTwo",
            "Test"
          ],
          "name": "AttributeName",
          "type": "String"
        },
        {
          "data": [
            "3",
            "2",
            "4",
            "4",
            "1"
          ],
          "name": "TestAttributeDataTypeID",
          "type": "String"
        },
        {
          "data": [
            "Boolean",
            "Float",
            "String",
            "String",
            "Integer"
          ],
          "name": "TestAttributeDataType",
          "type": "String"
        },
        {
          "data": [
            "false",
            "37.632",
            "abc",
            "def",
            "7"
          ],
          "name": "Saved Value",
          "type": "String"
        },
        {
          "data": [
            null,
            null,
            null,
            null,
            "7"
          ],
          "name": "IntValue",
          "type": "String"
        },
        {
          "data": [
            null,
            "37.632",
            null,
            null,
            null
          ],
          "name": "FloatValue",
          "type": "String"
        },
        {
          "data": [
            "true",
            null,
            null,
            null,
            null
          ],
          "name": "BoolValue",
          "type": "String"
        },
        {
          "data": [
            null,
            null,
            "abc",
            "def",
            null
          ],
          "name": "StringValue",
          "type": "String"
        },
        {
          "data": [
            "800.0",
            "80.0",
            "61.0",
            "900.0",
            "23.0"
          ],
          "name": "HiHiLimit",
          "type": "String"
        },
        {
          "data": [
            "650.0",
            "70.0",
            "51.0",
            "500.0",
            "12.0"
          ],
          "name": "HiLimit",
          "type": "String"
        },
        {
          "data": [
            "220.0",
            "60.0",
            "41.0",
            "400.0",
            "4.0"
          ],
          "name": "TargetValue",
          "type": "String"
        },
        {
          "data": [
            "324.0",
            "50.0",
            "31.0",
            "300.0",
            "2.0"
          ],
          "name": "LoLimit",
          "type": "String"
        },
        {
          "data": [
            "324.0",
            "40.0",
            "21.0",
            "200.0",
            "1.0"
          ],
          "name": "LoLoLimit",
          "type": "String"
        },
        {
          "data": [
            "2023-06-02 13:21:54.967",
            "2023-06-02 13:21:54.967",
            "2023-06-02 13:21:54.967",
            "2023-06-02 13:21:54.967",
            "2023-06-02 13:21:54.967"
          ],
          "name": "DateCreated",
          "type": "String"
        },
        {
          "data": [
            "2023-05-01 00:00:00.000",
            "2023-06-01 00:00:00.000",
            "2023-06-01 00:00:00.000",
            "2023-05-01 00:00:00.000",
            "2023-06-01 00:00:00.000"
          ],
          "name": "ValidStartDate",
          "type": "String"
        },
        {
          "data": [
            "2023-06-27 00:00:00.000",
            "2023-06-30 00:00:00.000",
            "2023-06-30 00:00:00.000",
            "2023-06-21 00:00:00.000",
            "2023-06-30 00:00:00.000"
          ],
          "name": "ValidEndDate",
          "type": "String"
        }
      ]
    }
  },
  "propConfig": {
    "custom.Instances": {
      "binding": {
        "config": {
          "path": "view.params.Dataset"
        },
        "transforms": [
          {
            "code": "\tdataset \u003d system.dataset.toPyDataSet(value)\n\tresult \u003d []\n\tfor row in dataset:\n\t\tif row[\u0027IntValue\u0027] is not None or \u0027\u0027:\n\t\t    savedvalue \u003d row[\u0027IntValue\u0027]\n\t\telif row[\u0027FloatValue\u0027] is not None or \u0027\u0027:\n\t\t    savedvalue \u003d row[\u0027FloatValue\u0027]\n\t\telif row[\u0027BoolValue\u0027] is not None or \u0027\u0027:\n\t\t    savedvalue \u003d row[\u0027BoolValue\u0027]\n\t\telif row[\u0027StringValue\u0027] is not None or \u0027\u0027:\n\t\t    savedvalue \u003d row[\u0027StringValue\u0027]\n\t\telse:\n\t\t    savedvalue \u003d None\n\t\t\n\t\titem \u003d {\n\t\t    \"instanceStyle\": {\n\t\t        \"classes\": \"\"\n\t\t    },\n\t\t    \"instancePosition\": {},\n\t\t    \"AttributeID\": row[\u0027TestAttributeID\u0027],\n\t\t    \"AttributeName\": row[\u0027AttributeName\u0027],\n\t\t    \"TestAttributeDataTypeID\": row[\u0027TestAttributeDataTypeID\u0027],\n\t\t    \"Datatype\": row[\u0027TestAttributeDataType\u0027],\n\t\t    \"IntValue\": row[\u0027IntValue\u0027],\n\t\t    \"FloatValue\": row[\u0027FloatValue\u0027],\n\t\t    \"BoolValue\": row[\u0027BoolValue\u0027],\n\t\t    \"StringValue\": row[\u0027StringValue\u0027],\n\t\t    \"Hi\": row[\u0027HiLimit\u0027],\n\t\t    \"HiHi\": row[\u0027HiHiLimit\u0027],\n\t\t    \"Target\": row[\u0027TargetValue\u0027],\n\t\t    \"Lo\": row[\u0027LoLimit\u0027],\n\t\t    \"LoLo\": row[\u0027LoLoLimit\u0027],\n\t\t    \"SavedValue\": savedvalue,\n\t\t    \"DateCreated\": row[\u0027DateCreated\u0027],\n\t\t    \"ValidStartDate\": row[\u0027ValidStartDate\u0027],\n\t\t    \"ValidEndDate\": row[\u0027ValidEndDate\u0027]\n\t\t}\n\t\tresult.append(item)\n\treturn result\n\t\n\t\t",
            "type": "script"
          }
        ],
        "type": "property"
      },
      "onChange": {
        "enabled": null,
        "script": "\tself.getChild(\"root\").getChild(\"FlexRepeater\").props.instances \u003d currentValue"
      },
      "persistent": true
    },
    "custom.OutputValues": {
      "binding": {
        "config": {
          "path": "/root/FlexRepeater.props.instances"
        },
        "transforms": [
          {
            "code": "\tfrom com.inductiveautomation.ignition.common.util import DatasetBuilder\n\tfrom java.lang import Integer, String, Object\n\theaders \u003d [\u0027TestAttributeID\u0027, \u0027AttributeName\u0027, \u0027TestAttributeDataTypeID\u0027, \u0027TestAttributeDataType\u0027,\u0027Saved Value\u0027,\u0027IntValue\u0027,\u0027FloatValue\u0027,\u0027BoolValue\u0027, \u0027StringValue\u0027, \u0027HiHiLimit\u0027,\u0027HiLimit\u0027, \u0027TargetValue\u0027, \u0027LoLimit\u0027, \u0027LoLoLimit\u0027, \u0027DateCreated\u0027, \u0027ValidStartDate\u0027, \u0027ValidEndDate\u0027]\n\tdatatypes \u003d [String, String, String, String,String,String,String,String,String,String,String,String,String,String,String,String,String]\n\t\n\tbuilder \u003d DatasetBuilder.newBuilder()\n\tbuilder.colNames(headers)\n\tbuilder.colTypes(datatypes)\n\t\n\tdata \u003d []\n\tfor item in value:\n\t\tbuilder.addRow([\n\t\t        item.AttributeID,\n\t\t        item.AttributeName,\n\t\t        item.TestAttributeDataTypeID,\n\t\t        item.Datatype,\n\t\t        item.SavedValue if item.Datatype !\u003d \u0027Boolean\u0027 else False,\n\t\t        item.SavedValue if item.Datatype \u003d\u003d \u0027Integer\u0027 else item.IntValue,\n\t\t        item.SavedValue if item.Datatype \u003d\u003d \u0027Float\u0027 else item.FloatValue,\n\t\t        item.SavedValue if item.Datatype \u003d\u003d \u0027Boolean\u0027 else item.BoolValue,\n\t\t        item.SavedValue if item.Datatype \u003d\u003d \u0027String\u0027 else item.StringValue,\n\t\t        item.HiHi,\n\t\t        item.Hi,\n\t\t        item.Target,\n\t\t        item.Lo,\n\t\t        item.LoLo,\n\t\t        item.DateCreated,\n\t\t        item.ValidStartDate,\n\t\t        item.ValidEndDate\n\t\t    ])\n\t\n\t#dataset\u003d system.dataset.toDataSet(headers, data)\n\treturn builder.build()",
            "type": "script"
          }
        ],
        "type": "property"
      },
      "persistent": true
    },
    "params.Dataset": {
      "paramDirection": "input",
      "persistent": true
    },
    "params.OutputValues": {
      "binding": {
        "config": {
          "path": "view.custom.OutputValues"
        },
        "type": "property"
      },
      "paramDirection": "output",
      "persistent": true
    }
  },
  "props": {},
  "root": {
    "children": [
      {
        "meta": {
          "name": "FlexRepeater"
        },
        "position": {
          "grow": 1
        },
        "propConfig": {
          "props.instances": {
            "binding": {
              "config": {
                "path": "view.params.Dataset"
              },
              "enabled": false,
              "transforms": [
                {
                  "code": "\tdataset \u003d system.dataset.toPyDataSet(value)\n\tresult \u003d []\n\tfor row in dataset:\n\t    item \u003d {\n\t      \"instanceStyle\": {\n\t        \"classes\": \"\"\n\t      },\n\t      \"instancePosition\": {},\n\t      \"AttributeID\": row[\u0027Attribute ID\u0027],\n\t      \"AttributeName\": row[\u0027Attribute Name\u0027],\n\t      \"Datatype\": row[\u0027Datatype\u0027],\n\t      \"Hi\": row[\u0027Hi Limit\u0027],\n\t      \"HiHi\": row[\u0027HiHi Limit\u0027],\n\t      \"InsertValue\": \"value\",\n\t      \"Lo\": row[\u0027Lo Limit\u0027],\n\t      \"LoLo\": row[\u0027LoLo Limit\u0027],\n\t      \"SavedValue\": row[\u0027CurrentValue\u0027],\n\t      \"Target\": row[\u0027Target Value\u0027]\n\t    }\n\t    result.append(item)\n\treturn result\n\t\t\n\t\t",
                  "type": "script"
                }
              ],
              "type": "property"
            }
          }
        },
        "props": {
          "direction": "column",
          "instances": [
            {
              "AttributeID": 4,
              "AttributeName": "TestingNameChange",
              "BoolValue": true,
              "Datatype": "Boolean",
              "DateCreated": {
                "$": [
                  "ts",
                  192,
                  1696597779800
                ],
                "$ts": 1685726514967
              },
              "FloatValue": null,
              "Hi": 650,
              "HiHi": 800,
              "IntValue": null,
              "Lo": 324,
              "LoLo": 324,
              "SavedValue": true,
              "StringValue": null,
              "Target": 220,
              "TestAttributeDataTypeID": 3,
              "ValidEndDate": {
                "$": [
                  "ts",
                  192,
                  1696597779800
                ],
                "$ts": 1687838400000
              },
              "ValidStartDate": {
                "$": [
                  "ts",
                  192,
                  1696597779800
                ],
                "$ts": 1682913600000
              },
              "instancePosition": {},
              "instanceStyle": {
                "classes": ""
              }
            },
            {
              "AttributeID": 7,
              "AttributeName": "Test",
              "BoolValue": null,
              "Datatype": "Float",
              "DateCreated": {
                "$": [
                  "ts",
                  192,
                  1696597779800
                ],
                "$ts": 1685726514967
              },
              "FloatValue": 37,
              "Hi": 70,
              "HiHi": 80,
              "IntValue": null,
              "Lo": 50,
              "LoLo": 40,
              "SavedValue": 37.632,
              "StringValue": null,
              "Target": 60,
              "TestAttributeDataTypeID": 2,
              "ValidEndDate": {
                "$": [
                  "ts",
                  192,
                  1696597779800
                ],
                "$ts": 1688097600000
              },
              "ValidStartDate": {
                "$": [
                  "ts",
                  192,
                  1696597779800
                ],
                "$ts": 1685592000000
              },
              "instancePosition": {},
              "instanceStyle": {
                "classes": ""
              }
            },
            {
              "AttributeID": 9,
              "AttributeName": "AnotherOne",
              "BoolValue": null,
              "Datatype": "String",
              "DateCreated": {
                "$": [
                  "ts",
                  192,
                  1696597779800
                ],
                "$ts": 1685726514967
              },
              "FloatValue": null,
              "Hi": 51,
              "HiHi": 61,
              "IntValue": null,
              "Lo": 31,
              "LoLo": 21,
              "SavedValue": "abc",
              "StringValue": "abc",
              "Target": 41,
              "TestAttributeDataTypeID": 4,
              "ValidEndDate": {
                "$": [
                  "ts",
                  192,
                  1696597779800
                ],
                "$ts": 1688097600000
              },
              "ValidStartDate": {
                "$": [
                  "ts",
                  192,
                  1696597779800
                ],
                "$ts": 1685592000000
              },
              "instancePosition": {},
              "instanceStyle": {
                "classes": ""
              }
            },
            {
              "AttributeID": 11,
              "AttributeName": "StringTwo",
              "BoolValue": null,
              "Datatype": "String",
              "DateCreated": {
                "$": [
                  "ts",
                  192,
                  1696597779800
                ],
                "$ts": 1685726514967
              },
              "FloatValue": null,
              "Hi": 500,
              "HiHi": 900,
              "IntValue": null,
              "Lo": 300,
              "LoLo": 200,
              "SavedValue": "def",
              "StringValue": "def",
              "Target": 400,
              "TestAttributeDataTypeID": 4,
              "ValidEndDate": {
                "$": [
                  "ts",
                  192,
                  1696597779800
                ],
                "$ts": 1687320000000
              },
              "ValidStartDate": {
                "$": [
                  "ts",
                  192,
                  1696597779800
                ],
                "$ts": 1682913600000
              },
              "instancePosition": {},
              "instanceStyle": {
                "classes": ""
              }
            },
            {
              "AttributeID": 13,
              "AttributeName": "Test",
              "BoolValue": null,
              "Datatype": "Integer",
              "DateCreated": {
                "$": [
                  "ts",
                  192,
                  1696597779800
                ],
                "$ts": 1685726514967
              },
              "FloatValue": null,
              "Hi": 12,
              "HiHi": 23,
              "IntValue": 7,
              "Lo": 2,
              "LoLo": 1,
              "SavedValue": 7,
              "StringValue": null,
              "Target": 4,
              "TestAttributeDataTypeID": 1,
              "ValidEndDate": {
                "$": [
                  "ts",
                  192,
                  1696597779800
                ],
                "$ts": 1688097600000
              },
              "ValidStartDate": {
                "$": [
                  "ts",
                  192,
                  1696597779800
                ],
                "$ts": 1685592000000
              },
              "instancePosition": {},
              "instanceStyle": {
                "classes": ""
              }
            }
          ],
          "path": "App/Quality/Embedded/AttributeFlex",
          "wrap": "wrap"
        },
        "type": "ia.display.flex-repeater"
      }
    ],
    "meta": {
      "name": "root"
    },
    "props": {
      "direction": "column"
    },
    "type": "ia.container.flex"
  }
}