{
  "custom": {},
  "params": {
    "Icon": "home",
    "Text": "Home"
  },
  "propConfig": {
    "params.Icon": {
      "paramDirection": "input",
      "persistent": true
    },
    "params.Text": {
      "paramDirection": "input",
      "persistent": true
    }
  },
  "props": {
    "defaultSize": {
      "height": 80,
      "width": 600
    }
  },
  "root": {
    "children": [
      {
        "children": [
          {
            "meta": {
              "name": "Icon"
            },
            "position": {
              "basis": "32px",
              "shrink": 0
            },
            "propConfig": {
              "props.path": {
                "binding": {
                  "config": {
                    "expression": "\"material/\" + {view.params.Icon}"
                  },
                  "type": "expr"
                },
                "persistent": false
              }
            },
            "props": {
              "style": {
                "classes": ""
              }
            },
            "type": "ia.display.icon"
          }
        ],
        "meta": {
          "name": "Column1"
        },
        "position": {
          "basis": "50px"
        },
        "props": {
          "style": {
            "classes": "Global/MarginBottom Global/MarginRight"
          }
        },
        "type": "ia.container.flex"
      },
      {
        "children": [
          {
            "meta": {
              "hasDelegate": true,
              "name": "Label"
            },
            "position": {
              "grow": 1
            },
            "propConfig": {
              "props.text": {
                "binding": {
                  "config": {
                    "path": "view.params.Text"
                  },
                  "type": "property"
                },
                "persistent": false
              }
            },
            "props": {
              "style": {
                "classes": "Text/Heading"
              }
            },
            "type": "ia.display.label"
          }
        ],
        "meta": {
          "name": "Column2"
        },
        "position": {
          "basis": "200px",
          "grow": 1
        },
        "props": {
          "style": {
            "classes": "Global/MarginBottom Global/MarginLeft Global/MarginRight"
          }
        },
        "type": "ia.container.flex"
      }
    ],
    "meta": {
      "name": "root"
    },
    "props": {
      "style": {
        "classes": "Global/MarginAllEmbedded"
      }
    },
    "type": "ia.container.flex"
  }
}