{
  "custom": {
    "Status": "Draft"
  },
  "params": {
    "AddUpdateAccess": true,
    "DeleteAccess": true,
    "Roles": "Administrator,Developer",
    "Username": "tturner",
    "ViewAccess": true
  },
  "propConfig": {
    "custom.Status": {
      "persistent": true
    },
    "params.AddUpdateAccess": {
      "paramDirection": "input",
      "persistent": true
    },
    "params.DeleteAccess": {
      "paramDirection": "input",
      "persistent": true
    },
    "params.Roles": {
      "paramDirection": "input",
      "persistent": true
    },
    "params.Username": {
      "paramDirection": "input",
      "persistent": true
    },
    "params.ViewAccess": {
      "paramDirection": "input",
      "persistent": true
    },
    "params.feature": {
      "paramDirection": "input"
    },
    "params.tier1": {
      "paramDirection": "input"
    },
    "params.tier2": {
      "paramDirection": "input"
    }
  },
  "props": {},
  "root": {
    "children": [
      {
        "children": [
          {
            "meta": {
              "name": "Title"
            },
            "position": {
              "grow": 1,
              "shrink": 0
            },
            "propConfig": {
              "props.params.Text": {
                "binding": {
                  "config": {
                    "path": "session.custom.DMfilters.Folder.Name"
                  },
                  "type": "property"
                }
              }
            },
            "props": {
              "params": {
                "Icon": "description"
              },
              "path": "App/DocumentManager/DocumentManagement/Embedded/Title"
            },
            "type": "ia.display.view"
          }
        ],
        "meta": {
          "name": "Row1"
        },
        "position": {
          "basis": "65px"
        },
        "props": {
          "style": {
            "classes": "Global/MarginBottom Global/MarginRight"
          }
        },
        "type": "ia.container.flex"
      },
      {
        "children": [
          {
            "meta": {
              "name": "BreadcrumbRepeater"
            },
            "position": {
              "grow": 1,
              "shrink": 0
            },
            "propConfig": {
              "props.instances": {
                "binding": {
                  "config": {
                    "path": "session.custom.DMfilters.Folder.PathStr"
                  },
                  "transforms": [
                    {
                      "code": "\tret \u003d []\n\tparts \u003d value.split(\"/\")\n\t\n\tfor i in range(len(parts)):\n\t\tpart \u003d parts[i]\n\t\tidx \u003d part.split(\":\")[0]\n\t\tid \u003d None if part.split(\":\")[1] \u003d\u003d \"None\" else int(part.split(\":\")[1])\n\t\tname \u003d part.split(\":\")[2]\n\t\tpath \u003d \"/\".join([parts[j].split(\":\")[0] for j in range(i+1)])\n\t\tpathStr \u003d \"/\".join([parts[j] for j in range(i+1)])\n\t\trowDict \u003d {\"id\":id, \"name\":name, \"pathStr\":pathStr, \"path\":path, \"showSlash\":True}\n\t\tret.append(rowDict)\n\t\n\tif len(ret):\n\t\tret[-1][\"showSlash\"] \u003d False\n\t\n\treturn ret",
                      "type": "script"
                    }
                  ],
                  "type": "property"
                }
              }
            },
            "props": {
              "elementPosition": {
                "basis": "auto",
                "grow": 0,
                "shrink": 0
              },
              "path": "App/DocumentManager/DocumentManagement/Embedded/Breadcrumb",
              "useDefaultViewHeight": false,
              "useDefaultViewWidth": false
            },
            "type": "ia.display.flex-repeater"
          }
        ],
        "meta": {
          "name": "Row2"
        },
        "position": {
          "shrink": 0
        },
        "props": {
          "style": {
            "classes": "Global/MarginBottom Global/MarginRight"
          }
        },
        "type": "ia.container.flex"
      },
      {
        "children": [
          {
            "children": [
              {
                "events": {
                  "dom": {
                    "onClick": {
                      "config": {
                        "draggable": true,
                        "id": "upload-documents",
                        "modal": true,
                        "overlayDismiss": true,
                        "resizable": true,
                        "showCloseIcon": true,
                        "title": "Upload Documents",
                        "type": "open",
                        "viewParams": {
                          "AddUpdateAccess": "{view.params.AddUpdateAccess}",
                          "DeleteAccess": "{view.params.DeleteAccess}",
                          "Roles": "{view.params.Roles}",
                          "Username": "{view.params.Username}",
                          "ViewAccess": "{view.params.ViewAccess}"
                        },
                        "viewPath": "App/DocumentManager/DocumentManagement/Embedded/Popups/UploadDocuments",
                        "viewportBound": false
                      },
                      "scope": "C",
                      "type": "popup"
                    }
                  }
                },
                "meta": {
                  "name": "UploadIcon"
                },
                "position": {
                  "basis": "20px",
                  "shrink": 0
                },
                "props": {
                  "path": "material/cloud_upload",
                  "style": {
                    "classes": "Global/MarginRight",
                    "cursor": "pointer"
                  }
                },
                "type": "ia.display.icon"
              },
              {
                "events": {
                  "dom": {
                    "onClick": {
                      "config": {
                        "draggable": true,
                        "id": "upload-documents",
                        "modal": true,
                        "overlayDismiss": true,
                        "resizable": true,
                        "showCloseIcon": true,
                        "title": "Upload Documents",
                        "type": "open",
                        "viewParams": {
                          "AddUpdateAccess": "{view.params.AddUpdateAccess}",
                          "DeleteAccess": "{view.params.DeleteAccess}",
                          "Roles": "{view.params.Roles}",
                          "Username": "{view.params.Username}",
                          "ViewAccess": "{view.params.ViewAccess}"
                        },
                        "viewPath": "App/DocumentManager/DocumentManagement/Embedded/Popups/UploadDocuments",
                        "viewportBound": false
                      },
                      "scope": "C",
                      "type": "popup"
                    }
                  }
                },
                "meta": {
                  "name": "UploadLabel"
                },
                "position": {
                  "shrink": 0
                },
                "props": {
                  "style": {
                    "cursor": "pointer"
                  },
                  "text": "Upload"
                },
                "type": "ia.display.label"
              }
            ],
            "meta": {
              "name": "Upload"
            },
            "position": {
              "basis": "100px",
              "shrink": 0
            },
            "propConfig": {
              "meta.visible": {
                "binding": {
                  "config": {
                    "path": "view.params.AddUpdateAccess"
                  },
                  "type": "property"
                }
              }
            },
            "props": {
              "style": {
                "classes": "Global/MarginBottom Global/MarginLeft Global/MarginRight"
              }
            },
            "type": "ia.container.flex"
          },
          {
            "children": [
              {
                "events": {
                  "dom": {
                    "onClick": {
                      "config": {
                        "draggable": true,
                        "id": "folder-create",
                        "modal": true,
                        "overlayDismiss": true,
                        "resizable": true,
                        "showCloseIcon": true,
                        "title": "Create Folder",
                        "type": "open",
                        "viewPath": "App/DocumentManager/DocumentManagement/Embedded/Popups/CreateFolder",
                        "viewportBound": false
                      },
                      "scope": "C",
                      "type": "popup"
                    }
                  }
                },
                "meta": {
                  "name": "FolderIcon"
                },
                "position": {
                  "basis": "20px",
                  "shrink": 0
                },
                "props": {
                  "path": "material/folder",
                  "style": {
                    "classes": "Global/MarginRight",
                    "cursor": "pointer"
                  }
                },
                "type": "ia.display.icon"
              },
              {
                "events": {
                  "dom": {
                    "onClick": {
                      "config": {
                        "draggable": true,
                        "id": "folder-create",
                        "modal": true,
                        "overlayDismiss": true,
                        "resizable": true,
                        "showCloseIcon": true,
                        "title": "Create Folder",
                        "type": "open",
                        "viewPath": "App/DocumentManager/DocumentManagement/Embedded/Popups/CreateFolder",
                        "viewportBound": false
                      },
                      "scope": "C",
                      "type": "popup"
                    }
                  }
                },
                "meta": {
                  "name": "FolderLabel"
                },
                "position": {
                  "shrink": 0
                },
                "props": {
                  "style": {
                    "cursor": "pointer"
                  },
                  "text": "Create Folder"
                },
                "type": "ia.display.label"
              }
            ],
            "meta": {
              "name": "Folder"
            },
            "position": {
              "basis": "140px",
              "shrink": 0
            },
            "propConfig": {
              "meta.visible": {
                "binding": {
                  "config": {
                    "path": "view.params.AddUpdateAccess"
                  },
                  "type": "property"
                }
              }
            },
            "props": {
              "style": {
                "classes": "Global/MarginBottom Global/MarginLeft Global/MarginRight"
              }
            },
            "type": "ia.container.flex"
          },
          {
            "children": [
              {
                "events": {
                  "dom": {
                    "onClick": {
                      "config": {
                        "script": "\tgpa.frontEnd.documentManagement.refreshDocuments()\n\tgpa.frontEnd.documentManagement.refreshFolders()"
                      },
                      "scope": "G",
                      "type": "script"
                    }
                  }
                },
                "meta": {
                  "name": "RefreshIcon"
                },
                "position": {
                  "basis": "20px",
                  "shrink": 0
                },
                "props": {
                  "path": "material/refresh",
                  "style": {
                    "classes": "Global/MarginRight",
                    "cursor": "pointer"
                  }
                },
                "type": "ia.display.icon"
              },
              {
                "events": {
                  "dom": {
                    "onClick": {
                      "config": {
                        "script": "\tgpa.frontEnd.documentManagement.refreshDocuments()\n\tgpa.frontEnd.documentManagement.refreshFolders()"
                      },
                      "scope": "G",
                      "type": "script"
                    }
                  }
                },
                "meta": {
                  "name": "RefreshLabel"
                },
                "position": {
                  "shrink": 0
                },
                "props": {
                  "style": {
                    "classes": "DocumentManagement/Menu/Item",
                    "cursor": "pointer"
                  },
                  "text": "Refresh"
                },
                "type": "ia.display.label"
              }
            ],
            "meta": {
              "name": "Refresh"
            },
            "position": {
              "basis": "100px",
              "shrink": 0
            },
            "propConfig": {
              "meta.visible": {
                "binding": {
                  "config": {
                    "path": "view.params.ViewAccess"
                  },
                  "type": "property"
                }
              }
            },
            "props": {
              "style": {
                "classes": "Global/MarginBottom Global/MarginLeft Global/MarginRight"
              }
            },
            "type": "ia.container.flex"
          }
        ],
        "meta": {
          "name": "Row3"
        },
        "position": {
          "shrink": 0
        },
        "props": {
          "style": {
            "classes": "Global/MarginBottom Global/MarginRight"
          }
        },
        "type": "ia.container.flex"
      },
      {
        "children": [
          {
            "meta": {
              "name": "Filters Applied"
            },
            "position": {
              "grow": 1,
              "shrink": 0
            },
            "propConfig": {
              "position.display": {
                "binding": {
                  "config": {
                    "path": "session.custom.DMfilters.HasFilters"
                  },
                  "type": "property"
                }
              }
            },
            "props": {
              "style": {
                "fontStyle": "italic"
              },
              "text": "Filters are applied"
            },
            "type": "ia.display.label"
          }
        ],
        "meta": {
          "name": "Row4"
        },
        "position": {
          "shrink": 0
        },
        "props": {
          "style": {
            "classes": "Global/MarginBottom Global/MarginLeft Global/MarginRight"
          }
        },
        "type": "ia.container.flex"
      },
      {
        "children": [
          {
            "events": {
              "component": {
                "onRowClick": {
                  "config": {
                    "script": "\tif len(event.value):\n\t\tif event.value[\"Type\"] \u003d\u003d \"document\":\n\t\t\tid \u003d event.value[\"ID\"]\n\t\t\tself.session.custom.SelectedDocumentID \u003d id\n\t\t\tsystem.perspective.openDock(id\u003d\"document\", params \u003d {\u0027Username\u0027 : self.view.params.Username, \u0027ViewAccess\u0027 : self.view.params.ViewAccess, \u0027AddUpdateAccess\u0027 : self.view.params.AddUpdateAccess, \u0027DeleteAccess\u0027 : self.view.params.DeleteAccess, \u0027Roles\u0027 : self.view.params.Roles})\n\t\telse:\n\t\t\tpathStr \u003d self.session.custom.DMfilters.Folder.PathStr\n\t\t\tpathStr +\u003d \"/%d:%d:%s\" % (event.row, event.value[\"ID\"], event.value[\"Name\"])\n\t\t\tpath \u003d \"/\".join([part.split(\":\")[0] for part in pathStr.split(\"/\")])\n\t\t\tself.props.selection.selectedRow \u003d -1\n\t\t\tgpa.frontEnd.documentManagement.selectFolderPath(event.value[\"ID\"], event.value[\"Name\"], pathStr, path)\n\t\t\tsystem.perspective.closeDock(id\u003d\"document\")\n\telse:\n\t\tsystem.perspective.closeDock(id\u003d\"document\")"
                  },
                  "scope": "G",
                  "type": "script"
                }
              }
            },
            "meta": {
              "name": "Table"
            },
            "position": {
              "grow": 1,
              "shrink": 0
            },
            "propConfig": {
              "props.data": {
                "binding": {
                  "config": {
                    "parameters": {
                      "endDate": "{session.custom.DMfilters.Date.End}",
                      "folderID": "{session.custom.DMfilters.Folder.ID}",
                      "folderSearch": "{session.custom.DMfilters.Search}",
                      "roles": "{view.params.Roles}",
                      "search": "{session.custom.DMfilters.Search}",
                      "startDate": "{session.custom.DMfilters.Date.Start}",
                      "status": "{session.custom.DMfilters.Status}",
                      "tagSearch": "{session.custom.DMfilters.TagsWhere}",
                      "userSearch": "{session.custom.DMfilters.UsersWhere}",
                      "username": "{view.params.Username}"
                    },
                    "queryPath": "app/DocumentManagement/documents/getDocumentTable",
                    "returnFormat": "json"
                  },
                  "transforms": [
                    {
                      "code": "\tret \u003d []\n\t\t\n\textensions \u003d self.session.custom.AllowedFileTypes\n\tfor row in value:\n\t\ticon \u003d \"folder\"\n\t\tif row[\"Type\"] \u003d\u003d \"document\":\n\t\t\ticon \u003d extensions.get(row[\"Extension\"], \"Description\")\n\t\trow[\"Size\"] \u003d gpa.frontEnd.documentManagement.sizeToString(row[\"Size\"])\n\t\trow[\"Icon\"] \u003d icon\n\t\trow[\"Action\"] \u003d {\"id\":row[\"ID\"], \"type\":row[\"Type\"]}\n\t\tret.append(row)\n\t\n\treturn ret",
                      "type": "script"
                    }
                  ],
                  "type": "query"
                }
              }
            },
            "props": {
              "cells": {
                "style": {
                  "classes": "DocumentManagement/Page/Text"
                }
              },
              "columns": [
                {
                  "align": "center",
                  "boolean": "checkbox",
                  "dateFormat": "MM/DD/YYYY",
                  "editable": false,
                  "field": "Icon",
                  "footer": {
                    "align": "center",
                    "justify": "left",
                    "style": {
                      "classes": ""
                    },
                    "title": ""
                  },
                  "header": {
                    "align": "center",
                    "justify": "left",
                    "style": {
                      "classes": ""
                    },
                    "title": " "
                  },
                  "justify": "auto",
                  "number": "value",
                  "numberFormat": "0,0.##",
                  "progressBar": {
                    "bar": {
                      "color": "",
                      "style": {
                        "classes": ""
                      }
                    },
                    "max": 100,
                    "min": 0,
                    "track": {
                      "color": "",
                      "style": {
                        "classes": ""
                      }
                    },
                    "value": {
                      "enabled": true,
                      "format": "0,0.##",
                      "justify": "center",
                      "style": {
                        "classes": ""
                      }
                    }
                  },
                  "render": "view",
                  "resizable": true,
                  "sort": "none",
                  "sortable": false,
                  "strictWidth": true,
                  "style": {
                    "classes": ""
                  },
                  "toggleSwitch": {
                    "color": {
                      "selected": "",
                      "unselected": ""
                    }
                  },
                  "viewParams": {},
                  "viewPath": "App/DocumentManager/DocumentManagement/Embedded/Icons/FileIcon",
                  "visible": true,
                  "width": 45
                },
                {
                  "align": "center",
                  "boolean": "checkbox",
                  "dateFormat": "MM/DD/YYYY",
                  "editable": false,
                  "field": "Name",
                  "footer": {
                    "align": "center",
                    "justify": "left",
                    "style": {
                      "classes": ""
                    },
                    "title": ""
                  },
                  "header": {
                    "align": "center",
                    "justify": "left",
                    "style": {
                      "classes": "DocumentManagement/Page/Header"
                    },
                    "title": "Name"
                  },
                  "justify": "auto",
                  "number": "value",
                  "numberFormat": "0,0.##",
                  "progressBar": {
                    "bar": {
                      "color": "",
                      "style": {
                        "classes": ""
                      }
                    },
                    "max": 100,
                    "min": 0,
                    "track": {
                      "color": "",
                      "style": {
                        "classes": ""
                      }
                    },
                    "value": {
                      "enabled": true,
                      "format": "0,0.##",
                      "justify": "center",
                      "style": {
                        "classes": ""
                      }
                    }
                  },
                  "render": "string",
                  "resizable": true,
                  "sort": "none",
                  "sortable": true,
                  "strictWidth": false,
                  "style": {
                    "classes": ""
                  },
                  "toggleSwitch": {
                    "color": {
                      "selected": "",
                      "unselected": ""
                    }
                  },
                  "viewParams": {},
                  "viewPath": "",
                  "visible": true,
                  "width": ""
                },
                {
                  "align": "center",
                  "boolean": "checkbox",
                  "dateFormat": "MM/DD/YYYY",
                  "editable": false,
                  "field": "Size",
                  "footer": {
                    "align": "center",
                    "justify": "left",
                    "style": {
                      "classes": ""
                    },
                    "title": ""
                  },
                  "header": {
                    "align": "center",
                    "justify": "left",
                    "style": {
                      "classes": "DocumentManagement/Page/Header"
                    },
                    "title": "Size"
                  },
                  "justify": "auto",
                  "number": "value",
                  "numberFormat": "0,0.##",
                  "progressBar": {
                    "bar": {
                      "color": "",
                      "style": {
                        "classes": ""
                      }
                    },
                    "max": 100,
                    "min": 0,
                    "track": {
                      "color": "",
                      "style": {
                        "classes": ""
                      }
                    },
                    "value": {
                      "enabled": true,
                      "format": "0,0.##",
                      "justify": "center",
                      "style": {
                        "classes": ""
                      }
                    }
                  },
                  "render": "auto",
                  "resizable": true,
                  "sort": "none",
                  "sortable": true,
                  "strictWidth": true,
                  "style": {
                    "classes": ""
                  },
                  "toggleSwitch": {
                    "color": {
                      "selected": "",
                      "unselected": ""
                    }
                  },
                  "viewParams": {},
                  "viewPath": "",
                  "visible": true,
                  "width": 70
                },
                {
                  "align": "center",
                  "boolean": "checkbox",
                  "dateFormat": "MM/DD/YYYY",
                  "editable": false,
                  "field": "Extension",
                  "footer": {
                    "align": "center",
                    "justify": "left",
                    "style": {
                      "classes": ""
                    },
                    "title": ""
                  },
                  "header": {
                    "align": "center",
                    "justify": "left",
                    "style": {
                      "classes": "DocumentManagement/Page/Header"
                    },
                    "title": "Ext."
                  },
                  "justify": "auto",
                  "number": "value",
                  "numberFormat": "0,0.##",
                  "progressBar": {
                    "bar": {
                      "color": "",
                      "style": {
                        "classes": ""
                      }
                    },
                    "max": 100,
                    "min": 0,
                    "track": {
                      "color": "",
                      "style": {
                        "classes": ""
                      }
                    },
                    "value": {
                      "enabled": true,
                      "format": "0,0.##",
                      "justify": "center",
                      "style": {
                        "classes": ""
                      }
                    }
                  },
                  "render": "auto",
                  "resizable": true,
                  "sort": "none",
                  "sortable": true,
                  "strictWidth": true,
                  "style": {
                    "classes": ""
                  },
                  "toggleSwitch": {
                    "color": {
                      "selected": "",
                      "unselected": ""
                    }
                  },
                  "viewParams": {},
                  "viewPath": "",
                  "visible": true,
                  "width": 60
                },
                {
                  "align": "center",
                  "boolean": "checkbox",
                  "dateFormat": "MM/DD/YYYY",
                  "editable": false,
                  "field": "Version",
                  "filter": {
                    "boolean": {
                      "condition": ""
                    },
                    "date": {
                      "condition": "",
                      "value": ""
                    },
                    "enabled": false,
                    "number": {
                      "condition": "",
                      "value": ""
                    },
                    "string": {
                      "condition": "",
                      "value": ""
                    },
                    "visible": "on-hover"
                  },
                  "footer": {
                    "align": "center",
                    "justify": "left",
                    "style": {
                      "classes": ""
                    },
                    "title": ""
                  },
                  "header": {
                    "align": "center",
                    "justify": "left",
                    "style": {
                      "classes": ""
                    },
                    "title": ""
                  },
                  "justify": "auto",
                  "nullFormat": {
                    "includeNullStrings": false,
                    "nullFormatValue": "",
                    "strict": false
                  },
                  "number": "value",
                  "numberFormat": "0,0.##",
                  "progressBar": {
                    "bar": {
                      "color": "",
                      "style": {
                        "classes": ""
                      }
                    },
                    "max": 100,
                    "min": 0,
                    "track": {
                      "color": "",
                      "style": {
                        "classes": ""
                      }
                    },
                    "value": {
                      "enabled": true,
                      "format": "0,0.##",
                      "justify": "center",
                      "style": {
                        "classes": ""
                      }
                    }
                  },
                  "render": "auto",
                  "resizable": true,
                  "sort": "none",
                  "sortable": true,
                  "strictWidth": true,
                  "style": {
                    "classes": ""
                  },
                  "toggleSwitch": {
                    "color": {
                      "selected": "",
                      "unselected": ""
                    }
                  },
                  "viewParams": {},
                  "viewPath": "",
                  "visible": true,
                  "width": 80
                },
                {
                  "align": "center",
                  "boolean": "checkbox",
                  "dateFormat": "MM/DD/YYYY h:mm a",
                  "editable": false,
                  "field": "Modified",
                  "footer": {
                    "align": "center",
                    "justify": "left",
                    "style": {
                      "classes": ""
                    },
                    "title": ""
                  },
                  "header": {
                    "align": "center",
                    "justify": "left",
                    "style": {
                      "classes": "DocumentManagement/Page/Header"
                    },
                    "title": "Date Modified"
                  },
                  "justify": "auto",
                  "number": "value",
                  "numberFormat": "0,0.##",
                  "progressBar": {
                    "bar": {
                      "color": "",
                      "style": {
                        "classes": ""
                      }
                    },
                    "max": 100,
                    "min": 0,
                    "track": {
                      "color": "",
                      "style": {
                        "classes": ""
                      }
                    },
                    "value": {
                      "enabled": true,
                      "format": "0,0.##",
                      "justify": "center",
                      "style": {
                        "classes": ""
                      }
                    }
                  },
                  "render": "date",
                  "resizable": true,
                  "sort": "none",
                  "sortable": true,
                  "strictWidth": true,
                  "style": {
                    "classes": ""
                  },
                  "toggleSwitch": {
                    "color": {
                      "selected": "",
                      "unselected": ""
                    }
                  },
                  "viewParams": {},
                  "viewPath": "",
                  "visible": true,
                  "width": 135
                },
                {
                  "align": "center",
                  "boolean": "checkbox",
                  "dateFormat": "MM/DD/YYYY",
                  "editable": false,
                  "field": "Action",
                  "footer": {
                    "align": "center",
                    "justify": "left",
                    "style": {
                      "classes": ""
                    },
                    "title": ""
                  },
                  "header": {
                    "align": "center",
                    "justify": "left",
                    "style": {
                      "classes": ""
                    },
                    "title": " "
                  },
                  "justify": "auto",
                  "number": "value",
                  "numberFormat": "0,0.##",
                  "progressBar": {
                    "bar": {
                      "color": "",
                      "style": {
                        "classes": ""
                      }
                    },
                    "max": 100,
                    "min": 0,
                    "track": {
                      "color": "",
                      "style": {
                        "classes": ""
                      }
                    },
                    "value": {
                      "enabled": true,
                      "format": "0,0.##",
                      "justify": "center",
                      "style": {
                        "classes": ""
                      }
                    }
                  },
                  "render": "view",
                  "resizable": true,
                  "sort": "none",
                  "sortable": false,
                  "strictWidth": true,
                  "style": {
                    "classes": ""
                  },
                  "toggleSwitch": {
                    "color": {
                      "selected": "",
                      "unselected": ""
                    }
                  },
                  "viewParams": {},
                  "viewPath": "App/DocumentManager/DocumentManagement/Embedded/Icons/DownloadIcon",
                  "visible": true,
                  "width": 45
                },
                {
                  "align": "center",
                  "boolean": "checkbox",
                  "dateFormat": "MM/DD/YYYY",
                  "editable": false,
                  "field": "Type",
                  "footer": {
                    "align": "center",
                    "justify": "left",
                    "style": {
                      "classes": ""
                    },
                    "title": ""
                  },
                  "header": {
                    "align": "center",
                    "justify": "left",
                    "style": {
                      "classes": ""
                    },
                    "title": ""
                  },
                  "justify": "auto",
                  "number": "value",
                  "numberFormat": "0,0.##",
                  "progressBar": {
                    "bar": {
                      "color": "",
                      "style": {
                        "classes": ""
                      }
                    },
                    "max": 100,
                    "min": 0,
                    "track": {
                      "color": "",
                      "style": {
                        "classes": ""
                      }
                    },
                    "value": {
                      "enabled": true,
                      "format": "0,0.##",
                      "justify": "center",
                      "style": {
                        "classes": ""
                      }
                    }
                  },
                  "render": "auto",
                  "resizable": true,
                  "sort": "none",
                  "sortable": true,
                  "strictWidth": false,
                  "style": {
                    "classes": ""
                  },
                  "toggleSwitch": {
                    "color": {
                      "selected": "",
                      "unselected": ""
                    }
                  },
                  "viewParams": {},
                  "viewPath": "",
                  "visible": false,
                  "width": ""
                },
                {
                  "align": "center",
                  "boolean": "checkbox",
                  "dateFormat": "MM/DD/YYYY",
                  "editable": false,
                  "field": "ID",
                  "footer": {
                    "align": "center",
                    "justify": "left",
                    "style": {
                      "classes": ""
                    },
                    "title": ""
                  },
                  "header": {
                    "align": "center",
                    "justify": "left",
                    "style": {
                      "classes": ""
                    },
                    "title": ""
                  },
                  "justify": "auto",
                  "number": "value",
                  "numberFormat": "0,0.##",
                  "progressBar": {
                    "bar": {
                      "color": "",
                      "style": {
                        "classes": ""
                      }
                    },
                    "max": 100,
                    "min": 0,
                    "track": {
                      "color": "",
                      "style": {
                        "classes": ""
                      }
                    },
                    "value": {
                      "enabled": true,
                      "format": "0,0.##",
                      "justify": "center",
                      "style": {
                        "classes": ""
                      }
                    }
                  },
                  "render": "auto",
                  "resizable": true,
                  "sort": "none",
                  "sortable": true,
                  "strictWidth": false,
                  "style": {
                    "classes": ""
                  },
                  "toggleSwitch": {
                    "color": {
                      "selected": "",
                      "unselected": ""
                    }
                  },
                  "viewParams": {},
                  "viewPath": "",
                  "visible": false,
                  "width": ""
                }
              ],
              "emptyMessage": {
                "noData": {
                  "text": "No documents or folders"
                },
                "noFilterResults": {
                  "text": "No documents or folders that meet the filters"
                }
              },
              "pager": {
                "bottom": false
              },
              "rows": {
                "highlight": {
                  "enabled": false
                },
                "striped": {
                  "enabled": false
                }
              },
              "style": {
                "overflow": "auto"
              },
              "virtualized": false
            },
            "scripts": {
              "customMethods": [],
              "extensionFunctions": null,
              "messageHandlers": [
                {
                  "messageType": "document-refresh",
                  "pageScope": true,
                  "script": "\tself.refreshBinding(\"props.data\")",
                  "sessionScope": false,
                  "viewScope": false
                },
                {
                  "messageType": "document-clear",
                  "pageScope": true,
                  "script": "\tself.props.selection.selectedRow \u003d -1",
                  "sessionScope": false,
                  "viewScope": false
                }
              ]
            },
            "type": "ia.display.table"
          }
        ],
        "meta": {
          "name": "Row5"
        },
        "position": {
          "grow": 1
        },
        "propConfig": {
          "meta.visible": {
            "binding": {
              "config": {
                "path": "view.params.ViewAccess"
              },
              "type": "property"
            }
          }
        },
        "props": {
          "style": {
            "classes": "Global/MarginBottom Global/MarginLeft Global/MarginRight"
          }
        },
        "type": "ia.container.flex"
      }
    ],
    "meta": {
      "name": "root"
    },
    "props": {
      "direction": "column",
      "style": {
        "classes": "Global/MarginAllEmbedded"
      }
    },
    "type": "ia.container.flex"
  }
}