{
  "custom": {
    "Dataset": {
      "$": [
        "ds",
        192,
        1712841421626
      ],
      "$columns": [
        {
          "data": [],
          "name": "ID",
          "type": "Integer"
        },
        {
          "data": [],
          "name": "Email",
          "type": "String"
        },
        {
          "data": [],
          "name": "NotifyLowMaterials",
          "type": "Boolean"
        }
      ]
    },
    "EmailTextValue": "",
    "NotifyLowMaterials": false
  },
  "params": {
    "AddEmail": false,
    "EmailID": 0
  },
  "propConfig": {
    "custom.Dataset": {
      "binding": {
        "config": {
          "expression": "runScript(\u0027mes.documentManagement.sp.getEmails\u0027,\r\n\t0,\r\n\t{view.params.EmailID}, \r\n\tNULL,\r\n\tNULL \r\n)"
        },
        "transforms": [
          {
            "code": "\taddEmail \u003d self.params.AddEmail\n\t\n\tif not addEmail:\n\t\tif value.getRowCount() \u003e 0:\n\t\t\temail \u003d value.getValueAt(0, \u0027Email\u0027)\n\t\t\tnotifyLowMaterials \u003d value.getValueAt(0, \u0027NotifyLowMaterials\u0027)\n\t\t\tself.custom.EmailTextValue \u003d email\n\t\t\tself.custom.NotifyLowMaterials \u003d notifyLowMaterials\n\telse:\n\t\tself.custom.EmailTextValue \u003d \u0027\u0027\n\t\tself.custom.NotifyLowMaterials \u003d false\n\treturn value",
            "type": "script"
          }
        ],
        "type": "expr"
      },
      "persistent": true
    },
    "custom.EmailTextValue": {
      "binding": {
        "config": {
          "bidirectional": true,
          "path": "/root/Row1/EmailName.props.text"
        },
        "type": "property"
      },
      "persistent": true
    },
    "custom.NotifyLowMaterials": {
      "binding": {
        "config": {
          "bidirectional": true,
          "path": "/root/Row2/NotifyLowMatCheckbox.props.selected"
        },
        "type": "property"
      },
      "persistent": true
    },
    "params.AddEmail": {
      "paramDirection": "input",
      "persistent": true
    },
    "params.EmailID": {
      "paramDirection": "input",
      "persistent": true
    }
  },
  "props": {
    "defaultSize": {
      "height": 160,
      "width": 340
    }
  },
  "root": {
    "children": [
      {
        "children": [
          {
            "meta": {
              "name": "EmailLabel"
            },
            "props": {
              "style": {
                "classes": "Global/MarginLeft Global/MarginRight",
                "fontWeight": "bold"
              },
              "text": "Email:"
            },
            "type": "ia.display.label"
          },
          {
            "meta": {
              "name": "EmailName"
            },
            "position": {
              "basis": "30px",
              "grow": 1
            },
            "props": {
              "style": {
                "classes": "TextFields/TextField"
              }
            },
            "type": "ia.input.text-field"
          }
        ],
        "meta": {
          "name": "Row1"
        },
        "position": {
          "basis": "100px"
        },
        "props": {
          "style": {
            "classes": "Global/MarginLeft Global/MarginRight Global/MarginBottom"
          }
        },
        "type": "ia.container.flex"
      },
      {
        "children": [
          {
            "meta": {
              "name": "NotifyLowMatCheckbox"
            },
            "position": {
              "basis": "260px"
            },
            "props": {
              "text": "Notify When Materials Are Low",
              "textPosition": "left"
            },
            "type": "ia.input.checkbox"
          }
        ],
        "meta": {
          "name": "Row2"
        },
        "position": {
          "basis": "100px"
        },
        "props": {
          "style": {
            "classes": "Global/MarginLeft Global/MarginRight Global/MarginBottom"
          }
        },
        "type": "ia.container.flex"
      },
      {
        "children": [
          {
            "children": [
              {
                "events": {
                  "dom": {
                    "onClick": {
                      "config": {
                        "script": "\t################################\n\t##########REV NOTES#############\n\t# Description\n\t# Script to call addUpdateEmail function\n\t#\n\t# Initials ... Date ... Change\n\t# NL ... 03/13/2024 ... Initial Creation\n\t# NL ... 04/10/2024 ... Updated to include notifyLowMaterials\n\t\n\taddEmail \u003d self.view.params.AddEmail\n\temail \u003d self.view.custom.EmailTextValue\n\temailID \u003d self.view.params.EmailID\n\tnotifyLowMaterials \u003d self.view.custom.NotifyLowMaterials\n\t\n\tgpa.frontEnd.documentManagement.addUpdateEmail(addEmail, email, emailID, notifyLowMaterials)"
                      },
                      "scope": "G",
                      "type": "script"
                    }
                  }
                },
                "meta": {
                  "name": "SaveButton"
                },
                "position": {
                  "basis": "100%"
                },
                "props": {
                  "params": {
                    "BackgroundColor": "value",
                    "Enabled": true,
                    "Hover": true,
                    "IconPath": "material/check",
                    "IsSelectable": false,
                    "Label": "Save",
                    "Selected": true,
                    "Size": "value",
                    "Type": "value"
                  },
                  "path": "GlobalComponents/Buttons/Button"
                },
                "type": "ia.display.view"
              }
            ],
            "meta": {
              "name": "Save"
            },
            "position": {
              "basis": "50%",
              "grow": 1
            },
            "props": {
              "style": {
                "classes": "Global/MarginRight"
              }
            },
            "type": "ia.container.flex"
          },
          {
            "children": [
              {
                "events": {
                  "dom": {
                    "onClick": {
                      "config": {
                        "script": "\tsystem.perspective.closePopup(\u0027\u0027)"
                      },
                      "scope": "G",
                      "type": "script"
                    }
                  }
                },
                "meta": {
                  "name": "CancelButton"
                },
                "position": {
                  "basis": "100%"
                },
                "props": {
                  "params": {
                    "BackgroundColor": "value",
                    "Enabled": true,
                    "Hover": true,
                    "IconPath": "material/close",
                    "IsSelectable": false,
                    "Label": "Cancel",
                    "Selected": true,
                    "Size": "value",
                    "Type": "value"
                  },
                  "path": "GlobalComponents/Buttons/Button"
                },
                "type": "ia.display.view"
              }
            ],
            "meta": {
              "name": "Cancel"
            },
            "position": {
              "basis": "50%",
              "grow": 1
            },
            "type": "ia.container.flex"
          }
        ],
        "meta": {
          "name": "Row3"
        },
        "position": {
          "basis": "80px"
        },
        "props": {
          "justify": "space-around",
          "style": {
            "classes": "Global/MarginLeft Global/MarginRight Global/MarginBottom"
          }
        },
        "type": "ia.container.flex"
      }
    ],
    "meta": {
      "name": "root"
    },
    "props": {
      "direction": "column"
    },
    "type": "ia.container.flex"
  }
}