{
  "custom": {
    "AttributeData": {},
    "ConformanceReport": false,
    "DidTestFail": false,
    "MaterialValues": {},
    "PartsValues": {},
    "TestValues": {
      "MaterialLotID": null
    }
  },
  "params": {
    "TestID": 55,
    "TestType": ""
  },
  "propConfig": {
    "custom.AttributeData": {
      "persistent": true
    },
    "custom.AttributeData.Dataset": {
      "binding": {
        "config": {
          "expression": "runscript(\u0027mes.quality.sp.getTestAttributeValues\u0027, 0, {view.params.TestID})"
        },
        "type": "expr"
      }
    },
    "custom.AttributeData.OutputValues": {
      "binding": {
        "config": {
          "path": "/root/EmbeddedView.props.params.OutputValues"
        },
        "transforms": [
          {
            "code": "\timport json\n\tdataset \u003d system.dataset.toPyDataSet(value)\n\tresult \u003d []\n\tfor row in dataset:\n\t    attribute_id \u003d row[\"TestAttributeID\"]\n\t    int_value \u003d row[\"IntValue\"]\n\t    float_value \u003d row[\"FloatValue\"]\n\t    bool_value \u003d row[\"BoolValue\"]\n\t    string_value \u003d row[\"StringValue\"]\n\t\n\t    values \u003d {}\n\t    if int_value is not None and int_value !\u003d \"\":\n\t        values[\"int\"] \u003d int_value\n\t    if float_value is not None and float_value !\u003d \"\":\n\t        values[\"float\"] \u003d float_value\n\t    if bool_value is not None and bool_value !\u003d \"\":\n\t        values[\"bool\"] \u003d bool_value\n\t    if string_value is not None and string_value !\u003d \"\":\n\t        values[\"string\"] \u003d string_value\n\t\n\t    formatted_row \u003d {\n\t        \"AttributeID\": attribute_id,\n\t        \"Values\": values\n\t    }\n\t\n\t    result.append(formatted_row)\n\t    result_json \u003d json.dumps(result)\n\t\n\treturn result_json",
            "type": "script"
          }
        ],
        "type": "property"
      }
    },
    "custom.ConformanceReport": {
      "persistent": true
    },
    "custom.DidTestFail": {
      "binding": {
        "config": {
          "path": "/root/EmbeddedView.props.params.OutputValues"
        },
        "transforms": [
          {
            "code": "\tdataset \u003d system.dataset.toPyDataSet(value)\n\tfailed \u003d False\n\t\n\tfor row in dataset:\n\t    dataType \u003d row[3]\n\t    savedValue \u003d row[4]\n\t    hiLimit \u003d row[10]\n\t    loLimit \u003d row[12]\n\t\n\t    if dataType in [\"Integer\", \"Float\"] and savedValue is not None:\n\t        savedValue \u003d float(savedValue)\n\t        hiLimit \u003d float(hiLimit)\n\t        loLimit \u003d float(loLimit)\n\t\n\t        if savedValue \u003e hiLimit or savedValue \u003c loLimit:\n\t            failed \u003d True\n\t            break\n\t\n\treturn(failed)",
            "type": "script"
          }
        ],
        "type": "property"
      },
      "persistent": true
    },
    "custom.MaterialValues": {
      "persistent": true
    },
    "custom.MaterialValues.DS": {
      "binding": {
        "config": {
          "expression": "if({view.custom.TestValues.MaterialNumber} !\u003d None, runscript(\u0027mes.schedule.sp.getMaterialLots\u0027, 0, {session.custom.SelectedSite}, None, {view.custom.TestValues.MaterialNumber}, False, False), None)\r\n//getMaterialLots(SiteID, MaterialID \u003d None, MaterialLotNumber \u003d None, GetZeroQty \u003d False, GetDisabled \u003d False):\r\n"
        },
        "type": "expr"
      }
    },
    "custom.MaterialValues.Description": {
      "binding": {
        "config": {
          "path": "view.custom.MaterialValues.DS"
        },
        "transforms": [
          {
            "code": "\treturn value.getValueAt(0, \u0027Description\u0027)",
            "type": "script"
          }
        ],
        "type": "property"
      }
    },
    "custom.MaterialValues.LotNumber": {
      "binding": {
        "config": {
          "path": "view.custom.MaterialValues.DS"
        },
        "transforms": [
          {
            "code": "\treturn value.getValueAt(0, \u0027LotNumber\u0027)",
            "type": "script"
          }
        ],
        "type": "property"
      }
    },
    "custom.MaterialValues.MaterialLotNumber": {
      "binding": {
        "config": {
          "path": "view.custom.MaterialValues.DS"
        },
        "transforms": [
          {
            "code": "\treturn value.getValueAt(0, \u0027ID\u0027)",
            "type": "script"
          }
        ],
        "type": "property"
      }
    },
    "custom.MaterialValues.MaterialName": {
      "binding": {
        "config": {
          "path": "view.custom.MaterialValues.DS"
        },
        "transforms": [
          {
            "code": "\treturn value.getValueAt(0, \u0027Name\u0027)",
            "type": "script"
          }
        ],
        "type": "property"
      }
    },
    "custom.MaterialValues.MaterialValid": {
      "binding": {
        "config": {
          "path": "view.custom.MaterialValues.DS"
        },
        "transforms": [
          {
            "expression": "if(len({value}) \u003e 0, true, false)",
            "type": "expression"
          }
        ],
        "type": "property"
      }
    },
    "custom.PartsValues": {
      "persistent": true
    },
    "custom.PartsValues.Accumulator": {
      "binding": {
        "config": {
          "path": "view.custom.PartsValues.DS"
        },
        "transforms": [
          {
            "code": "\treturn value.getValueAt(0, \u0027Accumulator\u0027)",
            "type": "script"
          }
        ],
        "type": "property"
      }
    },
    "custom.PartsValues.CreationDate": {
      "binding": {
        "config": {
          "path": "view.custom.PartsValues.DS"
        },
        "transforms": [
          {
            "code": "\treturn value.getValueAt(0, \u0027CreationTime\u0027)",
            "type": "script"
          },
          {
            "formatType": "datetime",
            "formatValue": {
              "date": "short",
              "time": "short"
            },
            "type": "format"
          }
        ],
        "type": "property"
      }
    },
    "custom.PartsValues.DS": {
      "binding": {
        "config": {
          "expression": "runscript(\u0027mes.trace.sp.getParts\u0027, 0, Null, Null, {view.custom.PartsValues.PartsLabel}, True, Null,Null,Null,Null,False, False)\r\n\r\n//getParts(StartTime \u003d None, EndTime \u003d None, Label \u003d None, LabelExactMatch \u003d False, ProductCodeID \u003d None, Workorder \u003d None, InventoryID \u003d None, AccumulatorID \u003d None, GetCompletedOnly \u003d False, GetWIPOnly \u003d False):\r\n"
        },
        "type": "expr"
      }
    },
    "custom.PartsValues.ID": {
      "binding": {
        "config": {
          "path": "view.custom.PartsValues.DS"
        },
        "transforms": [
          {
            "code": "\treturn value.getValueAt(0, \u0027ID\u0027)",
            "type": "script"
          }
        ],
        "type": "property"
      }
    },
    "custom.PartsValues.Inventory": {
      "binding": {
        "config": {
          "path": "view.custom.PartsValues.DS"
        },
        "transforms": [
          {
            "code": "\treturn value.getValueAt(0, \u0027Inventory\u0027)",
            "type": "script"
          }
        ],
        "type": "property"
      }
    },
    "custom.PartsValues.PartValid": {
      "binding": {
        "config": {
          "path": "view.custom.PartsValues.DS"
        },
        "transforms": [
          {
            "expression": "if(len({value}) \u003e 0, true, false)",
            "type": "expression"
          }
        ],
        "type": "property"
      }
    },
    "custom.PartsValues.PartsLabel": {
      "binding": {
        "config": {
          "path": "/root/Top/Right/Data/PartLabelValue.props.text"
        },
        "type": "property"
      }
    },
    "custom.PartsValues.ProductCode": {
      "binding": {
        "config": {
          "path": "view.custom.PartsValues.DS"
        },
        "transforms": [
          {
            "code": "\treturn value.getValueAt(0, \u0027ProductCode\u0027)",
            "type": "script"
          }
        ],
        "type": "property"
      }
    },
    "custom.PartsValues.ProductCodeID": {
      "binding": {
        "config": {
          "path": "view.custom.PartsValues.DS"
        },
        "transforms": [
          {
            "code": "\treturn value.getValueAt(0, \u0027ProductCodeID\u0027)",
            "type": "script"
          }
        ],
        "type": "property"
      }
    },
    "custom.PartsValues.WorkOrder": {
      "binding": {
        "config": {
          "path": "view.custom.PartsValues.DS"
        },
        "transforms": [
          {
            "code": "\treturn value.getValueAt(0, \u0027WorkOrder\u0027)",
            "type": "script"
          }
        ],
        "type": "property"
      }
    },
    "custom.TestValues": {
      "persistent": true
    },
    "custom.TestValues.DS": {
      "binding": {
        "config": {
          "expression": "runscript(\u0027mes.quality.sp.getTests\u0027, 0, {session.custom.SelectedSite}, {view.custom.TestValues.TestID})"
        },
        "type": "expr"
      }
    },
    "custom.TestValues.DateCreated": {
      "binding": {
        "config": {
          "expression": "runscript(\u0027mes.quality.sp.getPartTest\u0027, 0, {view.custom.TestValues.TestID})"
        },
        "transforms": [
          {
            "code": "\tret \u003d value.getValueAt(0, \u0027DateCreated\u0027)\n\treturn ret\n\t",
            "type": "script"
          }
        ],
        "type": "expr"
      }
    },
    "custom.TestValues.IsPass": {
      "binding": {
        "config": {
          "path": "view.custom.TestValues.DS"
        },
        "transforms": [
          {
            "code": "\treturn value.getValueAt(0, \u0027IsPass\u0027)",
            "type": "script"
          },
          {
            "expression": "if({value} \u003d Null, false, true)",
            "type": "expression"
          }
        ],
        "type": "property"
      }
    },
    "custom.TestValues.Label": {
      "binding": {
        "config": {
          "path": "view.custom.TestValues.DS"
        },
        "transforms": [
          {
            "code": "\treturn value.getValueAt(0, \u0027Label\u0027)",
            "type": "script"
          }
        ],
        "type": "property"
      }
    },
    "custom.TestValues.MaterialNumber": {
      "binding": {
        "config": {
          "path": "view.custom.TestValues.DS"
        },
        "transforms": [
          {
            "code": "\treturn value.getValueAt(0, \u0027MaterialLotNumber\u0027)",
            "type": "script"
          }
        ],
        "type": "property"
      }
    },
    "custom.TestValues.Notes": {
      "binding": {
        "config": {
          "path": "view.custom.TestValues.DS"
        },
        "transforms": [
          {
            "code": "\treturn value.getValueAt(0, \u0027Notes\u0027)",
            "type": "script"
          }
        ],
        "type": "property"
      }
    },
    "custom.TestValues.TestID": {
      "binding": {
        "config": {
          "path": "view.params.TestID"
        },
        "type": "property"
      }
    },
    "params.TestID": {
      "paramDirection": "input",
      "persistent": true
    },
    "params.TestType": {
      "paramDirection": "input",
      "persistent": true
    }
  },
  "props": {
    "defaultSize": {
      "height": 632,
      "width": 995
    }
  },
  "root": {
    "children": [
      {
        "children": [
          {
            "children": [
              {
                "meta": {
                  "name": "Label1"
                },
                "props": {
                  "style": {
                    "classes": "Global/MarginBottom Global/MarginLeft TextFields/Root TextFields/TextTitle"
                  },
                  "text": "Test:",
                  "textStyle": {
                    "fontWeight": "bold",
                    "textAlign": "left"
                  }
                },
                "type": "ia.display.label"
              },
              {
                "meta": {
                  "name": "Value1"
                },
                "position": {
                  "grow": 1
                },
                "propConfig": {
                  "props.text": {
                    "binding": {
                      "config": {
                        "path": "view.custom.TestValues.TestID"
                      },
                      "type": "property"
                    }
                  }
                },
                "props": {
                  "style": {
                    "classes": "Global/MarginBottom Global/MarginLeft TextFields/Root TextFields/TextTitle"
                  },
                  "textStyle": {
                    "classes": "TextFields/TextTitle",
                    "textAlign": "left"
                  }
                },
                "type": "ia.display.label"
              },
              {
                "meta": {
                  "name": "Label2"
                },
                "props": {
                  "style": {
                    "classes": "Global/MarginBottom Global/MarginLeft TextFields/Root TextFields/TextTitle"
                  },
                  "text": "Date:",
                  "textStyle": {
                    "fontWeight": "bold",
                    "textAlign": "left"
                  }
                },
                "type": "ia.display.label"
              },
              {
                "meta": {
                  "name": "Value2"
                },
                "position": {
                  "grow": 1
                },
                "propConfig": {
                  "props.text": {
                    "binding": {
                      "config": {
                        "path": "view.custom.TestValues.DateCreated"
                      },
                      "transforms": [
                        {
                          "formatType": "datetime",
                          "formatValue": {
                            "date": "short",
                            "time": "short"
                          },
                          "type": "format"
                        }
                      ],
                      "type": "property"
                    }
                  }
                },
                "props": {
                  "style": {
                    "classes": "Global/MarginBottom Global/MarginLeft TextFields/Root TextFields/TextTitle"
                  },
                  "textStyle": {
                    "classes": "TextFields/TextTitle",
                    "textAlign": "left"
                  }
                },
                "type": "ia.display.label"
              },
              {
                "meta": {
                  "name": "Label3"
                },
                "props": {
                  "style": {
                    "classes": "Global/MarginBottom Global/MarginLeft TextFields/Root TextFields/TextTitle"
                  },
                  "text": "Username:",
                  "textStyle": {
                    "fontWeight": "bold",
                    "textAlign": "left"
                  }
                },
                "type": "ia.display.label"
              },
              {
                "meta": {
                  "name": "Value3"
                },
                "position": {
                  "grow": 1
                },
                "propConfig": {
                  "props.text": {
                    "binding": {
                      "config": {
                        "path": "session.props.auth.user.userName"
                      },
                      "type": "property"
                    }
                  }
                },
                "props": {
                  "style": {
                    "classes": "Global/MarginBottom Global/MarginLeft TextFields/Root TextFields/TextTitle"
                  },
                  "textStyle": {
                    "classes": "TextFields/TextTitle",
                    "textAlign": "left"
                  }
                },
                "type": "ia.display.label"
              }
            ],
            "meta": {
              "name": "Left"
            },
            "props": {
              "direction": "column",
              "style": {
                "classes": "Global/MarginAll"
              }
            },
            "type": "ia.container.flex"
          },
          {
            "children": [
              {
                "meta": {
                  "name": "LeftLabel"
                },
                "props": {
                  "style": {
                    "classes": "Global/MarginBottom Global/MarginLeft TextFields/Root TextFields/TextTitle"
                  },
                  "text": "Notes:",
                  "textStyle": {
                    "fontWeight": "bold",
                    "textAlign": "left"
                  }
                },
                "type": "ia.display.label"
              },
              {
                "meta": {
                  "name": "TextArea"
                },
                "position": {
                  "basis": "240px"
                },
                "propConfig": {
                  "props.text": {
                    "binding": {
                      "config": {
                        "path": "view.custom.TestValues.Notes"
                      },
                      "type": "property"
                    }
                  }
                },
                "type": "ia.input.text-area"
              }
            ],
            "meta": {
              "name": "Middle"
            },
            "position": {
              "grow": 1
            },
            "props": {
              "direction": "column",
              "style": {
                "classes": "Global/MarginAll"
              }
            },
            "type": "ia.container.flex"
          },
          {
            "children": [
              {
                "children": [
                  {
                    "meta": {
                      "name": "title"
                    },
                    "props": {
                      "alignVertical": "top",
                      "style": {
                        "classes": "Text/Heading",
                        "marginBottom": 10
                      },
                      "text": "References:",
                      "textStyle": {
                        "color": "--callToAction",
                        "textAlign": "center"
                      }
                    },
                    "type": "ia.display.label"
                  },
                  {
                    "children": [
                      {
                        "meta": {
                          "name": "LeftLabel"
                        },
                        "position": {
                          "basis": "40%",
                          "grow": 1
                        },
                        "props": {
                          "style": {
                            "classes": "Global/MarginBottom Global/MarginLeft TextFields/Root TextFields/TextTitle"
                          },
                          "text": "ID:",
                          "textStyle": {
                            "fontWeight": "bold",
                            "textAlign": "right"
                          }
                        },
                        "type": "ia.display.label"
                      },
                      {
                        "meta": {
                          "name": "Value"
                        },
                        "position": {
                          "basis": "60%",
                          "grow": 1
                        },
                        "propConfig": {
                          "props.text": {
                            "binding": {
                              "config": {
                                "path": "view.custom.PartsValues.ID"
                              },
                              "type": "property"
                            }
                          }
                        },
                        "props": {
                          "style": {
                            "classes": "Global/MarginBottom Global/MarginLeft TextFields/Root TextFields/TextTitle"
                          },
                          "textStyle": {
                            "classes": "TextFields/TextTitle",
                            "textAlign": "left"
                          }
                        },
                        "type": "ia.display.label"
                      }
                    ],
                    "meta": {
                      "name": "Item1"
                    },
                    "propConfig": {
                      "position.display": {
                        "binding": {
                          "config": {
                            "path": "view.custom.PartsValues.PartValid"
                          },
                          "type": "property"
                        }
                      }
                    },
                    "type": "ia.container.flex"
                  },
                  {
                    "children": [
                      {
                        "meta": {
                          "name": "LeftLabel"
                        },
                        "position": {
                          "basis": "40%",
                          "grow": 1
                        },
                        "props": {
                          "style": {
                            "classes": "Global/MarginBottom Global/MarginLeft TextFields/Root TextFields/TextTitle"
                          },
                          "text": "Accumulator:",
                          "textStyle": {
                            "fontWeight": "bold",
                            "textAlign": "right"
                          }
                        },
                        "type": "ia.display.label"
                      },
                      {
                        "meta": {
                          "name": "Value"
                        },
                        "position": {
                          "basis": "60%",
                          "grow": 1
                        },
                        "propConfig": {
                          "props.text": {
                            "binding": {
                              "config": {
                                "path": "view.custom.PartsValues.Accumulator"
                              },
                              "type": "property"
                            }
                          }
                        },
                        "props": {
                          "style": {
                            "classes": "Global/MarginBottom Global/MarginLeft TextFields/Root TextFields/TextTitle"
                          },
                          "textStyle": {
                            "classes": "TextFields/TextTitle",
                            "textAlign": "left"
                          }
                        },
                        "type": "ia.display.label"
                      }
                    ],
                    "meta": {
                      "name": "Item2"
                    },
                    "propConfig": {
                      "position.display": {
                        "binding": {
                          "config": {
                            "path": "view.custom.PartsValues.PartValid"
                          },
                          "type": "property"
                        }
                      }
                    },
                    "type": "ia.container.flex"
                  },
                  {
                    "children": [
                      {
                        "meta": {
                          "name": "LeftLabel"
                        },
                        "position": {
                          "basis": "40%",
                          "grow": 1
                        },
                        "props": {
                          "style": {
                            "classes": "Global/MarginBottom Global/MarginLeft TextFields/Root TextFields/TextTitle"
                          },
                          "text": "Inventory:",
                          "textStyle": {
                            "fontWeight": "bold",
                            "textAlign": "right"
                          }
                        },
                        "type": "ia.display.label"
                      },
                      {
                        "meta": {
                          "name": "Value"
                        },
                        "position": {
                          "basis": "60%",
                          "grow": 1
                        },
                        "propConfig": {
                          "props.text": {
                            "binding": {
                              "config": {
                                "path": "view.custom.PartsValues.Inventory"
                              },
                              "type": "property"
                            }
                          }
                        },
                        "props": {
                          "style": {
                            "classes": "Global/MarginBottom Global/MarginLeft TextFields/Root TextFields/TextTitle"
                          },
                          "textStyle": {
                            "classes": "TextFields/TextTitle",
                            "textAlign": "left"
                          }
                        },
                        "type": "ia.display.label"
                      }
                    ],
                    "meta": {
                      "name": "Item3"
                    },
                    "propConfig": {
                      "position.display": {
                        "binding": {
                          "config": {
                            "path": "view.custom.PartsValues.PartValid"
                          },
                          "type": "property"
                        }
                      }
                    },
                    "type": "ia.container.flex"
                  },
                  {
                    "children": [
                      {
                        "meta": {
                          "name": "LeftLabel"
                        },
                        "position": {
                          "basis": "40%",
                          "grow": 1
                        },
                        "props": {
                          "style": {
                            "classes": "Global/MarginBottom Global/MarginLeft TextFields/Root TextFields/TextTitle"
                          },
                          "text": "Product Code:",
                          "textStyle": {
                            "fontWeight": "bold",
                            "textAlign": "right"
                          }
                        },
                        "type": "ia.display.label"
                      },
                      {
                        "meta": {
                          "name": "Value"
                        },
                        "position": {
                          "basis": "60%",
                          "grow": 1
                        },
                        "propConfig": {
                          "props.text": {
                            "binding": {
                              "config": {
                                "path": "view.custom.PartsValues.ProductCode"
                              },
                              "type": "property"
                            }
                          }
                        },
                        "props": {
                          "style": {
                            "classes": "Global/MarginBottom Global/MarginLeft TextFields/Root TextFields/TextTitle"
                          },
                          "textStyle": {
                            "classes": "TextFields/TextTitle",
                            "textAlign": "left"
                          }
                        },
                        "type": "ia.display.label"
                      }
                    ],
                    "meta": {
                      "name": "Item5"
                    },
                    "propConfig": {
                      "position.display": {
                        "binding": {
                          "config": {
                            "path": "view.custom.PartsValues.PartValid"
                          },
                          "type": "property"
                        }
                      }
                    },
                    "type": "ia.container.flex"
                  },
                  {
                    "children": [
                      {
                        "meta": {
                          "name": "LeftLabel"
                        },
                        "position": {
                          "basis": "40%",
                          "grow": 1
                        },
                        "props": {
                          "style": {
                            "classes": "Global/MarginBottom Global/MarginLeft TextFields/Root TextFields/TextTitle"
                          },
                          "text": "Creation Date:",
                          "textStyle": {
                            "fontWeight": "bold",
                            "textAlign": "right"
                          }
                        },
                        "type": "ia.display.label"
                      },
                      {
                        "meta": {
                          "name": "Value"
                        },
                        "position": {
                          "basis": "60%",
                          "grow": 1
                        },
                        "propConfig": {
                          "props.text": {
                            "binding": {
                              "config": {
                                "path": "view.custom.PartsValues.CreationDate"
                              },
                              "type": "property"
                            }
                          }
                        },
                        "props": {
                          "style": {
                            "classes": "Global/MarginBottom Global/MarginLeft TextFields/Root TextFields/TextTitle"
                          },
                          "textStyle": {
                            "classes": "TextFields/TextTitle",
                            "textAlign": "left"
                          }
                        },
                        "type": "ia.display.label"
                      }
                    ],
                    "meta": {
                      "name": "Item4"
                    },
                    "propConfig": {
                      "position.display": {
                        "binding": {
                          "config": {
                            "path": "view.custom.PartsValues.PartValid"
                          },
                          "type": "property"
                        }
                      }
                    },
                    "type": "ia.container.flex"
                  },
                  {
                    "children": [
                      {
                        "meta": {
                          "name": "LeftLabel"
                        },
                        "position": {
                          "basis": "40%",
                          "grow": 1
                        },
                        "props": {
                          "style": {
                            "classes": "Global/MarginBottom Global/MarginLeft TextFields/Root TextFields/TextTitle"
                          },
                          "text": "Work Order:",
                          "textStyle": {
                            "fontWeight": "bold",
                            "textAlign": "right"
                          }
                        },
                        "type": "ia.display.label"
                      },
                      {
                        "meta": {
                          "name": "Value"
                        },
                        "position": {
                          "basis": "60%"
                        },
                        "propConfig": {
                          "props.text": {
                            "binding": {
                              "config": {
                                "path": "view.custom.PartsValues.WorkOrder"
                              },
                              "type": "property"
                            }
                          }
                        },
                        "props": {
                          "style": {
                            "classes": "Global/MarginBottom Global/MarginLeft TextFields/Root TextFields/TextTitle"
                          },
                          "textStyle": {
                            "classes": "TextFields/TextTitle",
                            "textAlign": "left"
                          }
                        },
                        "type": "ia.display.label"
                      }
                    ],
                    "meta": {
                      "name": "Item6"
                    },
                    "propConfig": {
                      "position.display": {
                        "binding": {
                          "config": {
                            "path": "view.custom.PartsValues.PartValid"
                          },
                          "type": "property"
                        }
                      }
                    },
                    "type": "ia.container.flex"
                  },
                  {
                    "meta": {
                      "name": "Label"
                    },
                    "propConfig": {
                      "position.display": {
                        "binding": {
                          "config": {
                            "path": "view.custom.PartsValues.PartValid"
                          },
                          "transforms": [
                            {
                              "expression": "if({view.params.TestType} \u003d \u0027Part Test\u0027, !{value}, {value})",
                              "type": "expression"
                            }
                          ],
                          "type": "property"
                        }
                      },
                      "props.text": {
                        "binding": {
                          "config": {
                            "expression": "if({.../Data/PartLabelValue.props.text} \u003d \u0027\u0027 || {.../Data/PartLabelValue.props.text} \u003d None, \u0027Please enter a Part Label.\u0027, \u0027The selected part label is not in the database.\u0027)"
                          },
                          "type": "expr"
                        }
                      }
                    },
                    "props": {
                      "textStyle": {
                        "textAlign": "center"
                      }
                    },
                    "type": "ia.display.label"
                  },
                  {
                    "children": [
                      {
                        "meta": {
                          "name": "LeftLabel"
                        },
                        "position": {
                          "basis": "40%",
                          "grow": 1
                        },
                        "props": {
                          "style": {
                            "classes": "Global/MarginBottom Global/MarginLeft TextFields/Root TextFields/TextTitle"
                          },
                          "text": "Material Name:",
                          "textStyle": {
                            "fontWeight": "bold",
                            "textAlign": "right"
                          }
                        },
                        "type": "ia.display.label"
                      },
                      {
                        "meta": {
                          "name": "Value"
                        },
                        "position": {
                          "basis": "60%"
                        },
                        "propConfig": {
                          "props.text": {
                            "binding": {
                              "config": {
                                "path": "view.custom.MaterialValues.MaterialName"
                              },
                              "type": "property"
                            }
                          }
                        },
                        "props": {
                          "style": {
                            "classes": "Global/MarginBottom Global/MarginLeft TextFields/Root TextFields/TextTitle"
                          },
                          "textStyle": {
                            "classes": "TextFields/TextTitle",
                            "textAlign": "left"
                          }
                        },
                        "type": "ia.display.label"
                      }
                    ],
                    "meta": {
                      "name": "MaterialItem1"
                    },
                    "propConfig": {
                      "position.display": {
                        "binding": {
                          "config": {
                            "path": "view.custom.MaterialValues.MaterialValid"
                          },
                          "type": "property"
                        }
                      }
                    },
                    "type": "ia.container.flex"
                  },
                  {
                    "children": [
                      {
                        "meta": {
                          "name": "LeftLabel"
                        },
                        "position": {
                          "basis": "40%",
                          "grow": 1
                        },
                        "props": {
                          "style": {
                            "classes": "Global/MarginBottom Global/MarginLeft TextFields/Root TextFields/TextTitle"
                          },
                          "text": "Description:",
                          "textStyle": {
                            "fontWeight": "bold",
                            "textAlign": "right"
                          }
                        },
                        "type": "ia.display.label"
                      },
                      {
                        "meta": {
                          "name": "Value"
                        },
                        "position": {
                          "basis": "60%"
                        },
                        "propConfig": {
                          "props.text": {
                            "binding": {
                              "config": {
                                "path": "view.custom.MaterialValues.Description"
                              },
                              "transforms": [
                                {
                                  "expression": "if({value} \u003d None, \u0027\u0027, {value})",
                                  "type": "expression"
                                }
                              ],
                              "type": "property"
                            }
                          }
                        },
                        "props": {
                          "style": {
                            "classes": "Global/MarginBottom Global/MarginLeft TextFields/Root TextFields/TextTitle"
                          },
                          "textStyle": {
                            "classes": "TextFields/TextTitle",
                            "textAlign": "left"
                          }
                        },
                        "type": "ia.display.label"
                      }
                    ],
                    "meta": {
                      "name": "MaterialItem2"
                    },
                    "propConfig": {
                      "position.display": {
                        "binding": {
                          "config": {
                            "path": "view.custom.MaterialValues.MaterialValid"
                          },
                          "type": "property"
                        }
                      }
                    },
                    "type": "ia.container.flex"
                  }
                ],
                "meta": {
                  "name": "References"
                },
                "position": {
                  "grow": 1
                },
                "props": {
                  "direction": "column"
                },
                "type": "ia.container.flex"
              },
              {
                "children": [
                  {
                    "meta": {
                      "name": "PartLabel"
                    },
                    "propConfig": {
                      "position.display": {
                        "binding": {
                          "config": {
                            "expression": "if({view.params.TestType} \u003d \u0027Part Test\u0027, true, false)"
                          },
                          "type": "expr"
                        }
                      }
                    },
                    "props": {
                      "style": {
                        "classes": "Global/MarginBottom Global/MarginLeft TextFields/Root TextFields/TextTitle"
                      },
                      "text": "Part Label:",
                      "textStyle": {
                        "classes": "TextFields/TextTitle",
                        "textAlign": "left"
                      }
                    },
                    "type": "ia.display.label"
                  },
                  {
                    "meta": {
                      "name": "PartLabelValue"
                    },
                    "position": {
                      "basis": "42px"
                    },
                    "propConfig": {
                      "position.display": {
                        "binding": {
                          "config": {
                            "expression": "if({view.params.TestType} \u003d \u0027Part Test\u0027, true, false)"
                          },
                          "type": "expr"
                        }
                      },
                      "props.text": {
                        "binding": {
                          "config": {
                            "expression": "if(len({view.custom.TestValues.Label}) \u003e 1, {view.custom.TestValues.Label}, \u0027\u0027)"
                          },
                          "type": "expr"
                        }
                      }
                    },
                    "props": {
                      "placeholder": "Enter Part Label....",
                      "style": {
                        "classes": "TextFields/TextField"
                      }
                    },
                    "type": "ia.input.text-field"
                  },
                  {
                    "meta": {
                      "name": "MaterialLabel"
                    },
                    "propConfig": {
                      "position.display": {
                        "binding": {
                          "config": {
                            "expression": "if({view.params.TestType} \u003d \u0027Material Lot Test\u0027, true, false)"
                          },
                          "type": "expr"
                        }
                      }
                    },
                    "props": {
                      "style": {
                        "classes": "Global/MarginBottom Global/MarginLeft TextFields/Root TextFields/TextTitle"
                      },
                      "text": "Material Lot Number:",
                      "textStyle": {
                        "classes": "TextFields/TextTitle",
                        "textAlign": "left"
                      }
                    },
                    "type": "ia.display.label"
                  },
                  {
                    "meta": {
                      "name": "MaterialValue"
                    },
                    "position": {
                      "basis": "42px"
                    },
                    "propConfig": {
                      "position.display": {
                        "binding": {
                          "config": {
                            "expression": "if({view.params.TestType} \u003d \u0027Material Lot Test\u0027, true, false)"
                          },
                          "type": "expr"
                        }
                      },
                      "props.text": {
                        "binding": {
                          "config": {
                            "path": "view.custom.MaterialValues.LotNumber"
                          },
                          "type": "property"
                        }
                      }
                    },
                    "props": {
                      "placeholder": "Enter Part Label....",
                      "style": {
                        "classes": "TextFields/TextField"
                      }
                    },
                    "type": "ia.input.text-field"
                  }
                ],
                "meta": {
                  "name": "Data"
                },
                "props": {
                  "direction": "column"
                },
                "type": "ia.container.flex"
              }
            ],
            "meta": {
              "name": "Right"
            },
            "position": {
              "display": false,
              "grow": 1
            },
            "props": {
              "style": {
                "classes": "Global/MarginAll"
              }
            },
            "type": "ia.container.flex"
          }
        ],
        "meta": {
          "name": "Top"
        },
        "propConfig": {
          "position.display": {
            "binding": {
              "config": {
                "expression": "if({view.custom.ConformanceReport} \u003d true, false, true)"
              },
              "type": "expr"
            }
          }
        },
        "props": {
          "style": {
            "classes": "Global/MarginAll"
          }
        },
        "type": "ia.container.flex"
      },
      {
        "meta": {
          "name": "EmbeddedView"
        },
        "position": {
          "basis": "320px"
        },
        "propConfig": {
          "meta.visible": {
            "binding": {
              "config": {
                "path": "view.custom.AttributeData.Dataset"
              },
              "transforms": [
                {
                  "code": "\n\tif value.getValueAt(0,0) is None or \u0027\u0027:\n\t\treturn False\n\telse:\n\t\treturn True",
                  "type": "script"
                }
              ],
              "type": "property"
            }
          },
          "position.display": {
            "binding": {
              "config": {
                "expression": "if({view.custom.ConformanceReport} \u003d true, false, true)"
              },
              "type": "expr"
            }
          },
          "props.params.Dataset": {
            "binding": {
              "config": {
                "path": "view.custom.AttributeData.Dataset"
              },
              "type": "property"
            }
          }
        },
        "props": {
          "params": {
            "OutputValues": {
              "$": [
                "ds",
                192,
                1714145055621
              ],
              "$columns": [
                {
                  "data": [],
                  "name": "TestAttributeID",
                  "type": "String"
                },
                {
                  "data": [],
                  "name": "AttributeName",
                  "type": "String"
                },
                {
                  "data": [],
                  "name": "TestAttributeDataTypeID",
                  "type": "String"
                },
                {
                  "data": [],
                  "name": "TestAttributeDataType",
                  "type": "String"
                },
                {
                  "data": [],
                  "name": "Saved Value",
                  "type": "String"
                },
                {
                  "data": [],
                  "name": "IntValue",
                  "type": "String"
                },
                {
                  "data": [],
                  "name": "FloatValue",
                  "type": "String"
                },
                {
                  "data": [],
                  "name": "BoolValue",
                  "type": "String"
                },
                {
                  "data": [],
                  "name": "StringValue",
                  "type": "String"
                },
                {
                  "data": [],
                  "name": "HiHiLimit",
                  "type": "String"
                },
                {
                  "data": [],
                  "name": "HiLimit",
                  "type": "String"
                },
                {
                  "data": [],
                  "name": "TargetValue",
                  "type": "String"
                },
                {
                  "data": [],
                  "name": "LoLimit",
                  "type": "String"
                },
                {
                  "data": [],
                  "name": "LoLoLimit",
                  "type": "String"
                },
                {
                  "data": [],
                  "name": "DateCreated",
                  "type": "String"
                },
                {
                  "data": [],
                  "name": "ValidStartDate",
                  "type": "String"
                },
                {
                  "data": [],
                  "name": "ValidEndDate",
                  "type": "String"
                }
              ]
            }
          },
          "path": "App/Quality/Embedded/AttributeFlexTesting"
        },
        "type": "ia.display.view"
      },
      {
        "children": [
          {
            "children": [
              {
                "events": {
                  "dom": {
                    "onClick": {
                      "config": {
                        "script": "\tself.view.custom.ConformanceReport \u003d True"
                      },
                      "scope": "G",
                      "type": "script"
                    }
                  }
                },
                "meta": {
                  "name": "CancelButton"
                },
                "position": {
                  "grow": 1
                },
                "props": {
                  "params": {
                    "IconPath": "material/assignment",
                    "Label": "Non-conformance Report",
                    "backgroundColor": "value",
                    "disabledPopup": {
                      "message": "Please sign in as quarterback to proceed.",
                      "messageType": "",
                      "payload": {},
                      "title": "Invalid Permissions"
                    },
                    "enabled": true,
                    "hover": true,
                    "isSelectable": false,
                    "label": "Cancel",
                    "selected": true,
                    "size": "value",
                    "type": "normalfail"
                  },
                  "path": "GlobalComponents/Buttons/Button"
                },
                "type": "ia.display.view"
              }
            ],
            "meta": {
              "name": "Cancel"
            },
            "position": {
              "basis": "50%"
            },
            "props": {
              "direction": "column"
            },
            "type": "ia.container.flex"
          },
          {
            "meta": {
              "name": "title"
            },
            "position": {
              "basis": "25%"
            },
            "props": {
              "style": {
                "classes": "Global/MarginLeft Text/Heading"
              },
              "text": "Test Validation:",
              "textStyle": {
                "color": "--callToAction",
                "textAlign": "center"
              }
            },
            "type": "ia.display.label"
          },
          {
            "meta": {
              "name": "Checkbox"
            },
            "position": {
              "basis": "25%"
            },
            "propConfig": {
              "props.selected": {
                "binding": {
                  "config": {
                    "path": "view.custom.DidTestFail"
                  },
                  "transforms": [
                    {
                      "expression": "!{value}",
                      "type": "expression"
                    }
                  ],
                  "type": "property"
                }
              },
              "props.text": {
                "binding": {
                  "config": {
                    "expression": "if({this.props.selected} \u003d true, \u0027Test Passed!\u0027, \u0027Test Failed....\u0027)"
                  },
                  "type": "expr"
                }
              }
            },
            "props": {
              "enabled": false,
              "style": {
                "classes": "Global/MarginLeft"
              }
            },
            "type": "ia.input.checkbox"
          }
        ],
        "meta": {
          "name": "FlexContainer"
        },
        "propConfig": {
          "position.display": {
            "binding": {
              "config": {
                "expression": "if({view.custom.ConformanceReport} \u003d true, false, true)"
              },
              "type": "expr"
            }
          }
        },
        "props": {
          "style": {
            "classes": "Global/MarginAll",
            "marginBottom": 0,
            "paddingBottom": 0
          }
        },
        "type": "ia.container.flex"
      },
      {
        "children": [
          {
            "children": [
              {
                "events": {
                  "dom": {
                    "onClick": {
                      "config": {
                        "script": "\tTestID \u003d self.view.custom.TestValues.TestID\n\tPartID \u003d self.view.custom.PartsValues.ID\n\tTestedBy \u003d self.session.props.auth.user.userName\n\tIsPass \u003d self.parent.parent.parent.getChild(\"FlexContainer\").getChild(\"Checkbox\").props.selected\n\tNotes \u003d self.parent.parent.parent.getChild(\"Top\").getChild(\"Middle\").getChild(\"TextArea\").props.text\n\tMaterialLotID \u003d self.view.custom.MaterialValues.MaterialLotNumber\n\tAttributeValues \u003d self.view.custom.AttributeData.OutputValues\n\t\n\tmes.quality.sp.updateTest(TestID \u003d TestID, IsPass \u003d IsPass, AttributeValues \u003d AttributeValues, PartID \u003d PartID, MaterialLotID \u003d MaterialLotID, Notes \u003d Notes)\n\t\n\tmessageType \u003d \u0027refreshQualityTable\u0027 \n\tpayload \u003d {}\n\tsystem.perspective.sendMessage(messageType, payload, view \u003d \u0027session\u0027)\n\n\tsystem.perspective.closePopup(\"AttributeScreen\")"
                      },
                      "scope": "G",
                      "type": "script"
                    }
                  }
                },
                "meta": {
                  "name": "SaveButton"
                },
                "position": {
                  "grow": 1
                },
                "propConfig": {
                  "meta.visible": {
                    "binding": {
                      "config": {
                        "expression": "if({view.custom.PartsValues.PartValid} \u003d true || {view.custom.MaterialValues.MaterialValid} \u003d true, true, false)"
                      },
                      "type": "expr"
                    }
                  }
                },
                "props": {
                  "params": {
                    "Label": "Save",
                    "backgroundColor": "value",
                    "disabledPopup": {
                      "message": "Please sign in as quarterback to proceed.",
                      "messageType": "",
                      "payload": {},
                      "title": "Invalid Permissions"
                    },
                    "enabled": true,
                    "hover": true,
                    "iconPath": "material/add",
                    "isSelectable": false,
                    "label": "Add",
                    "selected": true,
                    "size": "142px",
                    "type": "normalsuccess"
                  },
                  "path": "GlobalComponents/Buttons/Button",
                  "style": {
                    "marginRight": "8px"
                  }
                },
                "type": "ia.display.view"
              }
            ],
            "meta": {
              "name": "Save"
            },
            "position": {
              "basis": "50%",
              "grow": 1
            },
            "type": "ia.container.flex"
          },
          {
            "children": [
              {
                "events": {
                  "dom": {
                    "onClick": {
                      "config": {
                        "script": "\tmessageType \u003d \u0027refreshQualityTable\u0027 \n\tpayload \u003d {}\n\tsystem.perspective.sendMessage(messageType, payload, view \u003d \u0027session\u0027)\n\n\tsystem.perspective.closePopup(\"AttributeScreen\")"
                      },
                      "scope": "G",
                      "type": "script"
                    }
                  }
                },
                "meta": {
                  "name": "CancelButton"
                },
                "position": {
                  "grow": 1
                },
                "props": {
                  "params": {
                    "IconPath": "material/cancel",
                    "Label": "Cancel",
                    "backgroundColor": "value",
                    "disabledPopup": {
                      "message": "Please sign in as quarterback to proceed.",
                      "messageType": "",
                      "payload": {},
                      "title": "Invalid Permissions"
                    },
                    "enabled": true,
                    "hover": true,
                    "isSelectable": false,
                    "label": "Cancel",
                    "selected": true,
                    "size": "value",
                    "type": "normalfail"
                  },
                  "path": "GlobalComponents/Buttons/Button"
                },
                "type": "ia.display.view"
              }
            ],
            "events": {
              "dom": {
                "onClick": {
                  "config": {
                    "script": "\tsystem.perspective.closePopup(\"\")"
                  },
                  "scope": "G",
                  "type": "script"
                }
              }
            },
            "meta": {
              "name": "Cancel"
            },
            "position": {
              "basis": "50%",
              "grow": 1
            },
            "props": {
              "direction": "column"
            },
            "type": "ia.container.flex"
          }
        ],
        "meta": {
          "name": "Footer"
        },
        "position": {
          "basis": "40px",
          "grow": 1
        },
        "propConfig": {
          "position.display": {
            "binding": {
              "config": {
                "expression": "if({view.custom.ConformanceReport} \u003d true, false, true)"
              },
              "type": "expr"
            }
          }
        },
        "props": {
          "style": {
            "classes": "Global/MarginAll"
          }
        },
        "type": "ia.container.flex"
      },
      {
        "meta": {
          "name": "EmbeddedView_0"
        },
        "position": {
          "grow": 1
        },
        "propConfig": {
          "position.display": {
            "binding": {
              "config": {
                "path": "view.custom.ConformanceReport"
              },
              "type": "property"
            }
          },
          "props.params.TestID": {
            "binding": {
              "config": {
                "path": "view.custom.TestValues.TestID"
              },
              "type": "property"
            }
          }
        },
        "props": {
          "path": "App/Quality/Embedded/NonConformance"
        },
        "type": "ia.display.view"
      }
    ],
    "meta": {
      "name": "root"
    },
    "props": {
      "direction": "column"
    },
    "scripts": {
      "customMethods": [],
      "extensionFunctions": null,
      "messageHandlers": [
        {
          "messageType": "conformanceReport",
          "pageScope": true,
          "script": "\tself.view.custom.ConformanceReport \u003d False",
          "sessionScope": true,
          "viewScope": true
        }
      ]
    },
    "type": "ia.container.flex"
  }
}