{
  "custom": {},
  "params": {
    "Edit": false,
    "Tag": "value"
  },
  "propConfig": {
    "params.Edit": {
      "paramDirection": "input",
      "persistent": true
    },
    "params.Tag": {
      "paramDirection": "input",
      "persistent": true
    }
  },
  "props": {
    "defaultSize": {
      "height": 53,
      "width": 135
    }
  },
  "root": {
    "children": [
      {
        "children": [
          {
            "meta": {
              "name": "Label"
            },
            "position": {
              "shrink": 0
            },
            "propConfig": {
              "props.text": {
                "binding": {
                  "config": {
                    "path": "view.params.Tag"
                  },
                  "type": "property"
                }
              }
            },
            "props": {
              "style": {
                "classes": "Text/SmallText",
                "fontWeight": "bold"
              }
            },
            "type": "ia.display.label"
          }
        ],
        "meta": {
          "name": "Column1"
        },
        "position": {
          "basis": "120px",
          "grow": 1
        },
        "props": {
          "style": {
            "classes": "Global/MarginBottom Global/MarginLeft Global/MarginRight"
          }
        },
        "type": "ia.container.flex"
      },
      {
        "children": [
          {
            "events": {
              "dom": {
                "onClick": {
                  "config": {
                    "script": "\ttag \u003d self.view.params.Tag\n\tgpa.frontEnd.documentManagement.deleteTag(self, tag)"
                  },
                  "scope": "G",
                  "type": "script"
                }
              }
            },
            "meta": {
              "name": "Icon_3"
            },
            "position": {
              "basis": "16px",
              "shrink": 0
            },
            "propConfig": {
              "position.display": {
                "binding": {
                  "config": {
                    "path": "parent.position.display"
                  },
                  "type": "property"
                }
              }
            },
            "props": {
              "path": "material/close",
              "style": {
                "classes": "",
                "cursor": "pointer"
              }
            },
            "type": "ia.display.icon"
          }
        ],
        "meta": {
          "name": "Column2"
        },
        "position": {
          "basis": "16px",
          "shrink": 0
        },
        "propConfig": {
          "position.display": {
            "binding": {
              "config": {
                "path": "view.params.Edit"
              },
              "type": "property"
            }
          }
        },
        "props": {
          "style": {
            "classes": "Global/MarginBottom Global/MarginLeft Global/MarginRight"
          }
        },
        "type": "ia.container.flex"
      }
    ],
    "meta": {
      "name": "root"
    },
    "props": {
      "style": {
        "classes": "Global/MarginAllEmbedded",
        "overflow": "hidden"
      }
    },
    "type": "ia.container.flex"
  }
}