{
  "custom": {
    "RoleID": -1,
    "UserID": -1,
    "editRoleEnable": false,
    "editUserEnable": false
  },
  "params": {
    "RoleDataset": {
      "$": [
        "ds",
        192,
        1709011387829
      ],
      "$columns": [
        {
          "data": [
            2,
            5,
            3,
            4
          ],
          "name": "ID",
          "type": "Integer"
        },
        {
          "data": [
            "Administrator",
            "test",
            "Test2",
            "Test3"
          ],
          "name": "Role",
          "type": "String"
        },
        {
          "data": [
            true,
            false,
            true,
            false
          ],
          "name": "ViewAccess",
          "type": "Boolean"
        },
        {
          "data": [
            true,
            false,
            true,
            true
          ],
          "name": "AddUpdateAccess",
          "type": "Boolean"
        },
        {
          "data": [
            true,
            false,
            true,
            false
          ],
          "name": "DeleteAccess",
          "type": "Boolean"
        },
        {
          "data": [
            1708360457000,
            1709009973000,
            1708024293000,
            1708024320000
          ],
          "name": "RowUpdated",
          "type": "Date"
        }
      ]
    },
    "RoleDatasetSelectedRow": null,
    "UserDataset": {
      "$": [
        "ds",
        192,
        1709011426758
      ],
      "$columns": [
        {
          "data": [
            6,
            1
          ],
          "name": "ID",
          "type": "Integer"
        },
        {
          "data": [
            "nleonard",
            "test2"
          ],
          "name": "Username",
          "type": "String"
        },
        {
          "data": [
            true,
            true
          ],
          "name": "ViewAccess",
          "type": "Boolean"
        },
        {
          "data": [
            true,
            true
          ],
          "name": "AddUpdateAccess",
          "type": "Boolean"
        },
        {
          "data": [
            true,
            false
          ],
          "name": "DeleteAccess",
          "type": "Boolean"
        },
        {
          "data": [
            1708365072000,
            1707864329000
          ],
          "name": "RowUpdated",
          "type": "Date"
        }
      ]
    },
    "UserDatasetSelectedRow": null
  },
  "propConfig": {
    "custom.RoleID": {
      "binding": {
        "config": {
          "expression": "if (!isNull({view.params.RoleDataset}) \u0026\u0026 !isNull({view.params.RoleDatasetSelectedRow}),\r\n\t{view.params.RoleDataset}[{view.params.RoleDatasetSelectedRow}, \u0027ID\u0027],\r\n\t-1\r\n)"
        },
        "type": "expr"
      },
      "persistent": true
    },
    "custom.UserID": {
      "binding": {
        "config": {
          "expression": "if (!isNull({view.params.UserDataset}) \u0026\u0026 !isNull({view.params.UserDatasetSelectedRow}),\r\n\t{view.params.UserDataset}[{view.params.UserDatasetSelectedRow}, \u0027ID\u0027],\r\n\t-1\r\n)"
        },
        "type": "expr"
      },
      "persistent": true
    },
    "custom.editRoleEnable": {
      "binding": {
        "config": {
          "expression": "!isNull({view.custom.RoleID}) \u0026\u0026 {view.custom.RoleID} \u003e -1"
        },
        "type": "expr"
      },
      "persistent": true
    },
    "custom.editUserEnable": {
      "binding": {
        "config": {
          "expression": "!isNull({view.custom.UserID}) \u0026\u0026 {view.custom.UserID} \u003e -1"
        },
        "type": "expr"
      },
      "persistent": true
    },
    "params.RoleDataset": {
      "paramDirection": "input",
      "persistent": true
    },
    "params.RoleDatasetSelectedRow": {
      "paramDirection": "input",
      "persistent": true
    },
    "params.UserDataset": {
      "paramDirection": "input",
      "persistent": true
    },
    "params.UserDatasetSelectedRow": {
      "paramDirection": "input",
      "persistent": true
    }
  },
  "props": {
    "defaultSize": {
      "height": 480,
      "width": 200
    }
  },
  "root": {
    "children": [
      {
        "children": [
          {
            "events": {
              "dom": {
                "onClick": {
                  "config": {
                    "script": "\tparams \u003d {\u0027AddRole\u0027: True}\n\ttitle \u003d \u0027Add Role\u0027\n\t\n\tsystem.perspective.openPopup(\u0027addRole\u0027, \u0027App/DocumentManager/AccessManager/AccessControl/Embedded/Popups/AddEditRoleAccess\u0027, params \u003d params, title\u003dtitle, showCloseIcon \u003d True, resizeable \u003d True, draggable \u003d True)"
                  },
                  "scope": "G",
                  "type": "script"
                }
              }
            },
            "meta": {
              "name": "AddButton"
            },
            "position": {
              "basis": "100%"
            },
            "props": {
              "params": {
                "BackgroundColor": "value",
                "Enabled": true,
                "Hover": true,
                "IconPath": "material/add",
                "IsSelectable": false,
                "Label": "Add Role",
                "Selected": true,
                "Size": "value",
                "Type": "value"
              },
              "path": "GlobalComponents/Buttons/Button"
            },
            "type": "ia.display.view"
          }
        ],
        "meta": {
          "name": "AddRole"
        },
        "position": {
          "basis": "50%",
          "grow": 1
        },
        "props": {
          "style": {
            "classes": "Global/MarginBottom Global/MarginLeft Global/MarginRight"
          }
        },
        "type": "ia.container.flex"
      },
      {
        "children": [
          {
            "events": {
              "dom": {
                "onClick": {
                  "config": {
                    "script": "\troleID \u003d self.view.custom.RoleID\n\tparams \u003d {\u0027AddRole\u0027: False, \u0027RoleID\u0027: roleID}\n\ttitle \u003d \u0027Edit Role\u0027\n\t\n\tsystem.perspective.openPopup(\u0027editRole\u0027, \u0027App/DocumentManager/AccessManager/AccessControl/Embedded/Popups/AddEditRoleAccess\u0027, params \u003d params, title\u003dtitle, showCloseIcon \u003d True, resizeable \u003d True, draggable \u003d True)"
                  },
                  "scope": "G",
                  "type": "script"
                }
              }
            },
            "meta": {
              "name": "EditButton"
            },
            "position": {
              "basis": "100%"
            },
            "propConfig": {
              "props.params.Enabled": {
                "binding": {
                  "config": {
                    "path": "view.custom.editRoleEnable"
                  },
                  "type": "property"
                }
              }
            },
            "props": {
              "params": {
                "BackgroundColor": "value",
                "Hover": true,
                "IconPath": "material/edit",
                "IsSelectable": false,
                "Label": "Edit Role",
                "Selected": true,
                "Size": "value",
                "Type": "value"
              },
              "path": "GlobalComponents/Buttons/Button"
            },
            "type": "ia.display.view"
          }
        ],
        "meta": {
          "name": "EditRole"
        },
        "position": {
          "basis": "50%",
          "grow": 1
        },
        "props": {
          "style": {
            "classes": "Global/MarginBottom Global/MarginLeft Global/MarginRight"
          }
        },
        "type": "ia.container.flex"
      },
      {
        "children": [
          {
            "events": {
              "dom": {
                "onClick": {
                  "config": {
                    "script": "\tuserRoleID \u003d self.view.custom.RoleID\n\tparams \u003d {\u0027UserRoleID\u0027: userRoleID, \u0027UserView\u0027: False}\n\ttitle \u003d \u0027Link Role\u0027\n\t\n\tsystem.perspective.openPopup(\u0027linkRole\u0027, \u0027App/DocumentManager/AccessManager/AccessControl/Embedded/Popups/DocumentLink\u0027, params \u003d params, title\u003dtitle, showCloseIcon \u003d True, resizeable \u003d True, draggable \u003d True)"
                  },
                  "scope": "G",
                  "type": "script"
                }
              }
            },
            "meta": {
              "name": "LinkButton"
            },
            "position": {
              "basis": "100%"
            },
            "propConfig": {
              "props.params.Enabled": {
                "binding": {
                  "config": {
                    "path": "view.custom.editRoleEnable"
                  },
                  "type": "property"
                }
              }
            },
            "props": {
              "params": {
                "BackgroundColor": "value",
                "Hover": true,
                "IconPath": "material/link",
                "IsSelectable": false,
                "Label": "Link Role",
                "Selected": true,
                "Size": "value",
                "Type": "value"
              },
              "path": "GlobalComponents/Buttons/Button"
            },
            "type": "ia.display.view"
          }
        ],
        "meta": {
          "name": "LinkRole"
        },
        "position": {
          "basis": "50%",
          "grow": 1
        },
        "props": {
          "style": {
            "classes": "Global/MarginBottom Global/MarginLeft Global/MarginRight"
          }
        },
        "type": "ia.container.flex"
      },
      {
        "children": [
          {
            "events": {
              "dom": {
                "onClick": {
                  "config": {
                    "script": "\troleID \u003d self.view.custom.RoleID\n\tparams \u003d {\u0027UserRoleID\u0027: roleID, \u0027isUser\u0027: False}\n\ttitle \u003d \u0027Delete Role\u0027\n\t\n\tsystem.perspective.openPopup(\u0027deleteRole\u0027, \u0027App/DocumentManager/AccessManager/AccessControl/Embedded/Popups/DeleteConfirmation\u0027, params \u003d params, title\u003dtitle, showCloseIcon \u003d True, resizeable \u003d True, draggable \u003d True)"
                  },
                  "scope": "G",
                  "type": "script"
                }
              }
            },
            "meta": {
              "name": "DeleteButton"
            },
            "position": {
              "basis": "100%"
            },
            "propConfig": {
              "props.params.Enabled": {
                "binding": {
                  "config": {
                    "path": "view.custom.editRoleEnable"
                  },
                  "type": "property"
                }
              }
            },
            "props": {
              "params": {
                "BackgroundColor": "value",
                "Hover": true,
                "IconPath": "material/close",
                "IsSelectable": false,
                "Label": "Delete Role",
                "Selected": true,
                "Size": "value",
                "Type": "value"
              },
              "path": "GlobalComponents/Buttons/Button"
            },
            "type": "ia.display.view"
          }
        ],
        "meta": {
          "name": "DeleteRole"
        },
        "position": {
          "basis": "50%",
          "grow": 1
        },
        "props": {
          "style": {
            "classes": "Global/MarginBottom Global/MarginLeft Global/MarginRight"
          }
        },
        "type": "ia.container.flex"
      },
      {
        "children": [
          {
            "events": {
              "dom": {
                "onClick": {
                  "config": {
                    "script": "\tparams \u003d {\u0027AddUser\u0027: True}\n\ttitle \u003d \u0027Add User\u0027\n\t\n\tsystem.perspective.openPopup(\u0027addUser\u0027, \u0027App/DocumentManager/AccessManager/AccessControl/Embedded/Popups/AddEditUserAccess\u0027, params \u003d params, title\u003dtitle, showCloseIcon \u003d True, resizeable \u003d True, draggable \u003d True)"
                  },
                  "scope": "G",
                  "type": "script"
                }
              }
            },
            "meta": {
              "name": "AddButton"
            },
            "position": {
              "basis": "100%"
            },
            "props": {
              "params": {
                "BackgroundColor": "value",
                "Enabled": true,
                "Hover": true,
                "IconPath": "material/add",
                "IsSelectable": false,
                "Label": "Add User",
                "Selected": true,
                "Size": "value",
                "Type": "value"
              },
              "path": "GlobalComponents/Buttons/Button"
            },
            "type": "ia.display.view"
          }
        ],
        "meta": {
          "name": "AddUser"
        },
        "position": {
          "basis": "50%",
          "grow": 1
        },
        "props": {
          "style": {
            "classes": "Global/MarginBottom Global/MarginLeft Global/MarginRight"
          }
        },
        "type": "ia.container.flex"
      },
      {
        "children": [
          {
            "events": {
              "dom": {
                "onClick": {
                  "config": {
                    "script": "\tuserID \u003d self.view.custom.UserID\n\tparams \u003d {\u0027AddUser\u0027: False, \u0027UserID\u0027: userID}\n\ttitle \u003d \u0027Edit User\u0027\n\t\n\tsystem.perspective.openPopup(\u0027editRole\u0027, \u0027App/DocumentManager/AccessManager/AccessControl/Embedded/Popups/AddEditUserAccess\u0027, params \u003d params, title\u003dtitle, showCloseIcon \u003d True, resizeable \u003d True, draggable \u003d True)"
                  },
                  "scope": "G",
                  "type": "script"
                }
              }
            },
            "meta": {
              "name": "EditButton"
            },
            "position": {
              "basis": "100%"
            },
            "propConfig": {
              "props.params.Enabled": {
                "binding": {
                  "config": {
                    "path": "view.custom.editUserEnable"
                  },
                  "type": "property"
                }
              }
            },
            "props": {
              "params": {
                "BackgroundColor": "value",
                "Hover": true,
                "IconPath": "material/edit",
                "IsSelectable": false,
                "Label": "Edit User",
                "Selected": true,
                "Size": "value",
                "Type": "value"
              },
              "path": "GlobalComponents/Buttons/Button"
            },
            "type": "ia.display.view"
          }
        ],
        "meta": {
          "name": "EditUser"
        },
        "position": {
          "basis": "50%",
          "grow": 1
        },
        "props": {
          "style": {
            "classes": "Global/MarginBottom Global/MarginLeft Global/MarginRight"
          }
        },
        "type": "ia.container.flex"
      },
      {
        "children": [
          {
            "events": {
              "dom": {
                "onClick": {
                  "config": {
                    "script": "\tuserID \u003d self.view.custom.UserID\n\tparams \u003d {\u0027UserRoleID\u0027: userID, \u0027isUser\u0027: True}\n\ttitle \u003d \u0027Delete User\u0027\n\t\n\tsystem.perspective.openPopup(\u0027deleteUser\u0027, \u0027App/DocumentManager/AccessManager/AccessControl/Embedded/Popups/DeleteConfirmation\u0027, params \u003d params, title\u003dtitle, showCloseIcon \u003d True, resizeable \u003d True, draggable \u003d True)"
                  },
                  "scope": "G",
                  "type": "script"
                }
              }
            },
            "meta": {
              "name": "DeleteButton"
            },
            "position": {
              "basis": "100%"
            },
            "propConfig": {
              "props.params.Enabled": {
                "binding": {
                  "config": {
                    "path": "view.custom.editUserEnable"
                  },
                  "type": "property"
                }
              }
            },
            "props": {
              "params": {
                "BackgroundColor": "value",
                "Hover": true,
                "IconPath": "material/close",
                "IsSelectable": false,
                "Label": "Delete User",
                "Selected": true,
                "Size": "value",
                "Type": "value"
              },
              "path": "GlobalComponents/Buttons/Button"
            },
            "type": "ia.display.view"
          }
        ],
        "meta": {
          "name": "DeleteUser"
        },
        "position": {
          "basis": "50%",
          "grow": 1
        },
        "props": {
          "style": {
            "classes": "Global/MarginBottom Global/MarginLeft Global/MarginRight"
          }
        },
        "type": "ia.container.flex"
      },
      {
        "children": [
          {
            "events": {
              "dom": {
                "onClick": {
                  "config": {
                    "script": "\tuserRoleID \u003d self.view.custom.UserID\n\tparams \u003d {\u0027UserRoleID\u0027: userRoleID, \u0027UserView\u0027: True}\n\ttitle \u003d \u0027Link User\u0027\n\t\n\tsystem.perspective.openPopup(\u0027linkUser\u0027, \u0027App/DocumentManager/AccessManager/AccessControl/Embedded/Popups/DocumentLink\u0027, params \u003d params, title\u003dtitle, showCloseIcon \u003d True, resizeable \u003d True, draggable \u003d True)"
                  },
                  "scope": "G",
                  "type": "script"
                }
              }
            },
            "meta": {
              "name": "LinkButton"
            },
            "position": {
              "basis": "100%"
            },
            "propConfig": {
              "props.params.Enabled": {
                "binding": {
                  "config": {
                    "path": "view.custom.editUserEnable"
                  },
                  "type": "property"
                }
              }
            },
            "props": {
              "params": {
                "BackgroundColor": "value",
                "Hover": true,
                "IconPath": "material/link",
                "IsSelectable": false,
                "Label": "Link User",
                "Selected": true,
                "Size": "value",
                "Type": "value"
              },
              "path": "GlobalComponents/Buttons/Button"
            },
            "type": "ia.display.view"
          }
        ],
        "meta": {
          "name": "LinkUser"
        },
        "position": {
          "basis": "50%",
          "grow": 1
        },
        "props": {
          "style": {
            "classes": "Global/MarginBottom Global/MarginLeft Global/MarginRight"
          }
        },
        "type": "ia.container.flex"
      },
      {
        "children": [
          {
            "events": {
              "dom": {
                "onClick": {
                  "config": {
                    "script": "\tuserRoleAccessDS \u003d mes.documentManagement.sp.getRolesUsersDocumentAccess()\n\texportDS \u003d system.dataset.toCSV(userRoleAccessDS, showHeaders \u003d True, localized \u003d False)\n\tsystem.perspective.download(\u0027Users \u0026 Roles Access to Documents \u0027 + str(system.date.now()) + \u0027.csv\u0027, exportDS)"
                  },
                  "scope": "G",
                  "type": "script"
                }
              }
            },
            "meta": {
              "name": "ExportUserRoleButton"
            },
            "position": {
              "basis": "100%"
            },
            "props": {
              "params": {
                "BackgroundColor": "value",
                "Enabled": true,
                "Hover": true,
                "IconPath": "",
                "IsSelectable": false,
                "Label": "Export Users/Roles Access",
                "Selected": true,
                "Size": "value",
                "Type": "value"
              },
              "path": "GlobalComponents/Buttons/Button"
            },
            "type": "ia.display.view"
          }
        ],
        "meta": {
          "name": "ExportUserRole"
        },
        "position": {
          "basis": "50%",
          "grow": 1
        },
        "props": {
          "style": {
            "classes": "Global/MarginBottom Global/MarginLeft Global/MarginRight"
          }
        },
        "type": "ia.container.flex"
      }
    ],
    "meta": {
      "name": "root"
    },
    "props": {
      "direction": "column"
    },
    "type": "ia.container.flex"
  }
}