{
  "custom": {},
  "params": {
    "Message": "Folder \u0027some folder\u0027 already exists. Please try again."
  },
  "propConfig": {
    "params.Message": {
      "paramDirection": "input",
      "persistent": true
    }
  },
  "props": {
    "defaultSize": {
      "height": 176,
      "width": 369
    }
  },
  "root": {
    "children": [
      {
        "children": [
          {
            "meta": {
              "name": "Icon"
            },
            "position": {
              "basis": "36px",
              "grow": 1
            },
            "props": {
              "path": "material/info",
              "style": {
                "classes": ""
              }
            },
            "type": "ia.display.icon"
          }
        ],
        "meta": {
          "name": "Column1"
        },
        "position": {
          "basis": "10px",
          "grow": 1
        },
        "props": {
          "style": {
            "classes": "Global/MarginBottom Global/MarginLeft Global/MarginRight"
          }
        },
        "type": "ia.container.flex"
      },
      {
        "children": [
          {
            "meta": {
              "name": "Label_1"
            },
            "position": {
              "grow": 1
            },
            "propConfig": {
              "props.text": {
                "binding": {
                  "config": {
                    "path": "view.params.Message"
                  },
                  "type": "property"
                }
              }
            },
            "props": {
              "textStyle": {
                "fontWeight": "bold",
                "textAlign": "center"
              }
            },
            "type": "ia.display.label"
          }
        ],
        "meta": {
          "name": "Column2"
        },
        "position": {
          "basis": "200px",
          "grow": 1
        },
        "props": {
          "style": {
            "classes": "Global/MarginBottom Global/MarginLeft Global/MarginRight"
          }
        },
        "type": "ia.container.flex"
      }
    ],
    "meta": {
      "name": "root"
    },
    "props": {
      "style": {
        "classes": "Global/MarginAllEmbedded"
      }
    },
    "type": "ia.container.flex"
  }
}