{
  "scope": "G",
  "documentation": "** Rev Notes **\nNL ... 01/22/2024 ... Updated binding on iFrame to avoid immediate downloading of files to avoid excess get requests",
  "version": 1,
  "restricted": false,
  "overridable": true,
  "files": [
    "view.json",
    "thumbnail.png"
  ],
  "attributes": {
    "lastModification": {
      "actor": "nleonard",
      "timestamp": "2024-04-12T17:09:55Z"
    },
    "lastModificationSignature": "2663ea07a149eb558a2d372d1af7ebcac8c0d286fe4248cfc77efe3ff3d4ed76"
  }
}