{
  "custom": {
    "CellSelection": {
      "$": [
        "ds",
        192,
        1702061442040
      ],
      "$columns": [
        {
          "data": [
            25,
            29,
            32,
            33,
            34,
            35,
            36,
            38,
            39,
            40,
            41,
            42,
            43,
            44,
            45,
            46,
            49,
            50,
            51,
            52,
            53,
            54,
            55,
            56,
            57,
            58,
            59,
            60,
            61,
            62,
            63,
            64,
            65,
            66,
            67,
            68,
            69,
            70,
            71,
            72,
            73,
            74,
            75,
            76,
            77,
            78,
            79,
            80,
            81,
            82,
            83,
            84,
            85,
            86,
            87,
            88,
            89,
            90,
            91,
            92,
            93,
            94,
            95,
            96,
            97,
            98,
            99,
            100,
            101,
            102,
            103,
            104,
            105,
            106,
            107,
            108,
            109,
            110,
            111,
            112,
            113,
            114,
            115,
            116,
            117,
            118,
            119,
            120,
            121,
            122,
            123,
            124,
            125,
            126,
            127,
            128,
            129,
            130,
            131,
            132,
            133,
            134,
            135,
            136,
            137,
            138,
            139,
            140,
            141,
            142,
            143,
            144,
            145,
            146,
            147,
            148,
            149,
            150,
            151,
            152,
            153,
            154,
            155,
            156,
            157,
            158,
            159,
            160,
            161,
            162,
            163,
            164,
            165,
            1054,
            1055,
            1056,
            1057,
            1059,
            1060,
            1063
          ],
          "name": "cellID",
          "type": "Integer"
        },
        {
          "data": [
            "Extruder",
            "Extruder",
            "Extruder",
            "Extruder",
            "Extruder",
            "Co-Extruder 1",
            "Co-Extruder 2",
            "SmartPull",
            "SuperTank 1A",
            "SuperTank 1B",
            "Saw",
            "SuperTank 2",
            "SuperTank 3",
            "Molder",
            "Stacker",
            "Wrapper",
            "Co-Extruder 1",
            "Co-Extruder 2",
            "SmartPull",
            "SuperTank 1A",
            "SuperTank 1B",
            "Saw",
            "SuperTank 2",
            "SuperTank 3",
            "Molder",
            "Stacker",
            "Wrapper",
            "Co-Extruder 1",
            "Co-Extruder 2",
            "SmartPull",
            "SuperTank 1A",
            "SmartTank 1B",
            "Saw",
            "SuperTank 2",
            "SuperTank 3",
            "Molder",
            "Stacker",
            "Wrapper",
            "Co-Extruder 1",
            "Co-Extruder 2",
            "SmartPull",
            "SuperTank 1A",
            "SuperTank 1B",
            "Saw",
            "SuperTank 2",
            "SuperTank 3",
            "Molder",
            "Stacker",
            "Wrapper",
            "Co-Extruder 1",
            "Co-Extruder 2",
            "SmartPull",
            "SuperTank 1A",
            "SuperTank 1B",
            "Saw",
            "SuperTank 2",
            "SuperTank 3",
            "Molder",
            "Stacker",
            "Wrapper",
            "Extruder",
            "Co-Extruder 1",
            "Co-Extruder 2",
            "SmartPull",
            "SuperTank 1A",
            "SuperTank 1B",
            "Saw",
            "SuperTank 2",
            "SuperTank 3",
            "Molder",
            "Stacker",
            "Wrapper",
            "Extruder",
            "Extruder",
            "Co-Extruder 1",
            "Co-Extruder 2",
            "SmartPull",
            "SuperTank 1A",
            "SuperTank 1B",
            "Saw",
            "SuperTank 2",
            "SuperTank 3",
            "Molder",
            "Extruder",
            "Co-Extruder 1",
            "Co-Extruder 2",
            "SmartPull",
            "SuperTank 1A",
            "SuperTank 1B",
            "Saw",
            "SuperTank 2",
            "SuperTank 3",
            "Co-Extruder 1",
            "Co-Extruder 2",
            "SmartPull",
            "SuperTank 1A",
            "SuperTank 1B",
            "Saw",
            "SuperTank 2",
            "SuperTank 3",
            "Molder",
            "Extruder",
            "Co-Extruder 1",
            "Co-Extruder 2",
            "SuperTank 1A",
            "SuperTank 1B",
            "Saw",
            "SuperTank 2",
            "SuperTank 3",
            "Molder",
            "Extruder",
            "Co-Extruder 1",
            "Co-Extruder 2",
            "SmartPull",
            "SuperTank 1A",
            "SuperTank 1B",
            "Saw",
            "SuperTank 2",
            "SuperTank 3",
            "Molder",
            "Extruder",
            "Co-Extruder 1",
            "Co-Extruder 2",
            "SmartPull",
            "SuperTank 1A",
            "SuperTank 1B",
            "Saw",
            "SuperTank 2",
            "SuperTank 3",
            "Molder",
            "Stacker",
            "Wrapper",
            "Extruder",
            "Capstock Feeder 1",
            "Capstock Feeder 2",
            "Capstock Feeder 1",
            "Capstock Feeder 2",
            "Capstock Feeder 1",
            "Capstock Feeder 2",
            "Alloy"
          ],
          "name": "cell",
          "type": "String"
        }
      ]
    },
    "Data": {
      "$": [
        "ds",
        192,
        1702061442040
      ],
      "$columns": [
        {
          "data": [
            31,
            36,
            41,
            42,
            43,
            44,
            45,
            46,
            47,
            48,
            49,
            50,
            51,
            52,
            53,
            54,
            55,
            56,
            57,
            58,
            59
          ],
          "name": "ID",
          "type": "Integer"
        },
        {
          "data": [
            "10153-Visual Check-1",
            "10153-Dimensional Check-1",
            "10153-Visual Check-2",
            "10153-Visual Check-3",
            "10153-Visual Check-4",
            "10153-Dimensional Check-5",
            "10153-Visual Check-6",
            "10153-Visual Check-7",
            "10153-Dimensional Check-7",
            "10153-Visual Check-8",
            "10153-Visual Check-9",
            "10153-Dimensional Check-10",
            "10162-Dimensional Check-11",
            "10159-Dimensional Check-12",
            "10159-Dimensional Check-13",
            "10159-Dimensional Check-14",
            "10159-Dimensional Check-15",
            "10153-Dimensional Check-16",
            "10154-Dimensional Check-17",
            "Change Test",
            "Change Test 2"
          ],
          "name": "Label",
          "type": "String"
        },
        {
          "data": [
            1216,
            1216,
            1216,
            1216,
            1216,
            1216,
            1216,
            1216,
            1216,
            1216,
            1216,
            1216,
            1225,
            1222,
            1222,
            1222,
            1222,
            1216,
            1217,
            1469,
            1483
          ],
          "name": "ProductCodeID",
          "type": "Integer"
        },
        {
          "data": [
            "10153",
            "10153",
            "10153",
            "10153",
            "10153",
            "10153",
            "10153",
            "10153",
            "10153",
            "10153",
            "10153",
            "10153",
            "10162",
            "10159",
            "10159",
            "10159",
            "10159",
            "10153",
            "10154",
            "10153",
            "10154"
          ],
          "name": "ProductCode",
          "type": "String"
        },
        {
          "data": [
            null,
            null,
            null,
            null,
            null,
            null,
            null,
            null,
            null,
            null,
            null,
            null,
            null,
            null,
            null,
            null,
            null,
            null,
            null,
            null,
            null
          ],
          "name": "InventoryID",
          "type": "Integer"
        },
        {
          "data": [
            null,
            null,
            null,
            null,
            null,
            null,
            null,
            null,
            null,
            null,
            null,
            null,
            null,
            null,
            null,
            null,
            null,
            null,
            null,
            null,
            null
          ],
          "name": "Inventory",
          "type": "String"
        },
        {
          "data": [
            null,
            null,
            null,
            null,
            null,
            null,
            null,
            null,
            null,
            null,
            null,
            null,
            null,
            null,
            null,
            null,
            null,
            null,
            null,
            null,
            null
          ],
          "name": "InventoryLocation",
          "type": "String"
        },
        {
          "data": [
            1696534648203,
            1696535109663,
            1696536041736,
            1696536052060,
            1696536099930,
            1696593983336,
            1696594974553,
            1696599806993,
            1696599810673,
            1696613711313,
            1696858387023,
            1696858866290,
            1697649309450,
            1697655448300,
            1697655714056,
            1697655771743,
            1697655856540,
            1697656122246,
            1701875803613,
            1701876623866,
            1701876649780
          ],
          "name": "CreationTime",
          "type": "Date"
        },
        {
          "data": [
            null,
            null,
            null,
            null,
            null,
            null,
            null,
            null,
            null,
            null,
            null,
            null,
            null,
            null,
            null,
            null,
            null,
            null,
            null,
            null,
            null
          ],
          "name": "AccumulatorID",
          "type": "Integer"
        },
        {
          "data": [
            null,
            null,
            null,
            null,
            null,
            null,
            null,
            null,
            null,
            null,
            null,
            null,
            null,
            null,
            null,
            null,
            null,
            null,
            null,
            null,
            null
          ],
          "name": "Accumulator",
          "type": "String"
        },
        {
          "data": [
            null,
            null,
            null,
            null,
            null,
            null,
            null,
            null,
            null,
            null,
            null,
            null,
            null,
            null,
            null,
            null,
            null,
            null,
            null,
            null,
            null
          ],
          "name": "WorkOrder",
          "type": "String"
        }
      ]
    },
    "InputLabel": "",
    "InputProductCode": 0,
    "ProductCodes": "value",
    "Schedules": "value",
    "SelectedSite": 9
  },
  "params": {},
  "propConfig": {
    "custom.CellSelection": {
      "binding": {
        "config": {
          "path": "view.custom.SelectedSite"
        },
        "transforms": [
          {
            "code": "\tSiteID \u003d value\n\tquery \u003d\\\n\t\"\"\"\n\tselect cellID,cell from config.vw_productionmodel\n\twhere siteID \u003d \"\"\"+str(SiteID)+\"\"\"\n\t\"\"\"\n\treturn system.db.runQuery(query)",
            "type": "script"
          }
        ],
        "type": "property"
      },
      "persistent": true
    },
    "custom.Data": {
      "binding": {
        "config": {
          "expression": "runscript(\u0027mes.trace.sp.getParts\u0027, 0)"
        },
        "type": "expr"
      },
      "persistent": true
    },
    "custom.InputLabel": {
      "binding": {
        "config": {
          "path": "/root/Table/SelectedItems/TextField.props.text"
        },
        "type": "property"
      },
      "persistent": true
    },
    "custom.InputProductCode": {
      "binding": {
        "config": {
          "path": "/root/Table/SelectedItems/ProductCodeDropdown.props.value"
        },
        "type": "property"
      },
      "persistent": true
    },
    "custom.ProductCodes": {
      "persistent": true
    },
    "custom.Schedules": {
      "persistent": true
    },
    "custom.SelectedSite": {
      "binding": {
        "config": {
          "path": "session.custom.SelectedSite"
        },
        "type": "property"
      },
      "persistent": true
    }
  },
  "props": {
    "defaultSize": {
      "height": 1015,
      "width": 1397
    }
  },
  "root": {
    "children": [
      {
        "children": [
          {
            "children": [
              {
                "events": {
                  "component": {
                    "onActionPerformed": {
                      "config": {
                        "script": "\tstate \u003d self.props.selected\n\tif state:\n\t\tself.getSibling(\"StartDate\").props.enabled \u003d False\n\t\tself.getSibling(\"EndDate\").props.enabled \u003d False\n\t\tself.view.custom.Date.Enabled \u003d False\n\telse:\n\t\tself.getSibling(\"StartDate\").props.enabled \u003d True\n\t\tself.getSibling(\"EndDate\").props.enabled \u003d True\n\t\tself.view.custom.Date.Enabled \u003d True"
                      },
                      "scope": "G",
                      "type": "script"
                    }
                  }
                },
                "meta": {
                  "name": "DateCheckbox"
                },
                "position": {
                  "basis": "119px",
                  "display": false
                },
                "props": {
                  "style": {
                    "classes": "Global/MarginBottom Global/MarginLeft "
                  },
                  "text": "Disable Date Filter"
                },
                "type": "ia.input.checkbox"
              },
              {
                "meta": {
                  "name": "Selected Case"
                },
                "position": {
                  "basis": "57px"
                },
                "props": {
                  "alignVertical": "top",
                  "style": {
                    "classes": "Text/Heading"
                  },
                  "text": "New Label",
                  "textStyle": {
                    "color": "--callToAction",
                    "textAlign": "center"
                  }
                },
                "type": "ia.display.label"
              },
              {
                "meta": {
                  "name": "TestType_0"
                },
                "props": {
                  "style": {
                    "classes": "Global/MarginBottom Global/MarginLeft TextFields/Root TextFields/TextTitle"
                  },
                  "text": "Label:",
                  "textStyle": {
                    "classes": "TextFields/TextTitle",
                    "textAlign": "left"
                  }
                },
                "type": "ia.display.label"
              },
              {
                "meta": {
                  "name": "TextField"
                },
                "position": {
                  "basis": "32px"
                },
                "props": {
                  "placeholder": "Enter Label....",
                  "style": {
                    "classes": "TextFields/Dropdown",
                    "marginBottom": "10px",
                    "marginTop": "10px",
                    "overflow": "hidden"
                  }
                },
                "type": "ia.input.text-field"
              },
              {
                "meta": {
                  "name": "ProductCodeLabel"
                },
                "props": {
                  "style": {
                    "classes": "Global/MarginBottom Global/MarginLeft TextFields/Root TextFields/TextTitle"
                  },
                  "text": "Product Code",
                  "textStyle": {
                    "classes": "TextFields/TextTitle",
                    "textAlign": "left"
                  }
                },
                "type": "ia.display.label"
              },
              {
                "custom": {
                  "selectedCode": "Select..."
                },
                "meta": {
                  "name": "ProductCodeDropdown"
                },
                "position": {
                  "basis": "42px"
                },
                "propConfig": {
                  "props.options": {
                    "binding": {
                      "config": {
                        "expression": "runScript(\"mes.config.sp.getProductCodes\", 0)"
                      },
                      "type": "expr"
                    }
                  }
                },
                "props": {
                  "placeholder": {
                    "icon": {
                      "path": "material/search"
                    },
                    "text": ""
                  },
                  "style": {
                    "classes": "TextFields/Dropdown",
                    "marginBottom": "10px",
                    "marginTop": "10px",
                    "overflow": "hidden"
                  },
                  "value": 0
                },
                "type": "ia.input.dropdown"
              },
              {
                "events": {
                  "component": {
                    "onActionPerformed": {
                      "config": {
                        "script": "\n\tLabel \u003d self.view.custom.InputLabel\n\tProductCode \u003d self.view.custom.InputProductCode\n\t\n\t\n\tif len(Label) \u003e 0 and ProductCode \u003e 0:\n\t\ttry:\n\t\t\tlogger \u003d system.util.getLogger(\u0027tat.stp_insertAndGetNewPart\u0027)\n\t\t\t# Check if parameters are empty and raise exceptions if they are\n\t\t\tif ProductCode \u003c 0:\n\t\t\t\traise Exception(\u0027Label management invalid inputs\u0027)\n\t\t\t    \n\t\t\tif ProductCode \u003e 0:\n\t\t\t\tres \u003d mes.trace.sp.insertAndGetNewPart(ProductCode, None, Label, None)\n\t\t\t\tsystem.perspective.print(res)\n\t\t\t\tsystem.perspective.print(\"sending data\")\n\t\t\t\tself.getSibling(\"TextField\").props.text \u003d \u0027\u0027\n\t\t\t\tself.getSibling(\"ProductCodeDropdown\").props.value \u003d 0\n\n\t\t\tmessageType \u003d \u0027refreshLabelTable\u0027\n\t\t\tpayload \u003d {}\n\t\t\tsystem.perspective.sendMessage(messageType, payload, scope \u003d \u0027session\u0027)\n\t\texcept Exception as e:\n\t\t\tmsg \u003d \u0027There was an error: \u0027 + str(e)\n\t\t\tlogger.warn(msg)\n\t\t\traise e\n\telse:\n\t\terrorParams \u003d {\"ModalName\": \"ErrorModal\",\"ErrorMessage\": \u0027Please enter a valid Label Name and select a Product Code before saving.\u0027,}\n\t\tsystem.perspective.openPopup(\"ErrorModal\", \"GlobalComponents/Modals/ErrorModal\", errorParams)"
                      },
                      "scope": "G",
                      "type": "script"
                    }
                  }
                },
                "meta": {
                  "name": "Approve"
                },
                "position": {
                  "basis": "42px"
                },
                "props": {
                  "style": {
                    "classes": "Buttons/ButtonStyle Global/MarginAll"
                  },
                  "text": "Save Changes:"
                },
                "type": "ia.input.button"
              },
              {
                "events": {
                  "component": {
                    "onActionPerformed": {
                      "config": {
                        "script": "\tself.getSibling(\"TextField\").props.text \u003d \u0027\u0027\n\tself.getSibling(\"ProductCodeDropdown\").props.value \u003d 0"
                      },
                      "scope": "G",
                      "type": "script"
                    }
                  }
                },
                "meta": {
                  "name": "Approve_0"
                },
                "position": {
                  "basis": "42px"
                },
                "props": {
                  "style": {
                    "classes": "Buttons/ButtonStyle Global/MarginAll"
                  },
                  "text": "Cancel:"
                },
                "type": "ia.input.button"
              }
            ],
            "custom": {
              "edit": 1
            },
            "meta": {
              "name": "SelectedItems"
            },
            "position": {
              "basis": "300px"
            },
            "props": {
              "direction": "column",
              "style": {
                "classes": "Global/MarginAll"
              }
            },
            "type": "ia.container.flex"
          },
          {
            "events": {
              "component": {
                "onRowDoubleClick": {
                  "config": {
                    "script": "\tLabel \u003d self.props.selection.data[0].Label\n\tsystem.perspective.navigate(\u0027/trackandtrace/history/\u0027+str(Label))"
                  },
                  "scope": "G",
                  "type": "script"
                }
              }
            },
            "meta": {
              "name": "Table"
            },
            "position": {
              "grow": 1
            },
            "propConfig": {
              "props.data": {
                "binding": {
                  "config": {
                    "path": "view.custom.Data"
                  },
                  "type": "property"
                }
              }
            },
            "props": {
              "columns": [
                {
                  "align": "center",
                  "boolean": "checkbox",
                  "dateFormat": "MM/DD/YYYY",
                  "editable": false,
                  "field": "ID",
                  "footer": {
                    "align": "center",
                    "justify": "left",
                    "style": {
                      "classes": ""
                    },
                    "title": ""
                  },
                  "header": {
                    "align": "center",
                    "justify": "left",
                    "style": {
                      "classes": ""
                    },
                    "title": ""
                  },
                  "justify": "auto",
                  "number": "value",
                  "numberFormat": "0,0.##",
                  "progressBar": {
                    "bar": {
                      "color": "",
                      "style": {
                        "classes": ""
                      }
                    },
                    "max": 100,
                    "min": 0,
                    "track": {
                      "color": "",
                      "style": {
                        "classes": ""
                      }
                    },
                    "value": {
                      "enabled": true,
                      "format": "0,0.##",
                      "justify": "center",
                      "style": {
                        "classes": ""
                      }
                    }
                  },
                  "render": "auto",
                  "resizable": true,
                  "sort": "none",
                  "sortable": true,
                  "strictWidth": false,
                  "style": {
                    "classes": ""
                  },
                  "toggleSwitch": {
                    "color": {
                      "selected": "",
                      "unselected": ""
                    }
                  },
                  "viewParams": {},
                  "viewPath": "",
                  "visible": false,
                  "width": ""
                },
                {
                  "align": "center",
                  "boolean": "checkbox",
                  "dateFormat": "MM/DD/YYYY",
                  "editable": false,
                  "field": "Label",
                  "footer": {
                    "align": "center",
                    "justify": "left",
                    "style": {
                      "classes": ""
                    },
                    "title": ""
                  },
                  "header": {
                    "align": "center",
                    "justify": "left",
                    "style": {
                      "classes": ""
                    },
                    "title": ""
                  },
                  "justify": "auto",
                  "number": "value",
                  "numberFormat": "0,0.##",
                  "progressBar": {
                    "bar": {
                      "color": "",
                      "style": {
                        "classes": ""
                      }
                    },
                    "max": 100,
                    "min": 0,
                    "track": {
                      "color": "",
                      "style": {
                        "classes": ""
                      }
                    },
                    "value": {
                      "enabled": true,
                      "format": "0,0.##",
                      "justify": "center",
                      "style": {
                        "classes": ""
                      }
                    }
                  },
                  "render": "auto",
                  "resizable": true,
                  "sort": "none",
                  "sortable": true,
                  "strictWidth": false,
                  "style": {
                    "classes": ""
                  },
                  "toggleSwitch": {
                    "color": {
                      "selected": "",
                      "unselected": ""
                    }
                  },
                  "viewParams": {},
                  "viewPath": "",
                  "visible": true,
                  "width": ""
                },
                {
                  "align": "center",
                  "boolean": "checkbox",
                  "dateFormat": "MM/DD/YYYY",
                  "editable": false,
                  "field": "ProductCodeID",
                  "footer": {
                    "align": "center",
                    "justify": "left",
                    "style": {
                      "classes": ""
                    },
                    "title": ""
                  },
                  "header": {
                    "align": "center",
                    "justify": "left",
                    "style": {
                      "classes": ""
                    },
                    "title": ""
                  },
                  "justify": "auto",
                  "number": "value",
                  "numberFormat": "0,0.##",
                  "progressBar": {
                    "bar": {
                      "color": "",
                      "style": {
                        "classes": ""
                      }
                    },
                    "max": 100,
                    "min": 0,
                    "track": {
                      "color": "",
                      "style": {
                        "classes": ""
                      }
                    },
                    "value": {
                      "enabled": true,
                      "format": "0,0.##",
                      "justify": "center",
                      "style": {
                        "classes": ""
                      }
                    }
                  },
                  "render": "auto",
                  "resizable": true,
                  "sort": "none",
                  "sortable": true,
                  "strictWidth": false,
                  "style": {
                    "classes": ""
                  },
                  "toggleSwitch": {
                    "color": {
                      "selected": "",
                      "unselected": ""
                    }
                  },
                  "viewParams": {},
                  "viewPath": "",
                  "visible": false,
                  "width": ""
                },
                {
                  "align": "center",
                  "boolean": "checkbox",
                  "dateFormat": "MM/DD/YYYY",
                  "editable": false,
                  "field": "ProductCode",
                  "footer": {
                    "align": "center",
                    "justify": "left",
                    "style": {
                      "classes": ""
                    },
                    "title": ""
                  },
                  "header": {
                    "align": "center",
                    "justify": "left",
                    "style": {
                      "classes": ""
                    },
                    "title": ""
                  },
                  "justify": "auto",
                  "number": "value",
                  "numberFormat": "0,0.##",
                  "progressBar": {
                    "bar": {
                      "color": "",
                      "style": {
                        "classes": ""
                      }
                    },
                    "max": 100,
                    "min": 0,
                    "track": {
                      "color": "",
                      "style": {
                        "classes": ""
                      }
                    },
                    "value": {
                      "enabled": true,
                      "format": "0,0.##",
                      "justify": "center",
                      "style": {
                        "classes": ""
                      }
                    }
                  },
                  "render": "auto",
                  "resizable": true,
                  "sort": "none",
                  "sortable": true,
                  "strictWidth": false,
                  "style": {
                    "classes": ""
                  },
                  "toggleSwitch": {
                    "color": {
                      "selected": "",
                      "unselected": ""
                    }
                  },
                  "viewParams": {},
                  "viewPath": "",
                  "visible": true,
                  "width": ""
                },
                {
                  "align": "center",
                  "boolean": "checkbox",
                  "dateFormat": "MM/DD/YYYY",
                  "editable": false,
                  "field": "InventoryID",
                  "footer": {
                    "align": "center",
                    "justify": "left",
                    "style": {
                      "classes": ""
                    },
                    "title": ""
                  },
                  "header": {
                    "align": "center",
                    "justify": "left",
                    "style": {
                      "classes": ""
                    },
                    "title": ""
                  },
                  "justify": "auto",
                  "number": "value",
                  "numberFormat": "0,0.##",
                  "progressBar": {
                    "bar": {
                      "color": "",
                      "style": {
                        "classes": ""
                      }
                    },
                    "max": 100,
                    "min": 0,
                    "track": {
                      "color": "",
                      "style": {
                        "classes": ""
                      }
                    },
                    "value": {
                      "enabled": true,
                      "format": "0,0.##",
                      "justify": "center",
                      "style": {
                        "classes": ""
                      }
                    }
                  },
                  "render": "auto",
                  "resizable": true,
                  "sort": "none",
                  "sortable": true,
                  "strictWidth": false,
                  "style": {
                    "classes": ""
                  },
                  "toggleSwitch": {
                    "color": {
                      "selected": "",
                      "unselected": ""
                    }
                  },
                  "viewParams": {},
                  "viewPath": "",
                  "visible": false,
                  "width": ""
                },
                {
                  "align": "center",
                  "boolean": "checkbox",
                  "dateFormat": "MM/DD/YYYY",
                  "editable": false,
                  "field": "ProductCodeID",
                  "footer": {
                    "align": "center",
                    "justify": "left",
                    "style": {
                      "classes": ""
                    },
                    "title": ""
                  },
                  "header": {
                    "align": "center",
                    "justify": "left",
                    "style": {
                      "classes": ""
                    },
                    "title": ""
                  },
                  "justify": "auto",
                  "number": "value",
                  "numberFormat": "0,0.##",
                  "progressBar": {
                    "bar": {
                      "color": "",
                      "style": {
                        "classes": ""
                      }
                    },
                    "max": 100,
                    "min": 0,
                    "track": {
                      "color": "",
                      "style": {
                        "classes": ""
                      }
                    },
                    "value": {
                      "enabled": true,
                      "format": "0,0.##",
                      "justify": "center",
                      "style": {
                        "classes": ""
                      }
                    }
                  },
                  "render": "auto",
                  "resizable": true,
                  "sort": "none",
                  "sortable": true,
                  "strictWidth": false,
                  "style": {
                    "classes": ""
                  },
                  "toggleSwitch": {
                    "color": {
                      "selected": "",
                      "unselected": ""
                    }
                  },
                  "viewParams": {},
                  "viewPath": "",
                  "visible": false,
                  "width": ""
                },
                {
                  "align": "center",
                  "boolean": "checkbox",
                  "dateFormat": "MM/DD/YYYY",
                  "editable": false,
                  "field": "InventoryID",
                  "footer": {
                    "align": "center",
                    "justify": "left",
                    "style": {
                      "classes": ""
                    },
                    "title": ""
                  },
                  "header": {
                    "align": "center",
                    "justify": "left",
                    "style": {
                      "classes": ""
                    },
                    "title": ""
                  },
                  "justify": "auto",
                  "number": "value",
                  "numberFormat": "0,0.##",
                  "progressBar": {
                    "bar": {
                      "color": "",
                      "style": {
                        "classes": ""
                      }
                    },
                    "max": 100,
                    "min": 0,
                    "track": {
                      "color": "",
                      "style": {
                        "classes": ""
                      }
                    },
                    "value": {
                      "enabled": true,
                      "format": "0,0.##",
                      "justify": "center",
                      "style": {
                        "classes": ""
                      }
                    }
                  },
                  "render": "auto",
                  "resizable": true,
                  "sort": "none",
                  "sortable": true,
                  "strictWidth": false,
                  "style": {
                    "classes": ""
                  },
                  "toggleSwitch": {
                    "color": {
                      "selected": "",
                      "unselected": ""
                    }
                  },
                  "viewParams": {},
                  "viewPath": "",
                  "visible": false,
                  "width": ""
                },
                {
                  "align": "center",
                  "boolean": "checkbox",
                  "dateFormat": "MM/DD/YYYY",
                  "editable": false,
                  "field": "Inventory",
                  "footer": {
                    "align": "center",
                    "justify": "left",
                    "style": {
                      "classes": ""
                    },
                    "title": ""
                  },
                  "header": {
                    "align": "center",
                    "justify": "left",
                    "style": {
                      "classes": ""
                    },
                    "title": ""
                  },
                  "justify": "auto",
                  "number": "value",
                  "numberFormat": "0,0.##",
                  "progressBar": {
                    "bar": {
                      "color": "",
                      "style": {
                        "classes": ""
                      }
                    },
                    "max": 100,
                    "min": 0,
                    "track": {
                      "color": "",
                      "style": {
                        "classes": ""
                      }
                    },
                    "value": {
                      "enabled": true,
                      "format": "0,0.##",
                      "justify": "center",
                      "style": {
                        "classes": ""
                      }
                    }
                  },
                  "render": "auto",
                  "resizable": true,
                  "sort": "none",
                  "sortable": true,
                  "strictWidth": false,
                  "style": {
                    "classes": ""
                  },
                  "toggleSwitch": {
                    "color": {
                      "selected": "",
                      "unselected": ""
                    }
                  },
                  "viewParams": {},
                  "viewPath": "",
                  "visible": true,
                  "width": ""
                },
                {
                  "align": "center",
                  "boolean": "checkbox",
                  "dateFormat": "MM/DD/YYYY",
                  "editable": false,
                  "field": "WorkOrder",
                  "footer": {
                    "align": "center",
                    "justify": "left",
                    "style": {
                      "classes": ""
                    },
                    "title": ""
                  },
                  "header": {
                    "align": "center",
                    "justify": "left",
                    "style": {
                      "classes": ""
                    },
                    "title": ""
                  },
                  "justify": "auto",
                  "number": "value",
                  "numberFormat": "0,0.##",
                  "progressBar": {
                    "bar": {
                      "color": "",
                      "style": {
                        "classes": ""
                      }
                    },
                    "max": 100,
                    "min": 0,
                    "track": {
                      "color": "",
                      "style": {
                        "classes": ""
                      }
                    },
                    "value": {
                      "enabled": true,
                      "format": "0,0.##",
                      "justify": "center",
                      "style": {
                        "classes": ""
                      }
                    }
                  },
                  "render": "auto",
                  "resizable": true,
                  "sort": "none",
                  "sortable": true,
                  "strictWidth": false,
                  "style": {
                    "classes": ""
                  },
                  "toggleSwitch": {
                    "color": {
                      "selected": "",
                      "unselected": ""
                    }
                  },
                  "viewParams": {},
                  "viewPath": "",
                  "visible": false,
                  "width": ""
                },
                {
                  "align": "center",
                  "boolean": "checkbox",
                  "dateFormat": "MM/DD/YYYY",
                  "editable": false,
                  "field": "Accumulator",
                  "footer": {
                    "align": "center",
                    "justify": "left",
                    "style": {
                      "classes": ""
                    },
                    "title": ""
                  },
                  "header": {
                    "align": "center",
                    "justify": "left",
                    "style": {
                      "classes": ""
                    },
                    "title": ""
                  },
                  "justify": "auto",
                  "number": "value",
                  "numberFormat": "0,0.##",
                  "progressBar": {
                    "bar": {
                      "color": "",
                      "style": {
                        "classes": ""
                      }
                    },
                    "max": 100,
                    "min": 0,
                    "track": {
                      "color": "",
                      "style": {
                        "classes": ""
                      }
                    },
                    "value": {
                      "enabled": true,
                      "format": "0,0.##",
                      "justify": "center",
                      "style": {
                        "classes": ""
                      }
                    }
                  },
                  "render": "auto",
                  "resizable": true,
                  "sort": "none",
                  "sortable": true,
                  "strictWidth": false,
                  "style": {
                    "classes": ""
                  },
                  "toggleSwitch": {
                    "color": {
                      "selected": "",
                      "unselected": ""
                    }
                  },
                  "viewParams": {},
                  "viewPath": "",
                  "visible": true,
                  "width": ""
                },
                {
                  "align": "center",
                  "boolean": "checkbox",
                  "dateFormat": "MM/DD/YYYY",
                  "editable": false,
                  "field": "InventoryLocation",
                  "footer": {
                    "align": "center",
                    "justify": "left",
                    "style": {
                      "classes": ""
                    },
                    "title": ""
                  },
                  "header": {
                    "align": "center",
                    "justify": "left",
                    "style": {
                      "classes": ""
                    },
                    "title": ""
                  },
                  "justify": "auto",
                  "number": "value",
                  "numberFormat": "0,0.##",
                  "progressBar": {
                    "bar": {
                      "color": "",
                      "style": {
                        "classes": ""
                      }
                    },
                    "max": 100,
                    "min": 0,
                    "track": {
                      "color": "",
                      "style": {
                        "classes": ""
                      }
                    },
                    "value": {
                      "enabled": true,
                      "format": "0,0.##",
                      "justify": "center",
                      "style": {
                        "classes": ""
                      }
                    }
                  },
                  "render": "auto",
                  "resizable": true,
                  "sort": "none",
                  "sortable": true,
                  "strictWidth": false,
                  "style": {
                    "classes": ""
                  },
                  "toggleSwitch": {
                    "color": {
                      "selected": "",
                      "unselected": ""
                    }
                  },
                  "viewParams": {},
                  "viewPath": "",
                  "visible": false,
                  "width": ""
                }
              ],
              "style": {
                "classes": "Global/MarginAll"
              }
            },
            "scripts": {
              "customMethods": [],
              "extensionFunctions": null,
              "messageHandlers": [
                {
                  "messageType": "refreshLabelTable",
                  "pageScope": true,
                  "script": "\tself.view.refreshBinding(\"custom.Data\")\n\tself.refreshBinding(\"props.data\")\n\t\t",
                  "sessionScope": true,
                  "viewScope": true
                }
              ]
            },
            "type": "ia.display.table"
          }
        ],
        "meta": {
          "name": "Table"
        },
        "position": {
          "grow": 1
        },
        "type": "ia.container.flex"
      }
    ],
    "meta": {
      "name": "root"
    },
    "props": {
      "direction": "column",
      "style": {
        "overflow": "hidden"
      }
    },
    "type": "ia.container.flex"
  }
}