{
  "custom": {
    "DeleteLabel": "Are you sure you wish to delete ?",
    "Name": "",
    "UserRoleDataset": {
      "$": [
        "ds",
        192,
        1710438753482
      ],
      "$columns": [
        {
          "data": [],
          "name": "ID",
          "type": "Integer"
        },
        {
          "data": [],
          "name": "Role",
          "type": "String"
        },
        {
          "data": [],
          "name": "ViewAccess",
          "type": "Boolean"
        },
        {
          "data": [],
          "name": "AddUpdateAccess",
          "type": "Boolean"
        },
        {
          "data": [],
          "name": "DeleteAccess",
          "type": "Boolean"
        },
        {
          "data": [],
          "name": "Reviewer",
          "type": "Boolean"
        },
        {
          "data": [],
          "name": "RowUpdated",
          "type": "Date"
        }
      ]
    }
  },
  "params": {
    "UserRoleID": "",
    "isUser": false
  },
  "propConfig": {
    "custom.DeleteLabel": {
      "binding": {
        "config": {
          "expression": "\"Are you sure you wish to delete \" + toStr({view.custom.Name}) + \"?\""
        },
        "type": "expr"
      },
      "persistent": true
    },
    "custom.Name": {
      "persistent": true
    },
    "custom.UserRoleDataset": {
      "binding": {
        "config": {
          "expression": "if({view.params.isUser},\r\n\trunScript(\u0027mes.documentManagement.sp.getUsersAccess\u0027, 0, {view.params.UserRoleID}, NULL, NULL, NULL, NULL, NULL),\r\n\trunScript(\u0027mes.documentManagement.sp.getRolesAccess\u0027, 0, {view.params.UserRoleID}, NULL, NULL, NULL, NULL, NULL)\r\n)"
        },
        "transforms": [
          {
            "code": "\t################################\n\t##########REV NOTES#############\n\t# Description\n\t# Script to set initial value from getter calls of user or roles\n\t#\n\t# Initials ... Date ... Change #\n\t# NL ... 02/26/2024 ... Initial Creation\n\tisUser \u003d self.params.isUser\n\tif value not in [None, \u0027\u0027]:\n\t\tif value.getRowCount() \u003e 0:\n\t\t\tif isUser:\n\t\t\t\tname \u003d value.getValueAt(0, \u0027Username\u0027)\n\t\t\telse:\n\t\t\t\tname \u003d value.getValueAt(0, \u0027Role\u0027)\n\t\t\tself.custom.Name \u003d name\n\t\treturn value\n\telse:\n\t\treturn None",
            "type": "script"
          }
        ],
        "type": "expr"
      },
      "persistent": true
    },
    "params.UserRoleID": {
      "paramDirection": "input",
      "persistent": true
    },
    "params.isUser": {
      "paramDirection": "input",
      "persistent": true
    }
  },
  "props": {
    "defaultSize": {
      "height": 134,
      "width": 348
    }
  },
  "root": {
    "children": [
      {
        "children": [
          {
            "meta": {
              "name": "Label"
            },
            "position": {
              "basis": "61px",
              "grow": 1
            },
            "propConfig": {
              "props.text": {
                "binding": {
                  "config": {
                    "path": "view.custom.DeleteLabel"
                  },
                  "type": "property"
                }
              }
            },
            "props": {
              "textStyle": {
                "fontWeight": "bold",
                "text-align": "center"
              }
            },
            "type": "ia.display.label"
          }
        ],
        "meta": {
          "name": "Row1"
        },
        "position": {
          "basis": "100px"
        },
        "props": {
          "style": {
            "classes": "Global/MarginBottom Global/MarginLeft Global/MarginRight"
          }
        },
        "type": "ia.container.flex"
      },
      {
        "children": [
          {
            "children": [
              {
                "events": {
                  "dom": {
                    "onClick": {
                      "config": {
                        "script": "\t################################\n\t##########REV NOTES#############\n\t# Description\n\t# Script to delete user or role\n\t#\n\t# Initials ... Date ... Change #\n\t# NL ... 02/26/2024 ... Initial Creation\n\tuserRoleID \u003d self.view.params.UserRoleID\n\tisUser \u003d self.view.params.isUser\n\trolesUsersDocumentsLinkIDList \u003d []\n\t\n\tif isUser:\n\t\tuserLinkedDS \u003d mes.documentManagement.sp.getRolesUsersDocumentsLink(1, 1, userRoleID)\n\t\t\n\t\tfor row in range(userLinkedDS.getRowCount()):\n\t\t\troleUserDocumentsLinkID \u003d userLinkedDS.getValueAt(row, \u0027RolesUsersDocumentsLinkID\u0027)\n\t\t\tif roleUserDocumentsLinkID not in rolesUsersDocumentsLinkIDList:\n\t\t\t\trolesUsersDocumentsLinkIDList.append(roleUserDocumentsLinkID)\n\t\t\n\t\tfor index in rolesUsersDocumentsLinkIDList:\n\t\t\tmes.documentManagement.sp.deleteRolesUsersDocumentsLink(index)\n\t\t\t\n\t\tmes.documentManagement.sp.deleteUsersAccess(userRoleID)\n\telse:\n\t\troleLinkedDS \u003d mes.documentManagement.sp.getRolesUsersDocumentsLink(0, 1, userRoleID)\n\t\t\n\t\tfor row in range(roleLinkedDS.getRowCount()):\n\t\t\troleUserDocumentsLinkID \u003d roleLinkedDS.getValueAt(row, \u0027RolesUsersDocumentsLinkID\u0027)\n\t\t\tif roleUserDocumentsLinkID not in rolesUsersDocumentsLinkIDList:\n\t\t\t\trolesUsersDocumentsLinkIDList.append(roleUserDocumentsLinkID)\n\t\t\n\t\tfor index in rolesUsersDocumentsLinkIDList:\n\t\t\tmes.documentManagement.sp.deleteRolesUsersDocumentsLink(index)\n\t\t\t\n\t\tmes.documentManagement.sp.deleteRolesAccess(userRoleID)\n\t\t\n\tsystem.perspective.closePopup(\u0027\u0027)\n\tsystem.perspective.sendMessage(messageType\u003d\"refreshUserRolesTable\")"
                      },
                      "scope": "G",
                      "type": "script"
                    }
                  }
                },
                "meta": {
                  "name": "ConfirmButton"
                },
                "position": {
                  "basis": "320px"
                },
                "props": {
                  "params": {
                    "BackgroundColor": "value",
                    "Enabled": true,
                    "Hover": true,
                    "IconPath": "material/check",
                    "IsSelectable": false,
                    "Label": "Yes",
                    "Selected": true,
                    "Size": "value",
                    "Type": "value"
                  },
                  "path": "GlobalComponents/Buttons/Button"
                },
                "type": "ia.display.view"
              }
            ],
            "meta": {
              "name": "Confirm"
            },
            "position": {
              "basis": "50%",
              "grow": 1
            },
            "props": {
              "style": {
                "classes": "Global/MarginRight"
              }
            },
            "type": "ia.container.flex"
          },
          {
            "children": [
              {
                "events": {
                  "dom": {
                    "onClick": {
                      "config": {
                        "script": "\tsystem.perspective.closePopup(\u0027\u0027)"
                      },
                      "scope": "G",
                      "type": "script"
                    }
                  }
                },
                "meta": {
                  "name": "CancelButton"
                },
                "position": {
                  "basis": "320px"
                },
                "props": {
                  "params": {
                    "BackgroundColor": "value",
                    "Enabled": true,
                    "Hover": true,
                    "IconPath": "material/close",
                    "IsSelectable": false,
                    "Label": "No",
                    "Selected": true,
                    "Size": "value",
                    "Type": "value"
                  },
                  "path": "GlobalComponents/Buttons/Button"
                },
                "type": "ia.display.view"
              }
            ],
            "meta": {
              "name": "Cancel"
            },
            "position": {
              "basis": "50%",
              "grow": 1
            },
            "type": "ia.container.flex"
          }
        ],
        "meta": {
          "name": "Row2"
        },
        "position": {
          "basis": "80px"
        },
        "props": {
          "justify": "space-around",
          "style": {
            "classes": "Global/MarginBottom Global/MarginLeft Global/MarginRight"
          }
        },
        "type": "ia.container.flex"
      }
    ],
    "meta": {
      "name": "root"
    },
    "props": {
      "direction": "column",
      "justify": "space-evenly",
      "style": {
        "classes": "Global/MarginAllEmbedded"
      }
    },
    "type": "ia.container.flex"
  }
}