{
  "custom": {},
  "params": {},
  "permissions": {
    "securityLevels": [
      {
        "children": [
          {
            "children": [
              {
                "children": [],
                "name": "Administrator"
              },
              {
                "children": [],
                "name": "Manager"
              }
            ],
            "name": "Roles"
          }
        ],
        "name": "Authenticated"
      }
    ],
    "type": "AnyOf"
  },
  "props": {},
  "root": {
    "meta": {
      "name": "root"
    },
    "props": {
      "direction": "column"
    },
    "type": "ia.container.flex"
  }
}