{
  "custom": {},
  "events": {
    "system": {
      "onStartup": {
        "config": {
          "anchor": "fixed",
          "autoBreakpoint": 480,
          "content": "push",
          "display": "visible",
          "handle": "hide",
          "handleIcon": "",
          "id": "Header",
          "modal": false,
          "resizable": false,
          "size": 50,
          "view": "GlobalComponents/Navigation/Header",
          "viewParams": {
            "Title": "Inventory View",
            "showEmbedded": false,
            "viewPath": ""
          }
        },
        "scope": "C",
        "type": "alter-dock"
      }
    }
  },
  "params": {},
  "permissions": {
    "securityLevels": [
      {
        "children": [
          {
            "children": [
              {
                "children": [],
                "name": "Administrator"
              },
              {
                "children": [],
                "name": "Manager"
              }
            ],
            "name": "Roles"
          }
        ],
        "name": "Authenticated"
      }
    ],
    "type": "AnyOf"
  },
  "props": {
    "defaultSize": {
      "width": 1061
    }
  },
  "root": {
    "children": [
      {
        "children": [
          {
            "meta": {
              "name": "EmbeddedView"
            },
            "position": {
              "grow": 1
            },
            "props": {
              "params": {
                "pageName": "Inventory View",
                "viewPath": "value"
              },
              "path": "StyleGuide/Navigation/Embedded/TopBarName"
            },
            "type": "ia.display.view"
          }
        ],
        "meta": {
          "name": "Title"
        },
        "position": {
          "basis": "50px",
          "display": false
        },
        "type": "ia.container.flex"
      },
      {
        "meta": {
          "name": "EmbeddedView"
        },
        "position": {
          "basis": "320px",
          "grow": 1
        },
        "props": {
          "params": {
            "SiteId": "value"
          },
          "path": "App/TrackAndTrace/Inventory/Embedded/InventoryCard"
        },
        "type": "ia.display.view"
      }
    ],
    "meta": {
      "name": "root"
    },
    "props": {
      "direction": "column"
    },
    "type": "ia.container.flex"
  }
}