{
  "scope": "G",
  "documentation": "** Rev Notes **\nNL ... 01/22/2024 ... Initial Creation\nNL ... 02/28/2024 ... Added AddUpdateAccess, DeleteAccess, Roles, Username, and ViewAccess params to control which functionalities are available for users",
  "version": 1,
  "restricted": false,
  "overridable": true,
  "files": [
    "view.json",
    "thumbnail.png"
  ],
  "attributes": {
    "lastModification": {
      "actor": "nleonard",
      "timestamp": "2024-04-12T21:01:43Z"
    },
    "lastModificationSignature": "8771909a49ad165a3e0e38fe5efc42b2f47047e6b46a7fa9813fed0148ff3cf5"
  }
}