{
  "custom": {
    "Statuses": [
      {
        "label": "Draft",
        "value": "Draft"
      },
      {
        "label": "In Review",
        "value": "In Review"
      },
      {
        "label": "Approved",
        "value": "Approved"
      }
    ]
  },
  "events": {
    "system": {
      "onStartup": {
        "config": {
          "script": "\tself.getChild(\"root\").getChild(\"Row13\").getChild(\"Statuses\").props.value \u003d \u0027Approved\u0027"
        },
        "scope": "G",
        "type": "script"
      }
    }
  },
  "params": {
    "AddUpdateAccess": true,
    "DeleteAccess": true,
    "Roles": "Administrator,Developer",
    "Username": "",
    "ViewAccess": true
  },
  "propConfig": {
    "custom.Statuses": {
      "binding": {
        "config": {
          "parameters": {
            "status": "NULL"
          },
          "queryPath": "app/DocumentManagement/documents/getDocumentStatus",
          "returnFormat": "dataset"
        },
        "transforms": [
          {
            "code": "\tjsonValue \u003d gpa.data.datasetToJson(value)\n\tfor row in jsonValue:\n\t\tmyDict \u003d row\n\t\toldKey \u003d \u0027Status\u0027\n\t\tnewKey \u003d \u0027value\u0027\n\t\t# Iterate through the dictionary keys\n\t\tfor key in list(myDict.keys()):\n\t\t    # Check if the current key\u0027s text value matches the old text\n\t\t    if key \u003d\u003d oldKey:\n\t\t        # Update the key with the new text value\n\t\t        myDict[newKey] \u003d myDict.pop(key)\n\t\t        myDict.pop(\u0027ID\u0027)\n\t\t        keyValue \u003d myDict[newKey]\n\t\t        #Adding label key for dropdown\n\t\t        myDict[\u0027label\u0027] \u003d keyValue\n\treturn jsonValue",
            "type": "script"
          }
        ],
        "type": "query"
      },
      "persistent": true
    },
    "params.AddUpdateAccess": {
      "paramDirection": "input",
      "persistent": true
    },
    "params.DeleteAccess": {
      "paramDirection": "input",
      "persistent": true
    },
    "params.Roles": {
      "paramDirection": "input",
      "persistent": true
    },
    "params.Username": {
      "paramDirection": "input",
      "persistent": true
    },
    "params.ViewAccess": {
      "paramDirection": "input",
      "persistent": true
    }
  },
  "props": {
    "defaultSize": {
      "width": 260
    }
  },
  "root": {
    "children": [
      {
        "children": [
          {
            "meta": {
              "name": "Icon"
            },
            "position": {
              "basis": "20px",
              "shrink": 0
            },
            "props": {
              "path": "material/folder",
              "style": {
                "classes": "Global/MarginRight"
              }
            },
            "type": "ia.display.icon"
          },
          {
            "meta": {
              "name": "Label"
            },
            "position": {
              "grow": 1
            },
            "props": {
              "style": {
                "classes": "Text/NormalText",
                "fontWeight": "bold"
              },
              "text": "Folders"
            },
            "type": "ia.display.label"
          },
          {
            "events": {
              "dom": {
                "onClick": {
                  "config": {
                    "draggable": true,
                    "id": "folder-create",
                    "modal": true,
                    "overlayDismiss": true,
                    "resizable": true,
                    "showCloseIcon": true,
                    "title": "Create Folder",
                    "type": "open",
                    "viewPath": "App/DocumentManager/DocumentManagement/Embedded/Popups/CreateFolder",
                    "viewportBound": false
                  },
                  "scope": "C",
                  "type": "popup"
                }
              }
            },
            "meta": {
              "name": "Icon_0"
            },
            "position": {
              "basis": "20px",
              "shrink": 0
            },
            "propConfig": {
              "meta.visible": {
                "binding": {
                  "config": {
                    "path": "view.params.AddUpdateAccess"
                  },
                  "type": "property"
                }
              }
            },
            "props": {
              "path": "material/add",
              "style": {
                "classes": "Global/MarginRight",
                "cursor": "pointer"
              }
            },
            "type": "ia.display.icon"
          },
          {
            "events": {
              "dom": {
                "onClick": {
                  "config": {
                    "script": "\tgpa.frontEnd.documentManagement.deleteFolder(self)"
                  },
                  "scope": "G",
                  "type": "script"
                }
              }
            },
            "meta": {
              "name": "Icon_1"
            },
            "position": {
              "basis": "20px",
              "shrink": 0
            },
            "propConfig": {
              "meta.visible": {
                "binding": {
                  "config": {
                    "path": "view.params.DeleteAccess"
                  },
                  "type": "property"
                }
              }
            },
            "props": {
              "path": "material/remove",
              "style": {
                "classes": "Global/MarginAllRight",
                "cursor": "pointer"
              }
            },
            "type": "ia.display.icon"
          }
        ],
        "meta": {
          "name": "Row1"
        },
        "position": {
          "basis": "30px",
          "shrink": 0
        },
        "props": {
          "style": {
            "classes": "Global/MarginBottom Global..."
          }
        },
        "type": "ia.container.flex"
      },
      {
        "children": [
          {
            "meta": {
              "name": "EmbeddedView"
            },
            "position": {
              "grow": 1
            },
            "propConfig": {
              "props.params.AddUpdateAccess": {
                "binding": {
                  "config": {
                    "path": "view.params.AddUpdateAccess"
                  },
                  "type": "property"
                }
              },
              "props.params.DeleteAccess": {
                "binding": {
                  "config": {
                    "path": "view.params.DeleteAccess"
                  },
                  "type": "property"
                }
              },
              "props.params.Roles": {
                "binding": {
                  "config": {
                    "path": "view.params.Roles"
                  },
                  "type": "property"
                }
              },
              "props.params.Username": {
                "binding": {
                  "config": {
                    "path": "view.params.Username"
                  },
                  "type": "property"
                }
              },
              "props.params.ViewAccess": {
                "binding": {
                  "config": {
                    "path": "view.params.ViewAccess"
                  },
                  "type": "property"
                }
              }
            },
            "props": {
              "params": {
                "ID": null,
                "SelectFolder": true
              },
              "path": "App/DocumentManager/DocumentManagement/Embedded/Folders"
            },
            "type": "ia.display.view"
          }
        ],
        "meta": {
          "name": "Row2"
        },
        "position": {
          "basis": "200px"
        },
        "props": {
          "style": {
            "classes": "Global/MarginBottom Global/MarginLeft Global/MarginRight"
          }
        },
        "type": "ia.container.flex"
      },
      {
        "children": [
          {
            "meta": {
              "name": "Icon"
            },
            "position": {
              "basis": "20px",
              "shrink": 0
            },
            "props": {
              "path": "material/search",
              "style": {
                "classes": ""
              }
            },
            "type": "ia.display.icon"
          },
          {
            "meta": {
              "name": "Label"
            },
            "position": {
              "shrink": 0
            },
            "props": {
              "style": {
                "classes": "Text/NormalText",
                "fontWeight": "bold"
              },
              "text": "Search",
              "textStyle": {
                "classes": "Text/NormalText",
                "fontWeight": "bold"
              }
            },
            "type": "ia.display.label"
          }
        ],
        "meta": {
          "name": "Row3"
        },
        "position": {
          "basis": "30px",
          "shrink": 0
        },
        "propConfig": {
          "meta.visible": {
            "binding": {
              "config": {
                "path": "view.params.ViewAccess"
              },
              "type": "property"
            }
          }
        },
        "props": {
          "style": {
            "classes": "Global/MarginBottom Global..."
          }
        },
        "type": "ia.container.flex"
      },
      {
        "children": [
          {
            "meta": {
              "name": "Search"
            },
            "position": {
              "basis": "30px",
              "grow": 1,
              "shrink": 0
            },
            "propConfig": {
              "props.text": {
                "binding": {
                  "config": {
                    "bidirectional": true,
                    "path": "session.custom.DMfilters.Search"
                  },
                  "type": "property"
                }
              }
            },
            "props": {
              "style": {
                "classes": "TextFields/TextField"
              }
            },
            "type": "ia.input.text-field"
          }
        ],
        "meta": {
          "name": "Row4"
        },
        "position": {
          "basis": "40px"
        },
        "propConfig": {
          "meta.visible": {
            "binding": {
              "config": {
                "path": "view.params.ViewAccess"
              },
              "type": "property"
            }
          }
        },
        "props": {
          "style": {
            "classes": "Global/MarginBottom Global/MarginLeft Global/MarginRight"
          }
        },
        "type": "ia.container.flex"
      },
      {
        "children": [
          {
            "meta": {
              "name": "Icon"
            },
            "position": {
              "basis": "20px",
              "shrink": 0
            },
            "props": {
              "path": "material/label",
              "style": {
                "classes": "Global/MarginRight"
              }
            },
            "type": "ia.display.icon"
          },
          {
            "meta": {
              "name": "Label"
            },
            "position": {
              "shrink": 0
            },
            "props": {
              "style": {
                "classes": "Text/NormalText",
                "fontWeight": "bold"
              },
              "text": "Tags"
            },
            "type": "ia.display.label"
          }
        ],
        "meta": {
          "name": "Row5"
        },
        "position": {
          "basis": "30px",
          "shrink": 0
        },
        "propConfig": {
          "meta.visible": {
            "binding": {
              "config": {
                "path": "view.params.ViewAccess"
              },
              "type": "property"
            }
          }
        },
        "props": {
          "style": {
            "classes": "Global/MarginBottom Global..."
          }
        },
        "type": "ia.container.flex"
      },
      {
        "children": [
          {
            "meta": {
              "name": "Tags"
            },
            "position": {
              "basis": "30px",
              "grow": 1,
              "shrink": 0
            },
            "propConfig": {
              "props.options": {
                "binding": {
                  "config": {
                    "queryPath": "app/DocumentManagement/tags/getDocumentTagsFilter",
                    "returnFormat": "json"
                  },
                  "type": "query"
                }
              },
              "props.value": {
                "binding": {
                  "config": {
                    "bidirectional": true,
                    "path": "session.custom.DMfilters.Tags"
                  },
                  "type": "property"
                }
              }
            },
            "props": {
              "dropdownOptionStyle": {
                "classes": "TextFields/TextArea"
              },
              "multiSelect": true,
              "style": {
                "classes": "TextFields/TextArea"
              }
            },
            "scripts": {
              "customMethods": [],
              "extensionFunctions": null,
              "messageHandlers": [
                {
                  "messageType": "document-refresh",
                  "pageScope": true,
                  "script": "\tself.refreshBinding(\"props.options\")",
                  "sessionScope": false,
                  "viewScope": false
                }
              ]
            },
            "type": "ia.input.dropdown"
          }
        ],
        "meta": {
          "name": "Row6"
        },
        "position": {
          "basis": "40px"
        },
        "propConfig": {
          "meta.visible": {
            "binding": {
              "config": {
                "path": "view.params.ViewAccess"
              },
              "type": "property"
            }
          }
        },
        "props": {
          "style": {
            "classes": "Global/MarginBottom Global/MarginLeft Global/MarginRight"
          }
        },
        "type": "ia.container.flex"
      },
      {
        "children": [
          {
            "meta": {
              "name": "Icon"
            },
            "position": {
              "basis": "20px",
              "shrink": 0
            },
            "props": {
              "path": "material/person",
              "style": {
                "classes": "Global/MarginRight"
              }
            },
            "type": "ia.display.icon"
          },
          {
            "meta": {
              "name": "Label"
            },
            "position": {
              "shrink": 0
            },
            "props": {
              "style": {
                "classes": "Text/NormalText",
                "fontWeight": "bold"
              },
              "text": "Users"
            },
            "type": "ia.display.label"
          }
        ],
        "meta": {
          "name": "Row7"
        },
        "position": {
          "basis": "24px",
          "shrink": 0
        },
        "propConfig": {
          "meta.visible": {
            "binding": {
              "config": {
                "path": "view.params.ViewAccess"
              },
              "type": "property"
            }
          }
        },
        "props": {
          "style": {
            "classes": "Global/MarginBottom Global..."
          }
        },
        "type": "ia.container.flex"
      },
      {
        "children": [
          {
            "meta": {
              "name": "Users"
            },
            "position": {
              "basis": "40px",
              "grow": 1,
              "shrink": 0
            },
            "propConfig": {
              "props.options": {
                "binding": {
                  "config": {
                    "queryPath": "app/DocumentManagement/users/getUsers",
                    "returnFormat": "json"
                  },
                  "type": "query"
                }
              },
              "props.value": {
                "binding": {
                  "config": {
                    "bidirectional": true,
                    "path": "session.custom.DMfilters.Users"
                  },
                  "type": "property"
                }
              }
            },
            "props": {
              "dropdownOptionStyle": {
                "classes": "TextFields/TextArea"
              },
              "multiSelect": true,
              "style": {
                "classes": "TextFields/TextArea"
              }
            },
            "scripts": {
              "customMethods": [],
              "extensionFunctions": null,
              "messageHandlers": [
                {
                  "messageType": "document-refresh",
                  "pageScope": true,
                  "script": "\tself.refreshBinding(\"props.options\")",
                  "sessionScope": false,
                  "viewScope": false
                }
              ]
            },
            "type": "ia.input.dropdown"
          }
        ],
        "meta": {
          "name": "Row8"
        },
        "position": {
          "basis": "40px"
        },
        "propConfig": {
          "meta.visible": {
            "binding": {
              "config": {
                "path": "view.params.ViewAccess"
              },
              "type": "property"
            }
          }
        },
        "props": {
          "style": {
            "classes": "Global/MarginBottom Global/MarginLeft Global/MarginRight"
          }
        },
        "type": "ia.container.flex"
      },
      {
        "children": [
          {
            "meta": {
              "name": "Icon"
            },
            "position": {
              "basis": "20px",
              "shrink": 0
            },
            "props": {
              "path": "material/date_range",
              "style": {
                "classes": "Global/MarginRight"
              }
            },
            "type": "ia.display.icon"
          },
          {
            "meta": {
              "name": "Label"
            },
            "position": {
              "grow": 1
            },
            "props": {
              "style": {
                "classes": "Text/NormalText",
                "fontWeight": "bold"
              },
              "text": "Modified"
            },
            "type": "ia.display.label"
          },
          {
            "events": {
              "dom": {
                "onClick": {
                  "config": {
                    "script": "\tself.parent.parent.getChild(\"Row10\").getChild(\"Start\").props.value \u003d None\n\tself.parent.parent.getChild(\"Row11\").getChild(\"End\").props.value \u003d None"
                  },
                  "scope": "G",
                  "type": "script"
                }
              }
            },
            "meta": {
              "name": "Icon_0"
            },
            "position": {
              "basis": "20px",
              "shrink": 0
            },
            "props": {
              "path": "material/close",
              "style": {
                "classes": "Global/MarginRight",
                "cursor": "pointer"
              }
            },
            "type": "ia.display.icon"
          }
        ],
        "meta": {
          "name": "Row9"
        },
        "position": {
          "basis": "24px",
          "shrink": 0
        },
        "propConfig": {
          "meta.visible": {
            "binding": {
              "config": {
                "path": "view.params.ViewAccess"
              },
              "type": "property"
            }
          }
        },
        "props": {
          "style": {
            "classes": "Global/MarginBottom Global..."
          }
        },
        "type": "ia.container.flex"
      },
      {
        "children": [
          {
            "meta": {
              "name": "Start"
            },
            "position": {
              "basis": "30px",
              "grow": 1,
              "shrink": 0
            },
            "propConfig": {
              "props.value": {
                "binding": {
                  "config": {
                    "bidirectional": true,
                    "path": "session.custom.DMfilters.Date.Start"
                  },
                  "type": "property"
                }
              }
            },
            "props": {
              "formattedValue": null,
              "inputProps": {
                "style": {
                  "borderBottomLeftRadius": "4px",
                  "borderBottomRightRadius": "4px",
                  "borderTopLeftRadius": "4px",
                  "borderTopRightRadius": "4px",
                  "classes": "DocumentManagement/Menu/Text"
                }
              },
              "placeholder": "Select start",
              "style": {
                "classes": "TextFields/TextArea"
              }
            },
            "type": "ia.input.date-time-input"
          }
        ],
        "meta": {
          "name": "Row10"
        },
        "position": {
          "basis": "40px"
        },
        "propConfig": {
          "meta.visible": {
            "binding": {
              "config": {
                "path": "view.params.ViewAccess"
              },
              "type": "property"
            }
          }
        },
        "props": {
          "style": {
            "classes": "Global/MarginBottom Global/MarginLeft Global/MarginRight"
          }
        },
        "type": "ia.container.flex"
      },
      {
        "children": [
          {
            "meta": {
              "name": "End"
            },
            "position": {
              "basis": "30px",
              "grow": 1,
              "shrink": 0
            },
            "propConfig": {
              "props.value": {
                "binding": {
                  "config": {
                    "bidirectional": true,
                    "path": "session.custom.DMfilters.Date.End"
                  },
                  "type": "property"
                }
              }
            },
            "props": {
              "formattedValue": null,
              "inputProps": {
                "style": {
                  "borderBottomLeftRadius": "4px",
                  "borderBottomRightRadius": "4px",
                  "borderTopLeftRadius": "4px",
                  "borderTopRightRadius": "4px",
                  "classes": "DocumentManagement/Menu/Text"
                }
              },
              "placeholder": "Select end",
              "style": {
                "classes": "TextFields/TextArea"
              }
            },
            "type": "ia.input.date-time-input"
          }
        ],
        "meta": {
          "name": "Row11"
        },
        "position": {
          "basis": "40px"
        },
        "propConfig": {
          "meta.visible": {
            "binding": {
              "config": {
                "path": "view.params.ViewAccess"
              },
              "type": "property"
            }
          }
        },
        "props": {
          "style": {
            "classes": "Global/MarginBottom Global/MarginLeft Global/MarginRight"
          }
        },
        "type": "ia.container.flex"
      },
      {
        "children": [
          {
            "meta": {
              "name": "Icon"
            },
            "position": {
              "basis": "20px",
              "shrink": 0
            },
            "props": {
              "path": "material/tour",
              "style": {
                "classes": "Global/MarginRight"
              }
            },
            "type": "ia.display.icon"
          },
          {
            "meta": {
              "name": "Label"
            },
            "position": {
              "shrink": 0
            },
            "props": {
              "style": {
                "classes": "Text/NormalText",
                "fontWeight": "bold"
              },
              "text": "Document Status"
            },
            "type": "ia.display.label"
          }
        ],
        "meta": {
          "name": "Row12"
        },
        "position": {
          "basis": "24px",
          "shrink": 0
        },
        "propConfig": {
          "meta.visible": {
            "binding": {
              "config": {
                "path": "view.params.ViewAccess"
              },
              "type": "property"
            }
          }
        },
        "props": {
          "style": {
            "classes": "Global/MarginBottom Global..."
          }
        },
        "type": "ia.container.flex"
      },
      {
        "children": [
          {
            "meta": {
              "name": "Statuses"
            },
            "position": {
              "basis": "40px",
              "grow": 1,
              "shrink": 0
            },
            "propConfig": {
              "props.options": {
                "binding": {
                  "config": {
                    "path": "view.custom.Statuses"
                  },
                  "type": "property"
                }
              },
              "props.value": {
                "binding": {
                  "config": {
                    "bidirectional": true,
                    "path": "session.custom.DMfilters.Status"
                  },
                  "type": "property"
                }
              }
            },
            "props": {
              "dropdownOptionStyle": {
                "classes": "TextFields/TextArea"
              },
              "style": {
                "classes": "TextFields/TextArea"
              }
            },
            "scripts": {
              "customMethods": [],
              "extensionFunctions": null,
              "messageHandlers": [
                {
                  "messageType": "document-refresh",
                  "pageScope": true,
                  "script": "\tself.refreshBinding(\"props.options\")",
                  "sessionScope": false,
                  "viewScope": false
                }
              ]
            },
            "type": "ia.input.dropdown"
          }
        ],
        "meta": {
          "name": "Row13"
        },
        "position": {
          "basis": "40px"
        },
        "propConfig": {
          "meta.visible": {
            "binding": {
              "config": {
                "path": "view.params.ViewAccess"
              },
              "type": "property"
            }
          }
        },
        "props": {
          "style": {
            "classes": "Global/MarginBottom Global/MarginLeft Global/MarginRight"
          }
        },
        "type": "ia.container.flex"
      }
    ],
    "meta": {
      "name": "root"
    },
    "props": {
      "direction": "column",
      "style": {
        "classes": "Global/MarginAllEmbedded"
      }
    },
    "type": "ia.container.flex"
  }
}