{
  "custom": {},
  "params": {},
  "props": {
    "defaultSize": {
      "height": 160,
      "width": 320
    }
  },
  "root": {
    "children": [
      {
        "children": [
          {
            "meta": {
              "name": "Label"
            },
            "position": {
              "grow": 1
            },
            "props": {
              "text": "Tag",
              "textStyle": {
                "fontWeight": "bold",
                "textAlign": "center"
              }
            },
            "type": "ia.display.label"
          }
        ],
        "meta": {
          "name": "Row1"
        },
        "position": {
          "basis": "200px",
          "grow": 1
        },
        "props": {
          "style": {
            "classes": "Global/MarginBottom Global/MarginLeft Global/MarginRight"
          }
        },
        "type": "ia.container.flex"
      },
      {
        "children": [
          {
            "meta": {
              "name": "Name"
            },
            "position": {
              "basis": "30px",
              "grow": 1
            },
            "props": {
              "style": {
                "classes": "TextFields/TextField"
              }
            },
            "type": "ia.input.text-field"
          }
        ],
        "meta": {
          "name": "Row2"
        },
        "position": {
          "basis": "200px",
          "grow": 1
        },
        "props": {
          "style": {
            "classes": "Global/MarginBottom Global/MarginLeft Global/MarginRight"
          }
        },
        "type": "ia.container.flex"
      },
      {
        "children": [
          {
            "events": {
              "dom": {
                "onClick": {
                  "config": {
                    "script": "\ttag \u003d self.parent.parent.getChild(\"Row2\").getChild(\"Name\").props.text\n\tgpa.frontEnd.documentManagement.createTag(self, tag)"
                  },
                  "scope": "G",
                  "type": "script"
                }
              }
            },
            "meta": {
              "name": "AddButton"
            },
            "position": {
              "basis": "320px"
            },
            "props": {
              "params": {
                "BackgroundColor": "value",
                "Enabled": true,
                "Hover": true,
                "IconPath": "material/add",
                "IsSelectable": false,
                "Label": "Add",
                "Selected": true,
                "Size": "value",
                "Type": "value"
              },
              "path": "GlobalComponents/Buttons/Button"
            },
            "type": "ia.display.view"
          }
        ],
        "meta": {
          "name": "Row3"
        },
        "position": {
          "basis": "200px",
          "grow": 1
        },
        "props": {
          "style": {
            "classes": "Global/MarginBottom Global/MarginLeft Global/MarginRight",
            "marginTop": "10px"
          }
        },
        "type": "ia.container.flex"
      }
    ],
    "meta": {
      "name": "root"
    },
    "props": {
      "direction": "column",
      "style": {
        "borderRightStyle": "none",
        "classes": "Global/MarginAllEmbedded"
      }
    },
    "type": "ia.container.flex"
  }
}